date,jugador,precio,posicionJugador,puntosJugador,equipoLiga,avgPoints,estado,variacion,jornada,detalles,equipo,ganancias,num_pujas
2025-10-29,A. ZAKHARYAN,0.205,3.0,7.0,16.0,1.8,0.0,,11.0,2.0,,,0
2025-10-29,F. UGRINIC,0.17,3.0,8.0,19.0,2.0,0.0,,11.0,2.0,,,0
2025-10-29,A. OSAMBELA,0.162,3.0,10.0,50.0,2.5,0.0,,11.0,2.0,,,0
2025-10-29,A. SAN MIGUEL,0.198,1.0,0.0,4.0,0.0,0.0,,11.0,2.0,,,0
2025-10-29,A. ITURBE,0.196,1.0,0.0,23.0,0.0,0.0,,11.0,2.0,,,0
2025-10-29,U. IZETA,0.169,4.0,5.0,1.0,1.7,0.0,,11.0,2.0,,,0
2025-10-29,P. CISS,8.26,3.0,40.0,14.0,4.0,0.0,,11.0,2.0,,,0
2025-10-29,T. ALMADA,6.749,3.0,26.0,2.0,5.2,0.0,,11.0,2.0,Maldinillo 💥,-6.77343,1
2025-10-29,A. BLANCO,5.131,3.0,37.0,48.0,4.1,0.0,,11.0,2.0,,,0
2025-10-29,T. ALEXANDER-ARNOLD,5.9,2.0,10.0,15.0,2.5,0.0,,11.0,2.0,Chamacónicos,-7.0,2
2025-10-29,K. SALAS,2.585,2.0,17.0,17.0,4.3,0.0,,11.0,2.0,,,0
2025-10-29,N. MARAŠ,0.16,2.0,0.0,48.0,0.0,0.0,,11.0,2.0,Dani,-0.16,0
2025-10-29,D. SORIA,6.065,1.0,41.0,9.0,4.1,0.0,,11.0,2.0,MuchaSalsa,-6.865,1
2025-10-29,L. JÚNIOR,4.227,1.0,29.0,20.0,4.1,0.0,,11.0,2.0,,,0
2025-10-29,D. CÁRDENAS,0.201,1.0,0.0,14.0,0.0,0.0,,11.0,2.0,,,0
2025-10-30,A. OSAMBELA,0.16,3.0,10.0,50.0,2.5,0.0,-0.002,11.0,1.0,,,0
2025-10-30,A. SILVA,7.491,4.0,47.0,23.0,5.2,0.0,0.139,11.0,1.0,Dani,-8.20886,1
2025-10-30,A. BOAYAR,0.16,4.0,1.0,23.0,1.0,0.0,,11.0,1.0,,,0
2025-10-30,Y. ASPRILLA,1.56,3.0,23.0,222.0,2.6,0.0,-0.048,11.0,1.0,,,0
2025-10-30,I. MUÑOZ,0.195,3.0,3.0,50.0,1.5,0.0,0.035,11.0,1.0,,,0
2025-10-30,F. UGRINIC,0.187,3.0,8.0,19.0,2.0,0.0,0.017,11.0,1.0,,,0
2025-10-30,L. KOUROUMA,0.167,3.0,2.0,222.0,0.7,0.0,-0.038,11.0,1.0,,,0
2025-10-30,I. AKHOMACH,0.16,3.0,12.0,20.0,2.4,0.0,-0.001,11.0,1.0,,,0
2025-10-30,P. CUBARSI,10.721,2.0,31.0,3.0,4.4,0.0,0.025,11.0,1.0,,,0
2025-10-30,P. NAVARRO,0.21,2.0,7.0,20.0,3.5,0.0,0.028,11.0,1.0,Libre,-0.21,1
2025-10-30,I. BALLIU,0.188,2.0,10.0,14.0,3.3,0.0,-0.002,11.0,1.0,,,0
2025-10-30,J. GALÁN,0.169,2.0,12.0,2.0,2.4,0.0,-0.077,11.0,1.0,De la Guettir FC,-0.3895,1
2025-10-31,F. UGRINIC,0.16,3.0,8.0,19.0,2.0,1.0,-0.027,11.0,0.5,,,0
2025-10-31,P. NAVARRO,0.181,2.0,7.0,20.0,3.5,0.0,-0.029,11.0,0.5,,,0
2025-10-31,K. GARCÍA,3.463,4.0,35.0,8.0,3.9,0.0,0.012,11.0,0.5,,,0
2025-10-31,J. MONCAYOLA,7.062,3.0,44.0,50.0,4.4,0.0,0.123,11.0,0.5,Libre,-7.21078,1
2025-10-31,L. RIOJA,5.762,3.0,35.0,19.0,3.5,0.0,-0.068,11.0,0.5,,,0
2025-10-31,B. DÍAZ,2.098,3.0,19.0,15.0,2.4,0.0,0.005,11.0,0.5,,,0
2025-10-31,P. TORRE,1.898,3.0,27.0,408.0,2.7,0.0,-0.032,11.0,0.5,Los marinero,-1.898,0
2025-10-31,N. GUDELJ,1.637,3.0,30.0,17.0,3.8,0.0,0.042,11.0,0.5,Los marinero,-1.737,3
2025-10-31,A. OSAMBELA,0.16,3.0,10.0,50.0,2.5,0.0,,11.0,0.5,,,0
2025-10-31,D. HANCKO,7.358,2.0,40.0,2.0,4.0,0.0,0.087,11.0,0.5,Dani,-7.58883,2
2025-10-31,Í. LEKUE,0.206,2.0,2.0,1.0,0.7,2.0,0.046,11.0,0.5,Chamacónicos,-0.20601,0
2025-10-31,P. LÓPEZ,5.134,1.0,33.0,4.0,4.7,0.0,-0.011,11.0,0.5,Los marinero,-5.684,1
2025-10-31,C. RIVERO,0.16,1.0,0.0,19.0,0.0,0.0,-0.032,11.0,0.5,,,0
2025-11-01,P. GARCÍA,0.56,4.0,18.0,4.0,3.0,0.0,-0.028,12.0,6.0,Los marinero,-0.58,0
2025-11-01,R. NTEKA,0.16,4.0,6.0,14.0,2.0,0.0,-0.017,12.0,6.0,,,0
2025-11-01,A. REINA,1.028,3.0,30.0,1370.0,3.3,0.0,-0.003,12.0,6.0,,,0
2025-11-01,F. UGRINIC,0.16,3.0,8.0,19.0,2.0,1.0,,12.0,6.0,,,0
2025-11-01,A. CATENA,9.862,2.0,43.0,50.0,4.3,0.0,-0.121,12.0,6.0,,,0
2025-11-01,A. LAPORTE,8.872,2.0,25.0,1.0,4.2,0.0,0.095,12.0,6.0,Maldinillo 💥,-9.072,0
2025-11-01,J. FOYTH,7.172,2.0,29.0,20.0,4.8,0.0,0.112,12.0,6.0,Maldinillo 💥,-7.572,3
2025-11-01,D. ĆALETA-CAR,3.604,2.0,25.0,16.0,3.1,0.0,-0.113,12.0,6.0,,,0
2025-11-01,M. RUBIO,0.673,2.0,22.0,8.0,5.5,0.0,-0.058,12.0,6.0,,,0
2025-11-01,M. RUGGERI,0.636,2.0,18.0,2.0,3.0,0.0,-0.052,12.0,6.0,,,0
2025-11-01,P. NAVARRO,0.168,2.0,7.0,20.0,3.5,0.0,-0.013,12.0,6.0,,,0
2025-11-01,DAVINCHI,0.16,2.0,19.0,9.0,2.7,1.0,,12.0,6.0,,,0
2025-11-02,I. WILLIAMS,6.555,4.0,22.0,1.0,2.4,1.0,-0.161,12.0,5.0,,,0
2025-11-02,D. RABA,1.599,4.0,19.0,19.0,2.4,0.0,-0.068,12.0,5.0,,,0
2025-11-02,ALEMÃO,1.388,4.0,25.0,14.0,3.1,0.0,0.022,12.0,5.0,,,0
2025-11-02,J. JIMÉNEZ,0.198,4.0,1.0,9.0,1.0,0.0,-0.002,12.0,5.0,,,0
2025-11-02,S. COSTA,4.672,3.0,31.0,408.0,3.9,0.0,0.009,12.0,5.0,,,0
2025-11-02,P. MARTÍNEZ,1.817,3.0,26.0,12.0,2.9,1.0,-0.091,12.0,5.0,,,0
2025-11-02,M. AGUADO,0.79,3.0,25.0,23.0,2.8,0.0,-0.045,12.0,5.0,,,0
2025-11-02,A. OSAMBELA,0.197,3.0,10.0,50.0,2.5,0.0,0.037,12.0,5.0,,,0
2025-11-02,D. COSTAS,0.253,2.0,16.0,1370.0,3.2,0.0,-0.009,12.0,5.0,,,0
2025-11-02,F. MENDY,0.21,2.0,0.0,15.0,0.0,0.0,0.041,12.0,5.0,,,0
2025-11-02,O. VLACHODIMOS,5.199,1.0,38.0,17.0,5.4,0.0,0.072,12.0,5.0,Chamacónicos,-6.5,3
2025-11-02,A. ITURBE,0.167,1.0,0.0,23.0,0.0,0.0,-0.014,12.0,5.0,,,0
2025-11-03,G. KOYALIPOU,0.541,4.0,22.0,12.0,3.1,0.0,0.013,12.0,4.0,Libre,-0.55325,1
2025-11-03,O. SANCET,9.917,3.0,22.0,1.0,2.4,0.0,-0.078,12.0,4.0,,,0
2025-11-03,D. CEBALLOS,2.886,3.0,26.0,15.0,3.3,0.0,-0.096,12.0,4.0,,,0
2025-11-03,J. MUÑOZ,0.207,3.0,9.0,9.0,2.3,0.0,0.047,12.0,4.0,Libre,-0.207,0
2025-11-03,J. ANDER OLASAGASTI,0.196,3.0,19.0,12.0,2.4,0.0,0.036,12.0,4.0,Chamacónicos,-0.216,0
2025-11-03,I. MUÑOZ,0.165,3.0,3.0,50.0,1.5,0.0,-0.027,12.0,4.0,,,0
2025-11-03,V. CHUST,3.43,2.0,30.0,23.0,3.8,0.0,0.015,12.0,4.0,Dani,-3.46291,0
2025-11-03,D. DJENÉ,2.766,2.0,34.0,9.0,3.1,0.0,0.04,12.0,4.0,Jotabetrbb,-3.001,2
2025-11-03,J. AIDOO,0.192,2.0,1.0,5.0,1.0,0.0,0.032,12.0,4.0,,,0
2025-11-03,L. ROMÁN,8.352,1.0,50.0,408.0,5.0,1.0,-0.211,12.0,4.0,,,0
2025-11-04,A. SØRLOTH,6.801,4.0,20.0,2.0,2.0,0.0,-0.039,12.0,3.0,,,0
2025-11-04,R. MIR,6.69,4.0,58.0,23.0,5.3,0.0,0.099,12.0,3.0,Maldinillo 💥,-7.16025,3
2025-11-04,S. ALTIMIRA,7.006,3.0,31.0,4.0,4.4,0.0,-0.163,12.0,3.0,,,0
2025-11-04,S. COSTA,4.523,3.0,34.0,408.0,3.8,0.0,-0.128,12.0,3.0,,,0
2025-11-04,J. GUERRA,3.773,3.0,33.0,19.0,3.0,0.0,-0.147,12.0,3.0,,,0
2025-11-04,A. REGO,0.939,3.0,23.0,1.0,3.8,0.0,-0.049,12.0,3.0,,,0
2025-11-04,A. OSAMBELA,0.199,3.0,10.0,50.0,2.5,0.0,0.029,12.0,3.0,,,0
2025-11-04,K. SIBO,0.17,3.0,15.0,1370.0,2.5,0.0,-0.032,12.0,3.0,,,0
2025-11-04,C. AZPILICUETA,2.229,2.0,26.0,17.0,3.7,0.0,0.069,12.0,3.0,De la Guettir FC,-2.99997,2
2025-11-04,A. RUIBAL,1.639,2.0,32.0,4.0,4.0,0.0,-0.054,12.0,3.0,,,0
2025-11-04,J. MARTIN,0.639,2.0,13.0,16.0,4.3,0.0,0.039,12.0,3.0,De la Guettir FC,-0.923005,2
2025-11-04,J. LETACEK,0.193,1.0,0.0,9.0,0.0,0.0,0.033,12.0,3.0,,,0
2025-11-04,A. SAN MIGUEL,0.16,1.0,0.0,4.0,0.0,0.0,-0.037,12.0,3.0,,,0
2025-11-05,N. PÉPÉ,15.024,4.0,64.0,20.0,5.8,0.0,0.009,12.0,2.0,De la Guettir FC,-15.48785,0
2025-11-05,RODRYGO,6.076,4.0,23.0,15.0,2.6,0.0,-0.027,12.0,2.0,,,0
2025-11-05,R. BARDGHJI,3.24,4.0,22.0,3.0,3.1,0.0,-0.054,12.0,2.0,,,0
2025-11-05,G. KOYALIPOU,0.521,4.0,22.0,12.0,3.1,0.0,-0.016,12.0,2.0,,,0
2025-11-05,L. MILLA,13.459,3.0,63.0,9.0,5.7,0.0,0.116,12.0,2.0,MuchaSalsa,-16.409,4
2025-11-05,M. MARTÍN,1.833,3.0,44.0,9.0,4.0,0.0,0.063,12.0,2.0,Maldinillo 💥,-2.015778,2
2025-11-05,P. FERNÁNDEZ,0.177,3.0,21.0,17.0,2.6,0.0,-0.019,12.0,2.0,,,0
2025-11-05,J. MUÑOZ,0.19,3.0,9.0,9.0,2.3,0.0,0.018,12.0,2.0,,,0
2025-11-05,S. CAZORLA,0.16,3.0,19.0,1370.0,2.7,3.0,,12.0,2.0,Chamacónicos,-0.166666,0
2025-11-05,Y. BERCHICHE,6.521,2.0,35.0,1.0,3.2,3.0,-0.005,12.0,2.0,,,0
2025-11-05,R. ASENCIO,2.673,2.0,22.0,15.0,3.7,0.0,-0.053,12.0,2.0,,,0
2025-11-05,J. PACHECO,1.18,2.0,22.0,48.0,3.7,1.0,-0.058,12.0,2.0,,,0
2025-11-05,M. RUGGERI,0.556,2.0,22.0,2.0,3.1,0.0,-0.001,12.0,2.0,Dani,-0.59582,1
2025-11-05,A. SAN MIGUEL,0.174,1.0,0.0,4.0,0.0,0.0,0.014,12.0,2.0,Libre,-0.17402,0
2025-11-06,A. FEBAS,9.107,3.0,49.0,23.0,4.5,0.0,0.145,12.0,1.0,Maldinillo 💥,-10.01,1
2025-11-06,T. ALMADA,7.608,3.0,37.0,2.0,6.2,0.0,0.148,12.0,1.0,Maldinillo 💥,-8.36,2
2025-11-06,J. JORDAN,0.171,3.0,0.0,17.0,0.0,3.0,,12.0,1.0,,,0
2025-11-06,A. OSAMBELA,0.16,3.0,10.0,50.0,2.5,0.0,,12.0,1.0,,,0
2025-11-06,S. GÓMEZ,6.418,2.0,38.0,16.0,3.5,0.0,0.057,12.0,1.0,,,0
2025-11-06,N. VIDAL,0.778,2.0,21.0,1370.0,2.6,0.0,0.037,12.0,1.0,De la Guettir FC,-1.175557,2
2025-11-06,U. ELGEZABAL,0.491,2.0,20.0,12.0,2.5,0.0,-0.013,12.0,1.0,,,0
2025-11-06,I. BALLIU,0.179,2.0,12.0,14.0,3.0,0.0,0.019,12.0,1.0,Libre,-0.179,0
2025-11-06,DAVINCHI,0.16,2.0,19.0,9.0,2.7,1.0,-0.017,12.0,1.0,,,0
2025-11-06,L. JÚNIOR,4.789,1.0,35.0,20.0,4.4,0.0,0.17,12.0,1.0,Maldinillo 💥,-5.17,1
2025-11-06,L. BERGSTRÖM,0.51,1.0,4.0,408.0,4.0,0.0,0.072,12.0,1.0,,,0
2025-11-07,H. DURO,6.724,4.0,34.0,19.0,3.1,0.0,-0.046,12.0,0.5,,,0
2025-11-07,R. BARDGHJI,3.098,4.0,22.0,3.0,3.1,0.0,-0.049,12.0,0.5,,,0
2025-11-07,G. KOYALIPOU,0.492,4.0,22.0,12.0,3.1,0.0,-0.012,12.0,0.5,,,0
2025-11-07,A. LISO,5.803,3.0,49.0,9.0,6.1,0.0,0.08,12.0,0.5,Maldinillo 💥,-6.14411,2
2025-11-07,PEPELU,5.246,3.0,22.0,19.0,2.4,0.0,0.064,12.0,0.5,Dani,-5.26982,1
2025-11-07,Y. ASPRILLA,1.13,3.0,23.0,222.0,2.6,0.0,-0.043,12.0,0.5,,,0
2025-11-07,P. DÍAZ,0.979,3.0,31.0,14.0,2.8,0.0,-0.004,12.0,0.5,Chamacónicos,-1.219,0
2025-11-07,C. EJUKE,0.55,3.0,18.0,17.0,2.3,0.0,0.02,12.0,0.5,Libre,-0.55,0
2025-11-07,Y. SANTIAGO,0.16,3.0,2.0,23.0,2.0,0.0,-0.026,12.0,0.5,,,0
2025-11-07,A. ELUSTONDO,0.183,2.0,4.0,16.0,1.3,0.0,0.01,12.0,0.5,,,0
2025-11-07,D. ALABA,0.16,2.0,6.0,15.0,2.0,3.0,-0.019,12.0,0.5,Chamacónicos,-0.160001,0
2025-11-07,C. RIVERO,0.183,1.0,0.0,19.0,0.0,0.0,-0.001,12.0,0.5,,,0
2025-11-07,A. SAN MIGUEL,0.16,1.0,0.0,4.0,0.0,0.0,-0.003,12.0,0.5,,,0
2025-11-08,D. RABA,1.281,4.0,19.0,19.0,2.4,0.0,-0.036,13.0,13.0,,,0
2025-11-08,G. RASPADORI,0.16,4.0,11.0,2.0,1.6,0.0,,13.0,13.0,,,0
2025-11-08,A. BAENA,15.391,3.0,33.0,2.0,5.5,0.0,0.017,13.0,13.0,De la Guettir FC,-16.899899,3
2025-11-08,C. ÁLVAREZ,7.485,3.0,50.0,12.0,4.5,0.0,0.027,13.0,13.0,De la Guettir FC,-7.889989,0
2025-11-08,L. AGOUMÉ,6.741,3.0,40.0,17.0,4.4,1.0,-0.13,13.0,13.0,,,0
2025-11-08,Y. ASPRILLA,1.089,3.0,23.0,222.0,2.6,0.0,-0.041,13.0,13.0,,,0
2025-11-08,J. MUÑOZ,0.164,3.0,9.0,9.0,2.3,0.0,-0.008,13.0,13.0,,,0
2025-11-08,L. BELTRÁN,0.16,3.0,11.0,19.0,1.4,0.0,,13.0,13.0,,,0
2025-11-08,Y. SANTIAGO,0.16,3.0,2.0,23.0,2.0,0.0,,13.0,13.0,,,0
2025-11-08,R. VEIGA,6.989,2.0,32.0,20.0,3.2,0.0,0.078,13.0,13.0,De la Guettir FC,-7.335333,1
2025-11-08,I. BALLIU,0.174,2.0,12.0,14.0,3.0,0.0,-0.003,13.0,13.0,,,0
2025-11-08,Ø. NYLAND,0.301,1.0,12.0,17.0,3.0,0.0,-0.037,13.0,13.0,,,0
2025-11-09,P. DURÁN,1.571,4.0,36.0,5.0,4.0,0.0,0.04,13.0,12.0,,,0
2025-11-09,U. IZETA,0.16,4.0,5.0,1.0,1.7,0.0,,13.0,12.0,,,0
2025-11-09,D. CEBALLOS,2.732,3.0,26.0,15.0,3.3,0.0,0.015,13.0,12.0,,,0
2025-11-09,A. SÁNCHEZ,0.16,3.0,12.0,408.0,1.5,0.0,-0.16,13.0,12.0,,,0
2025-11-09,R. ARAÚJO,9.266,2.0,48.0,3.0,5.3,0.0,0.15,13.0,12.0,Dani,-9.5402,0
2025-11-09,D. BLIND,3.837,2.0,38.0,222.0,3.2,0.0,0.001,13.0,12.0,,,0
2025-11-09,U. EGILUZ,0.16,2.0,0.0,1.0,0.0,1.0,-0.038,13.0,12.0,,,0
2025-11-09,P. ESPINO,0.16,2.0,20.0,14.0,2.9,0.0,-0.008,13.0,12.0,,,0
2025-11-09,D. CALVO,0.16,2.0,19.0,1370.0,3.2,0.0,,13.0,12.0,,,0
2025-11-09,A. SIVERA,7.83,1.0,54.0,48.0,4.5,0.0,0.055,13.0,12.0,,,0
2025-11-10,T. ASANO,0.248,4.0,23.0,408.0,3.3,0.0,-0.031,13.0,11.0,,,0
2025-11-10,E. ÁVILA,0.19,4.0,4.0,4.0,1.0,0.0,0.03,13.0,11.0,,,0
2025-11-10,M. GÓMEZ,4.819,3.0,37.0,50.0,3.7,0.0,0.131,13.0,11.0,Chamacónicos,-5.219,3
2025-11-10,B. PRADOS,0.181,3.0,4.0,1.0,2.0,1.0,0.013,13.0,11.0,,,0
2025-11-10,D. VAN DE BEEK,0.16,3.0,4.0,222.0,2.0,1.0,,13.0,11.0,,,0
2025-11-10,P. CHAVARRÍA,10.591,2.0,63.0,14.0,5.3,0.0,0.062,13.0,11.0,De la Guettir FC,-11.411211,3
2025-11-10,A. RAȚIU,6.872,2.0,48.0,14.0,4.0,0.0,0.056,13.0,11.0,Dani,-7.15424,2
2025-11-10,J. IGLESIAS,5.642,2.0,49.0,9.0,4.5,0.0,0.033,13.0,11.0,Libre,-5.642,0
2025-11-10,J. RUEDA,2.691,2.0,38.0,5.0,5.4,1.0,-0.112,13.0,11.0,,,0
2025-11-10,M. DIARRA,0.16,2.0,5.0,48.0,1.7,0.0,-0.03,13.0,11.0,,,0
2025-11-11,RODRYGO,5.726,4.0,24.0,15.0,2.4,0.0,-0.072,13.0,10.0,,,0
2025-11-11,R. BARDGHJI,2.729,4.0,22.0,3.0,3.1,0.0,-0.112,13.0,10.0,,,0
2025-11-11,J. LUIS MORALES,1.391,4.0,33.0,12.0,2.8,0.0,-0.029,13.0,10.0,,,0
2025-11-11,P. GUEYE,10.46,3.0,53.0,20.0,4.8,0.0,-0.071,13.0,10.0,,,0
2025-11-11,P. LOZANO,5.115,3.0,46.0,8.0,3.8,0.0,-0.043,13.0,10.0,,,0
2025-11-11,L. RIOJA,5.075,3.0,46.0,19.0,3.8,0.0,0.031,13.0,10.0,Los marinero,-5.325,0
2025-11-11,J. GUERRA,3.202,3.0,36.0,19.0,3.0,0.0,-0.069,13.0,10.0,,,0
2025-11-11,A. REBBACH,0.611,3.0,32.0,48.0,3.6,0.0,-0.022,13.0,10.0,,,0
2025-11-11,C. EJUKE,0.488,3.0,19.0,17.0,2.1,0.0,-0.031,13.0,10.0,,,0
2025-11-11,A. ALMEIDA,0.32,3.0,13.0,19.0,2.2,0.0,0.023,13.0,10.0,,,0
2025-11-11,Y. ENRÍQUEZ,1.692,2.0,30.0,48.0,3.3,0.0,-0.018,13.0,10.0,,,0
2025-11-11,F. CALERO,1.693,2.0,34.0,8.0,4.3,0.0,-0.064,13.0,10.0,,,0
2025-11-11,V. ROSIER,1.569,2.0,28.0,50.0,3.5,1.0,-0.081,13.0,10.0,,,0
2025-11-11,J. RODRÍGUEZ,1.108,2.0,28.0,5.0,2.8,0.0,0.005,13.0,10.0,,,0
2025-11-11,V. PARADA,0.555,2.0,22.0,48.0,2.2,0.0,-0.008,13.0,10.0,,,0
2025-11-12,G. MIKAUTADZE,9.801,4.0,33.0,20.0,4.7,3.0,-0.136,13.0,9.0,,,0
2025-11-12,R. GARCÍA DE HARO,1.066,4.0,34.0,50.0,2.8,0.0,-0.013,13.0,9.0,,,0
2025-11-12,V. TSYGANKOV,4.533,3.0,24.0,222.0,4.0,0.0,0.171,13.0,9.0,Chamacónicos,-4.893,2
2025-11-12,D. VAN DE BEEK,0.181,3.0,4.0,222.0,2.0,1.0,0.021,13.0,9.0,,,0
2025-11-12,A. OSAMBELA,0.16,3.0,10.0,50.0,2.5,0.0,-0.008,13.0,9.0,,,0
2025-11-12,Á. CARRERAS,12.263,2.0,61.0,15.0,5.1,0.0,0.095,13.0,9.0,Libre,-12.73614,1
2025-11-12,J. ARAMBURU,2.267,2.0,31.0,16.0,2.8,0.0,0.049,13.0,9.0,Libre,-2.28194,1
2025-11-12,C. LENGLET,1.262,2.0,12.0,2.0,2.4,0.0,-0.056,13.0,9.0,,,0
2025-11-12,A. ELUSTONDO,0.192,2.0,4.0,16.0,1.0,0.0,0.032,13.0,9.0,,,0
2025-11-12,DAVINCHI,0.191,2.0,19.0,9.0,2.7,1.0,-0.006,13.0,9.0,,,0
2025-11-12,I. VILLAR,0.179,1.0,0.0,5.0,0.0,0.0,-0.015,13.0,9.0,,,0
2025-11-12,A. SAN MIGUEL,0.196,1.0,0.0,4.0,0.0,0.0,0.036,13.0,9.0,,,0
2025-11-13,T. ASANO,0.186,4.0,23.0,408.0,3.3,0.0,0.026,13.0,8.0,,,0
2025-11-13,F. LÓPEZ,12.66,3.0,57.0,3.0,7.1,0.0,0.123,13.0,8.0,Maldinillo 💥,-13.86,2
2025-11-13,H. ÁLVAREZ,1.419,3.0,25.0,5.0,3.6,3.0,-0.069,13.0,8.0,,,0
2025-11-13,C. EJUKE,0.413,3.0,19.0,17.0,2.1,0.0,-0.041,13.0,8.0,,,0
2025-11-13,N. TENAGLIA,10.315,2.0,58.0,48.0,5.3,0.0,0.051,13.0,8.0,,,0
2025-11-13,Y. ENRÍQUEZ,1.677,2.0,30.0,48.0,3.3,0.0,-0.011,13.0,8.0,,,0
2025-11-13,V. ROSIER,1.419,2.0,28.0,50.0,3.5,1.0,-0.073,13.0,8.0,,,0
2025-11-13,J. PACHECO,1.037,2.0,22.0,48.0,3.7,0.0,0.019,13.0,8.0,,,0
2025-11-13,J. COPETE,0.354,2.0,14.0,19.0,1.6,0.0,0.001,13.0,8.0,,,0
2025-11-13,Á. ODRIOZOLA,0.202,2.0,14.0,16.0,14.0,0.0,0.005,13.0,8.0,,,0
2025-11-13,I. BALLIU,0.16,2.0,12.0,14.0,3.0,0.0,-0.028,13.0,8.0,,,0
2025-11-13,J. CRUZ,0.167,2.0,15.0,50.0,1.9,0.0,-0.002,13.0,8.0,,,0
2025-11-13,M. RUBIO,0.16,2.0,24.0,8.0,4.8,0.0,,13.0,8.0,,,0
2025-11-14,S. RONDÓN,2.055,4.0,32.0,1370.0,2.9,0.0,-0.05,13.0,7.0,,,0
2025-11-14,A. BLANCO,5.412,3.0,46.0,48.0,4.2,0.0,0.046,13.0,7.0,Libre,-5.52439,1
2025-11-14,S. COLOMBATTO,1.71,3.0,27.0,1370.0,3.4,0.0,0.027,13.0,7.0,Libre,-1.71,0
2025-11-14,M. ROMÁN,0.16,3.0,18.0,5.0,4.5,0.0,-0.037,13.0,7.0,,,0
2025-11-14,F. UGRINIC,0.16,3.0,8.0,19.0,2.0,3.0,,13.0,7.0,,,0
2025-11-14,A. PEDROSA,0.578,2.0,27.0,23.0,3.4,0.0,0.019,13.0,7.0,,,0
2025-11-14,V. PARADA,0.506,2.0,22.0,48.0,2.2,0.0,-0.026,13.0,7.0,,,0
2025-11-14,D. LÓPEZ,0.191,2.0,2.0,408.0,2.0,0.0,0.031,13.0,7.0,,,0
2025-11-14,D. LÓPEZ,0.191,2.0,2.0,408.0,2.0,0.0,-0.064,13.0,7.0,,,0
2025-11-14,D. LÓPEZ,0.191,2.0,2.0,408.0,2.0,0.0,-0.013,13.0,7.0,,,0
2025-11-14,J. DONALD,0.183,2.0,20.0,23.0,2.5,0.0,-0.013,13.0,7.0,,,0
2025-11-14,B. DIABY,0.16,2.0,3.0,23.0,1.5,0.0,-0.027,13.0,7.0,,,0
2025-11-14,J. MUSSO,0.16,1.0,0.0,2.0,0.0,0.0,-0.015,13.0,7.0,,,0
2025-11-15,A. BUDIMIR,11.358,4.0,50.0,50.0,4.5,3.0,-0.096,13.0,6.0,,,0
2025-11-15,B. MAYORAL,9.348,4.0,42.0,9.0,4.7,0.0,0.161,13.0,6.0,Dani,-9.70708,1
2025-11-15,J. PUADO,4.658,4.0,35.0,8.0,4.4,3.0,-0.086,13.0,6.0,,,0
2025-11-15,R. GARCÍA DE HARO,1.01,4.0,34.0,50.0,2.8,0.0,-0.018,13.0,6.0,,,0
2025-11-15,M. DOMÈNECH,0.16,4.0,15.0,408.0,2.1,0.0,-0.039,13.0,6.0,,,0
2025-11-15,A. DADIE,0.16,3.0,0.0,16.0,0.0,0.0,,13.0,6.0,,,0
2025-11-15,U. ELGEZABAL,0.316,2.0,22.0,12.0,2.4,0.0,-0.025,13.0,6.0,,,0
2025-11-15,D. CALVO,0.171,2.0,19.0,1370.0,3.2,0.0,0.011,13.0,6.0,,,0
2025-11-15,A. NYOM,0.16,2.0,-6.0,9.0,-2.0,0.0,,13.0,6.0,,,0
2025-11-15,A. PADILLA,0.163,1.0,0.0,1.0,0.0,0.0,-0.047,13.0,6.0,,,0
2025-11-16,T. MARTÍNEZ,5.905,4.0,56.0,48.0,4.7,0.0,-0.048,13.0,5.0,,,0
2025-11-16,J. MONCAYOLA,8.694,3.0,51.0,50.0,4.3,1.0,-0.127,13.0,5.0,,,0
2025-11-16,S. AMRABAT,8.734,3.0,39.0,4.0,5.6,0.0,0.161,13.0,5.0,Los marinero,-9.994909,2
2025-11-16,B. SANTAMARIA,1.521,3.0,31.0,19.0,2.6,0.0,-0.054,13.0,5.0,,,0
2025-11-16,I. MUÑOZ,0.302,3.0,11.0,50.0,2.8,0.0,0.009,13.0,5.0,,,0
2025-11-16,G. DIANGANA,0.161,3.0,8.0,23.0,2.0,0.0,-0.015,13.0,5.0,,,0
2025-11-16,Á. SANCRIS,0.16,3.0,16.0,9.0,2.3,0.0,-0.004,13.0,5.0,,,0
2025-11-16,Y. ENRÍQUEZ,1.627,2.0,30.0,48.0,3.3,0.0,-0.012,13.0,5.0,,,0
2025-11-16,V. ROSIER,1.222,2.0,28.0,50.0,3.5,1.0,-0.061,13.0,5.0,,,0
2025-11-16,J. CRUZ,0.16,2.0,15.0,50.0,1.9,0.0,,13.0,5.0,,,0
2025-11-16,J. AGIRREZABALA,9.943,1.0,51.0,19.0,4.3,0.0,0.109,13.0,5.0,,,0
2025-11-16,A. REMIRO,6.901,1.0,42.0,16.0,3.5,0.0,-0.112,13.0,5.0,,,0
2025-11-17,B. IGLESIAS,12.637,4.0,69.0,5.0,5.8,0.0,0.056,13.0,4.0,Dani,-13.33184,1
2025-11-17,P. MILLA,10.088,4.0,56.0,8.0,5.6,0.0,0.006,13.0,4.0,,,0
2025-11-17,S. RONDÓN,1.9,4.0,32.0,1370.0,2.9,0.0,-0.05,13.0,4.0,,,0
2025-11-17,Á. BERENGUER,4.84,3.0,32.0,1.0,3.2,0.0,-0.098,13.0,4.0,,,0
2025-11-17,A. ALMEIDA,0.534,3.0,13.0,19.0,2.2,0.0,0.014,13.0,4.0,Jotabetrbb,-0.634,1
2025-11-17,J. MOJICA,8.881,2.0,47.0,408.0,3.9,0.0,0.071,13.0,4.0,,,0
2025-11-17,S. GÓMEZ,5.884,2.0,40.0,16.0,3.3,0.0,-0.105,13.0,4.0,,,0
2025-11-17,M. MOREY,0.164,2.0,30.0,408.0,3.3,0.0,-0.001,13.0,4.0,,,0
2025-11-17,J. CARLOS MARTÍN,0.199,1.0,0.0,222.0,0.0,1.0,0.039,13.0,4.0,,,0
2025-11-17,S. DIMITRIEVSKI,0.16,1.0,0.0,19.0,0.0,0.0,-0.034,13.0,4.0,,,0
2025-11-18,R. FERNÁNDEZ,10.007,4.0,56.0,8.0,4.7,0.0,0.052,13.0,3.0,,,0
2025-11-18,R. FERNÁNDEZ,10.007,4.0,56.0,8.0,4.7,0.0,0.03,13.0,3.0,,,0
2025-11-18,H. DURO,5.548,4.0,36.0,19.0,3.0,0.0,-0.097,13.0,3.0,,,0
2025-11-18,A. TCHOUAMÉNI,12.067,3.0,56.0,15.0,5.1,3.0,-0.065,13.0,3.0,,,0
2025-11-18,ISCO,11.371,3.0,0.0,4.0,0.0,3.0,0.061,13.0,3.0,Maldinillo 💥,-17.6498,4
2025-11-18,J. MONCAYOLA,8.283,3.0,51.0,50.0,4.3,1.0,-0.202,13.0,3.0,,,0
2025-11-18,M. ARAMBARRI,8.259,3.0,53.0,9.0,4.4,0.0,0.122,13.0,3.0,Libre,-8.26278,0
2025-11-18,I. BENITO,0.16,3.0,25.0,50.0,5.0,1.0,-0.01,13.0,3.0,,,0
2025-11-18,Á. CARRERAS,12.712,2.0,61.0,15.0,5.1,0.0,0.065,13.0,3.0,,,0
2025-11-18,N. TENAGLIA,10.447,2.0,58.0,48.0,5.3,0.0,0.018,13.0,3.0,,,0
2025-11-18,S. GÓMEZ,5.781,2.0,40.0,16.0,3.3,0.0,-0.103,13.0,3.0,,,0
2025-11-18,J. LUIS GAYÀ,2.258,2.0,15.0,19.0,1.5,0.0,0.05,13.0,3.0,Dani,-2.6011,2
2025-11-18,Y. ENRÍQUEZ,1.603,2.0,30.0,48.0,3.3,0.0,-0.007,13.0,3.0,,,0
2025-11-18,V. PARADA,0.369,2.0,22.0,48.0,2.2,0.0,-0.029,13.0,3.0,,,0
2025-11-18,M. KUMBULLA,0.198,2.0,10.0,408.0,2.5,3.0,-0.008,13.0,3.0,Chamacónicos,-0.199999,0
2025-12-23,M. ARAMBARRI,10.858,3.0,77.0,9.0,4.5,0.0,-0.083,18.0,10.0,,,0
2025-12-23,M. RYAN,8.431,1.0,65.0,12.0,4.6,0.0,-0.074,18.0,10.0,,,0
2025-12-23,A. SIVERA,5.782,1.0,77.0,48.0,4.5,0.0,-0.003,18.0,10.0,,,0
2025-12-23,S. BECKER,0.193,4.0,19.0,50.0,2.1,0.0,0.007,18.0,10.0,,,0
2025-12-23,T. FERNÁNDEZ,0.16,4.0,3.0,3.0,3.0,0.0,-0.034,18.0,10.0,,,0
2025-12-23,V. TSYGANKOV,6.373,3.0,50.0,222.0,4.5,0.0,0.077,18.0,10.0,Maldinillo 💥,-6.43482,1
2025-12-23,F. MASTANTUONO,4.174,3.0,35.0,15.0,3.5,0.0,-0.171,18.0,10.0,,,0
2025-12-23,C. GALLAGHER,1.626,3.0,63.0,2.0,3.5,0.0,0.032,18.0,10.0,Jotabetrbb,-1.826,1
2025-12-23,Ó. MINGUEZA,9.895,2.0,62.0,5.0,4.4,0.0,-0.091,18.0,10.0,,,0
2025-12-23,A. MARTÍNEZ,5.057,2.0,52.0,222.0,3.5,0.0,-0.05,18.0,10.0,,,0
2025-12-23,A. BRETONES,4.503,2.0,54.0,50.0,3.6,5.0,0.08,18.0,10.0,Maldinillo 💥,-4.61904,0
2025-12-23,C. LENGLET,1.424,2.0,29.0,2.0,3.2,3.0,-0.065,18.0,10.0,,,0
2025-12-23,J. DONALD,0.16,2.0,29.0,23.0,2.6,0.0,-0.006,18.0,10.0,,,0
2025-12-23,C. RIVERO,0.187,1.0,0.0,19.0,0.0,0.0,0.027,18.0,10.0,,,0
2025-12-24,L. BOYÉ,4.996,4.0,54.0,48.0,4.5,3.0,-0.082,18.0,9.0,,,0
2025-12-24,J. ARANGO,0.191,4.0,0.0,222.0,0.0,0.0,0.023,18.0,9.0,,,0
2025-12-24,M. ARAMBARRI,10.797,3.0,77.0,9.0,4.5,0.0,-0.061,18.0,9.0,,,0
2025-12-24,C. ÁLVAREZ,7.831,3.0,69.0,12.0,4.3,0.0,-0.059,18.0,9.0,,,0
2025-12-24,B. SANTAMARIA,0.19,3.0,36.0,19.0,2.4,0.0,0.03,18.0,9.0,,,0
2025-12-24,D. FERNÁNDEZ,0.168,3.0,13.0,3.0,3.3,0.0,-0.018,18.0,9.0,,,0
2025-12-24,D. RICO,1.2,2.0,44.0,9.0,2.8,0.0,-0.042,18.0,9.0,,,0
2025-12-24,J. SÁNCHEZ,0.734,2.0,34.0,17.0,2.6,0.0,-0.038,18.0,9.0,,,0
2025-12-24,M. DIAKHABY,0.523,2.0,33.0,19.0,4.7,0.0,0.051,18.0,9.0,,,0
2025-12-24,M. RYAN,8.389,1.0,65.0,12.0,4.6,0.0,-0.042,18.0,9.0,,,0
2025-12-24,J. AGIRREZABALA,6.949,1.0,74.0,19.0,4.4,0.0,-0.063,18.0,9.0,,,0
2025-12-24,A. SIVERA,5.792,1.0,77.0,48.0,4.5,0.0,0.01,18.0,9.0,,,0
2025-12-24,P. CAMPOS,0.16,1.0,11.0,12.0,5.5,0.0,,18.0,9.0,,,0
2025-12-25,Á. FORÉS,0.174,4.0,22.0,1370.0,2.2,0.0,0.014,18.0,8.0,,,0
2025-12-25,M. JAUREGIZAR,6.432,3.0,67.0,1.0,3.7,0.0,0.04,18.0,8.0,Maldinillo 💥,-6.4321,0
2025-12-25,S. COLOMBATTO,0.627,3.0,40.0,1370.0,3.1,0.0,-0.052,18.0,8.0,,,0
2025-12-25,B. DÍAZ,0.41,3.0,25.0,15.0,2.1,4.0,-0.076,18.0,8.0,,,0
2025-12-25,D. VIVIAN,6.527,2.0,44.0,1.0,2.8,0.0,-0.085,18.0,8.0,,,0
2025-12-25,R. ARAÚJO,5.697,2.0,58.0,3.0,5.3,3.0,-0.093,18.0,8.0,,,0
2025-12-25,D. RICO,1.16,2.0,44.0,9.0,2.8,0.0,-0.04,18.0,8.0,,,0
2025-12-25,A. DE LA FUENTE,0.343,2.0,42.0,12.0,3.2,0.0,0.035,18.0,8.0,,,0
2025-12-25,F. GARCÍA,0.27,2.0,7.0,15.0,1.2,0.0,-0.036,18.0,8.0,,,0
2025-12-25,D. FOULQUIER,0.16,2.0,23.0,19.0,2.3,0.0,,18.0,8.0,,,0
2025-12-26,S. AMRABAT,7.606,3.0,45.0,4.0,5.6,4.0,-0.104,18.0,7.0,,,0
2025-12-26,B. MENDY,2.191,3.0,51.0,17.0,3.9,0.0,0.055,18.0,7.0,Jotabetrbb,-2.991,2
2025-12-26,H. SOTELO,1.184,3.0,46.0,5.0,3.8,3.0,-0.053,18.0,7.0,,,0
2025-12-26,L. ASTIAZARAN,0.197,3.0,0.0,16.0,0.0,0.0,0.02,18.0,7.0,,,0
2025-12-26,F. BELTRÁN,0.192,3.0,22.0,5.0,2.2,0.0,-0.034,18.0,7.0,,,0
2025-12-26,H. ÁLVAREZ,0.163,3.0,28.0,5.0,3.1,0.0,-0.037,18.0,7.0,,,0
2025-12-26,A. CATENA,10.229,2.0,75.0,50.0,4.7,0.0,0.051,18.0,7.0,Dani,-10.50159,0
2025-12-26,N. MOLINA,0.864,2.0,28.0,2.0,2.2,0.0,-0.056,18.0,7.0,,,0
2025-12-26,J. CABELLO,0.165,2.0,11.0,12.0,2.2,0.0,-0.036,18.0,7.0,,,0
2025-12-26,D. CALVO,0.16,2.0,29.0,1370.0,3.2,0.0,-0.02,18.0,7.0,,,0
2025-12-27,A. SØRLOTH,6.454,4.0,49.0,2.0,2.9,0.0,-0.027,18.0,6.0,Maldinillo 💥,-6.46435,0
2025-12-27,G. GURUZETA,2.094,4.0,32.0,1.0,2.0,0.0,-0.073,18.0,6.0,,,0
2025-12-27,J. ARANGO,0.166,4.0,0.0,222.0,0.0,0.0,-0.026,18.0,6.0,,,0
2025-12-27,A. BARRENETXEA,11.208,3.0,89.0,16.0,5.9,3.0,-0.022,18.0,6.0,Maldinillo 💥,-11.21389,0
2025-12-27,C. MARTÍN,0.194,3.0,0.0,2.0,0.0,0.0,0.024,18.0,6.0,,,0
2025-12-27,P. DÍAZ,0.16,3.0,37.0,14.0,2.6,0.0,,18.0,6.0,,,0
2025-12-27,J. HERNANDEZ,0.16,3.0,0.0,8.0,0.0,0.0,,18.0,6.0,,,0
2025-12-27,A. MATTURRO,0.181,2.0,9.0,12.0,1.8,0.0,0.009,18.0,6.0,Libre,-0.181,0
2025-12-27,H. RINCÓN,0.16,2.0,31.0,222.0,2.1,0.0,-0.008,18.0,6.0,,,0
2025-12-27,J. AIDOO,0.16,2.0,4.0,5.0,2.0,0.0,-0.021,18.0,6.0,,,0
2025-12-28,G. KOYALIPOU,0.172,4.0,27.0,12.0,2.5,3.0,0.012,18.0,5.0,,,0
2025-12-28,M. ARAMBARRI,10.51,3.0,77.0,9.0,4.5,0.0,-0.074,18.0,5.0,,,0
2025-12-28,Á. BERENGUER,6.958,3.0,68.0,1.0,4.3,0.0,0.132,18.0,5.0,Maldinillo 💥,-8.21945,3
2025-12-28,P. GUEYE,5.101,3.0,58.0,20.0,4.5,4.0,-0.113,18.0,5.0,,,0
2025-12-28,A. LISO,2.914,3.0,59.0,9.0,4.2,0.0,-0.097,18.0,5.0,,,0
2025-12-28,O. EJARIA,0.2,3.0,17.0,1370.0,2.4,3.0,0.04,18.0,5.0,,,0
2025-12-28,R. BRUGUÉ,0.168,3.0,31.0,12.0,2.1,1.0,-0.032,18.0,5.0,,,0
2025-12-28,H. ÁLVAREZ,0.16,3.0,28.0,5.0,3.1,0.0,,18.0,5.0,,,0
2025-12-28,R. VEIGA,8.564,2.0,37.0,20.0,2.6,2.0,-0.188,18.0,5.0,,,0
2025-12-28,M. RUGGERI,1.252,2.0,40.0,2.0,3.3,0.0,0.028,18.0,5.0,Maldinillo 💥,-1.52228,0
2025-12-28,I. BALLIU,0.187,2.0,18.0,14.0,2.3,3.0,0.004,18.0,5.0,,,0
2025-12-28,V. PARADA,0.16,2.0,29.0,48.0,2.1,5.0,,18.0,5.0,,,0
2025-12-28,M. MOREY,0.16,2.0,32.0,408.0,2.9,0.0,,18.0,5.0,,,0
2025-12-28,M. RYAN,8.172,1.0,65.0,12.0,4.6,0.0,-0.063,18.0,5.0,,,0
2025-12-29,B. IGLESIAS,13.427,4.0,85.0,5.0,5.3,3.0,-0.119,18.0,4.0,,,0
2025-12-29,A. BUDIMIR,10.919,4.0,75.0,50.0,4.7,0.0,0.055,18.0,4.0,Maldinillo 💥,-11.519,2
2025-12-29,G. GARCÍA,0.177,4.0,16.0,15.0,1.2,0.0,-0.019,18.0,4.0,,,0
2025-12-29,A. BOAYAR,0.16,4.0,3.0,23.0,1.5,0.0,-0.004,18.0,4.0,,,0
2025-12-29,M. BUENO,0.184,3.0,7.0,17.0,2.3,0.0,0.024,18.0,4.0,,,0
2025-12-29,H. SOLOZÁBAL,0.16,3.0,2.0,9.0,2.0,0.0,-0.027,18.0,4.0,,,0
2025-12-29,U. GÓMEZ,0.16,3.0,20.0,1.0,1.8,0.0,-0.016,18.0,4.0,,,0
2025-12-29,S. MOURIÑO,5.509,2.0,38.0,20.0,3.8,3.0,-0.107,18.0,4.0,,,0
2025-12-29,A. FRANCÉS,0.194,2.0,13.0,222.0,1.6,0.0,0.003,18.0,4.0,,,0
2025-12-29,W. SZCZĘSNY,0.96,1.0,34.0,3.0,5.7,0.0,-0.041,18.0,4.0,,,0
2025-12-30,A. SÁNCHEZ,5.088,4.0,50.0,17.0,4.2,0.0,0.173,18.0,3.0,Libre,-5.44401,1
2025-12-30,A. SÁNCHEZ,5.088,4.0,50.0,17.0,4.2,0.0,-0.015,18.0,3.0,Libre,-5.44401,1
2025-12-30,M. ARAMBARRI,10.356,3.0,77.0,9.0,4.5,0.0,-0.082,18.0,3.0,,,0
2025-12-30,U. LÓPEZ,1.534,3.0,43.0,14.0,2.9,0.0,-0.048,18.0,3.0,,,0
2025-12-30,A. REBBACH,0.281,3.0,46.0,48.0,3.3,0.0,-0.02,18.0,3.0,Los marinero,-0.551,0
2025-12-30,A. BALDE,11.416,2.0,58.0,3.0,4.1,0.0,0.019,18.0,3.0,Dani,-11.80764,2
2025-12-30,R. MARÍN,8.361,2.0,58.0,20.0,4.8,0.0,-0.098,18.0,3.0,,,0
2025-12-30,D. VIVIAN,6.06,2.0,44.0,1.0,2.8,0.0,-0.071,18.0,3.0,,,0
2025-12-30,J. ÁNGEL CARMONA,4.96,2.0,60.0,17.0,4.0,0.0,-0.087,18.0,3.0,,,0
2025-12-30,A. MARTÍNEZ,4.635,2.0,52.0,222.0,3.5,0.0,-0.114,18.0,3.0,,,0
2025-12-30,V. CHUST,1.836,2.0,40.0,23.0,3.3,0.0,-0.048,18.0,3.0,,,0
2025-12-30,D. DUARTE,0.903,2.0,43.0,9.0,2.9,0.0,-0.025,18.0,3.0,,,0
2025-12-30,O. LUENGO,0.178,2.0,5.0,1370.0,2.5,0.0,0.016,18.0,3.0,,,0
2025-12-30,I. BALLIU,0.193,2.0,18.0,14.0,2.3,3.0,0.033,18.0,3.0,,,0
2025-12-30,M. RYAN,8.002,1.0,65.0,12.0,4.6,0.0,-0.097,18.0,3.0,,,0
2025-12-31,D. MORCILLO,0.16,4.0,1.0,48.0,1.0,0.0,,18.0,2.0,,,0
2025-12-31,S. DARDER,7.075,3.0,64.0,408.0,3.8,0.0,0.086,18.0,2.0,,,0
2025-12-31,T. ALMADA,5.89,3.0,47.0,2.0,4.3,0.0,-0.112,18.0,2.0,,,0
2025-12-31,T. ALEXANDER-ARNOLD,5.026,2.0,22.0,15.0,2.8,1.0,-0.103,18.0,2.0,,,0
2025-12-31,A. ALHASSANE,0.291,2.0,41.0,1370.0,2.6,0.0,0.02,18.0,2.0,,,0
2025-12-31,D. ĆALETA-CAR,0.208,2.0,28.0,16.0,2.8,0.0,0.009,18.0,2.0,,,0
2025-12-31,J. LÓPEZ,0.16,2.0,18.0,1370.0,3.0,0.0,-0.018,18.0,2.0,,,0
2025-12-31,M. DIARRA,0.16,2.0,5.0,48.0,1.7,0.0,,18.0,2.0,,,0
2025-12-31,I. BEKHOUCHA,0.16,2.0,7.0,9.0,2.3,0.0,-0.005,18.0,2.0,,,0
2025-12-31,O. LUENGO,0.16,2.0,5.0,1370.0,2.5,0.0,-0.018,18.0,2.0,,,0
2025-12-31,Á. VALLES,4.945,1.0,40.0,4.0,4.0,0.0,0.128,18.0,2.0,,,0
2026-01-01,U. IZETA,0.189,4.0,8.0,1.0,1.3,0.0,0.029,18.0,1.0,,,0
2026-01-01,R. VARGAS,7.812,3.0,66.0,17.0,5.5,3.0,0.049,18.0,1.0,Jotabetrbb,-9.312,0
2026-01-01,Y. NEYOU,0.16,3.0,3.0,9.0,0.6,0.0,,18.0,1.0,Dani,-0.16,0
2026-01-01,M. LLORENTE,12.903,2.0,68.0,2.0,4.9,0.0,0.069,18.0,1.0,Maldinillo 💥,-13.59044,1
2026-01-01,Ó. MINGUEZA,10.027,2.0,62.0,5.0,4.4,0.0,0.009,18.0,1.0,,,0
2026-01-01,A. CHRISTENSEN,0.203,2.0,30.0,3.0,2.5,1.0,0.031,18.0,1.0,,,0
2026-01-01,A. NYOM,0.163,2.0,6.0,9.0,1.0,0.0,0.003,18.0,1.0,Dani,-0.18352,1
2026-01-01,J. DONALD,0.161,2.0,29.0,23.0,2.6,0.0,-0.045,18.0,1.0,Dani,-0.16128,0
2026-01-01,J. CABELLO,0.16,2.0,11.0,12.0,2.2,0.0,-0.015,18.0,1.0,Dani,-0.17254,0
2026-01-01,M. RYAN,7.886,1.0,65.0,12.0,4.6,0.0,-0.055,18.0,1.0,,,0
2026-01-01,Á. VALLES,5.066,1.0,40.0,4.0,4.0,0.0,0.121,18.0,1.0,,,0
2026-01-01,A. LUNIN,0.196,1.0,0.0,15.0,0.0,0.0,-0.014,18.0,1.0,,,0
2026-01-02,R. NTEKA,0.16,4.0,7.0,14.0,1.8,0.0,-0.033,18.0,0.5,,,0
2026-01-02,M. ARAMBARRI,10.17,3.0,77.0,9.0,4.5,0.0,-0.054,18.0,0.5,,,0
2026-01-02,N. GONZÁLEZ,7.851,3.0,63.0,2.0,4.2,3.0,-0.173,18.0,0.5,,,0
2026-01-02,J. GUERRA,1.834,3.0,48.0,19.0,2.8,0.0,-0.053,18.0,0.5,,,0
2026-01-02,P. CISS,1.583,3.0,47.0,14.0,3.4,4.0,-0.074,18.0,0.5,,,0
2026-01-02,P. MARTÍNEZ,0.184,3.0,30.0,12.0,3.0,0.0,-0.002,18.0,0.5,,,0
2026-01-02,A. SÁNCHEZ,0.168,3.0,24.0,408.0,1.8,0.0,0.08,18.0,0.5,,,0
2026-01-02,A. SÁNCHEZ,0.168,3.0,24.0,408.0,1.8,0.0,-0.038,18.0,0.5,,,0
2026-01-02,K. BARJA,0.16,3.0,20.0,50.0,1.7,0.0,,18.0,0.5,,,0
2026-01-02,A. MARTÍNEZ,4.5,2.0,52.0,222.0,3.5,0.0,-0.004,18.0,0.5,,,0
2026-01-02,P. ESPINO,0.244,2.0,29.0,14.0,2.6,0.0,0.023,18.0,0.5,Libre,-0.24412,0
2026-01-02,F. MENDY,0.169,2.0,0.0,15.0,0.0,0.0,-0.024,18.0,0.5,,,0
2026-01-02,J. LÓPEZ,0.16,2.0,18.0,1370.0,3.0,0.0,-0.027,18.0,0.5,Libre,-0.16,0
2026-01-02,U. SIMÓN,8.712,1.0,66.0,1.0,3.7,0.0,0.048,18.0,0.5,,,0
2026-01-02,M. RYAN,7.889,1.0,65.0,12.0,4.6,0.0,0.003,18.0,0.5,,,0
2026-01-03,S. BECKER,0.16,4.0,19.0,50.0,2.1,0.0,-0.006,20.0,13.0,,,0
2026-01-03,C. ÁLVAREZ,7.166,3.0,69.0,12.0,4.3,0.0,-0.082,20.0,13.0,,,0
2026-01-03,W. SWEDBERG,1.614,3.0,39.0,5.0,3.9,0.0,0.04,20.0,13.0,,,0
2026-01-03,A. REINA,0.282,3.0,46.0,1370.0,2.9,0.0,-0.003,20.0,13.0,,,0
2026-01-03,C. PICKEL,0.198,3.0,26.0,8.0,2.6,4.0,0.007,20.0,13.0,,,0
2026-01-03,R. ARAÚJO,4.934,2.0,58.0,3.0,5.3,4.0,-0.079,20.0,13.0,,,0
2026-01-03,J. GALÁN,0.7,2.0,12.0,50.0,2.4,0.0,0.042,20.0,13.0,Dani,-2.02641,2
2026-01-03,Y. ENRÍQUEZ,0.16,2.0,33.0,48.0,2.8,0.0,,20.0,13.0,,,0
2026-01-03,T. COURTOIS,12.069,1.0,91.0,15.0,5.1,0.0,0.041,20.0,13.0,Maldinillo 💥,-12.55728,0
2026-01-03,L. ROMÁN,5.13,1.0,57.0,408.0,4.8,0.0,-0.075,20.0,13.0,,,0
2026-01-04,H. DURO,9.604,4.0,77.0,19.0,4.3,0.0,0.117,20.0,12.0,Dani,-9.85103,0
2026-01-04,J. BELLINGHAM,20.587,3.0,79.0,15.0,5.6,0.0,-0.004,20.0,12.0,,,0
2026-01-04,A. TCHOUAMÉNI,15.008,3.0,76.0,15.0,4.8,0.0,-0.028,20.0,12.0,,,0
2026-01-04,S. AMRABAT,6.656,3.0,45.0,4.0,5.6,4.0,-0.072,20.0,12.0,,,0
2026-01-04,S. SÁNCHEZ,0.16,3.0,8.0,1.0,2.0,0.0,-0.024,20.0,12.0,,,0
2026-01-04,R. ARAÚJO,4.798,2.0,58.0,3.0,5.3,4.0,-0.136,20.0,12.0,,,0
2026-01-04,R. ASENCIO,4.772,2.0,43.0,15.0,3.6,0.0,-0.066,20.0,12.0,Chamacónicos,-4.872,1
2026-01-04,M. SÁNCHEZ,2.353,2.0,62.0,12.0,4.1,5.0,-0.104,20.0,12.0,,,0
2026-01-04,H. FORT,2.013,2.0,45.0,23.0,5.0,1.0,-0.07,20.0,12.0,,,0
2026-01-04,I. BALLIU,0.164,2.0,18.0,14.0,2.3,1.0,0.004,20.0,12.0,,,0
2026-01-04,M. KUMBULLA,0.16,2.0,12.0,408.0,2.4,0.0,,20.0,12.0,,,0
2026-01-04,M. MOREY,0.16,2.0,32.0,408.0,2.9,0.0,-0.006,20.0,12.0,,,0
2026-01-04,A. REMIRO,3.477,1.0,55.0,16.0,3.2,0.0,-0.051,20.0,12.0,,,0
2026-01-05,A. SANTOS,17.821,4.0,67.0,4.0,5.2,0.0,-0.013,19.0,0.5,Libre,-20.00002,1
2026-01-05,A. SANTOS,17.821,4.0,67.0,4.0,5.2,0.0,-0.013,20.0,11.0,Libre,-20.00002,1
2026-01-05,R. BARDGHJI,0.726,4.0,34.0,3.0,3.8,0.0,-0.045,19.0,0.5,,,0
2026-01-05,R. BARDGHJI,0.726,4.0,34.0,3.0,3.8,0.0,-0.045,20.0,11.0,,,0
2026-01-05,C. ÁLVAREZ,7.111,3.0,80.0,12.0,4.7,0.0,0.036,19.0,0.5,Jotabetrbb,-7.711,1
2026-01-05,C. ÁLVAREZ,7.111,3.0,80.0,12.0,4.7,0.0,0.036,20.0,11.0,Jotabetrbb,-7.711,1
2026-01-05,J. CARDOSO,1.63,3.0,15.0,2.0,3.0,0.0,-0.022,19.0,0.5,,,0
2026-01-05,J. CARDOSO,1.63,3.0,15.0,2.0,3.0,0.0,-0.022,20.0,11.0,,,0
2026-01-05,C. PICKEL,0.16,3.0,26.0,8.0,2.6,4.0,-0.045,19.0,0.5,,,0
2026-01-05,C. PICKEL,0.16,3.0,26.0,8.0,2.6,4.0,-0.045,20.0,11.0,,,0
2026-01-05,S. SÁNCHEZ,0.16,3.0,8.0,1.0,2.0,0.0,,19.0,0.5,,,0
2026-01-05,S. SÁNCHEZ,0.16,3.0,8.0,1.0,2.0,0.0,,20.0,11.0,,,0
2026-01-05,É. MILITÃO,10.264,2.0,81.0,15.0,6.2,1.0,-0.121,19.0,0.5,,,0
2026-01-05,É. MILITÃO,10.264,2.0,81.0,15.0,6.2,1.0,-0.121,20.0,11.0,,,0
2026-01-05,Y. ÁLVAREZ,0.169,2.0,0.0,1.0,0.0,4.0,-0.004,19.0,0.5,,,0
2026-01-05,Y. ÁLVAREZ,0.169,2.0,0.0,1.0,0.0,4.0,-0.004,20.0,11.0,,,0
2026-01-05,V. PARADA,0.173,2.0,29.0,48.0,2.1,5.0,0.013,19.0,0.5,,,0
2026-01-05,V. PARADA,0.173,2.0,29.0,48.0,2.1,5.0,0.013,20.0,11.0,,,0
2026-01-05,A. MUMIN,0.16,2.0,0.0,14.0,0.0,1.0,-0.011,19.0,0.5,Los marinero,-0.161,0
2026-01-05,A. MUMIN,0.16,2.0,0.0,14.0,0.0,1.0,-0.011,20.0,11.0,Los marinero,-0.161,0
2026-01-05,Á. VALLES,5.075,1.0,42.0,4.0,3.8,0.0,-0.011,19.0,0.5,,,0
2026-01-05,Á. VALLES,5.075,1.0,42.0,4.0,3.8,0.0,-0.011,20.0,11.0,,,0
2026-01-05,J. LETACEK,0.16,1.0,0.0,9.0,0.0,0.0,,19.0,0.5,,,0
2026-01-05,J. LETACEK,0.16,1.0,0.0,9.0,0.0,0.0,,20.0,11.0,,,0
2026-01-06,R. MIR,9.9,4.0,90.0,23.0,5.0,0.0,-0.017,19.0,0.5,,,0
2026-01-06,R. MIR,9.9,4.0,90.0,23.0,5.0,0.0,-0.017,20.0,10.0,,,0
2026-01-06,F. VIÑAS,0.937,4.0,40.0,1370.0,2.7,,-0.031,19.0,0.5,,,0
2026-01-06,F. VIÑAS,0.937,4.0,40.0,1370.0,2.7,,-0.031,20.0,10.0,,,0
2026-01-06,T. FERNÁNDEZ,0.187,4.0,3.0,3.0,3.0,0.0,0.023,19.0,0.5,,,0
2026-01-06,T. FERNÁNDEZ,0.187,4.0,3.0,3.0,3.0,0.0,0.023,20.0,10.0,,,0
2026-01-06,T. FERNÁNDEZ,0.187,4.0,3.0,3.0,3.0,0.0,-0.05,19.0,0.5,,,0
2026-01-06,T. FERNÁNDEZ,0.187,4.0,3.0,3.0,3.0,0.0,-0.05,20.0,10.0,,,0
2026-01-06,N. GONZÁLEZ,7.225,3.0,63.0,2.0,4.2,3.0,-0.145,19.0,0.5,Jotabetrbb,-7.225,0
2026-01-06,N. GONZÁLEZ,7.225,3.0,63.0,2.0,4.2,3.0,-0.145,20.0,10.0,Jotabetrbb,-7.225,0
2026-01-06,P. CABANES,0.176,3.0,0.0,20.0,0.0,1.0,0.016,19.0,0.5,,,0
2026-01-06,P. CABANES,0.176,3.0,0.0,20.0,0.0,1.0,0.016,20.0,10.0,,,0
2026-01-06,L. SUČIĆ,0.162,3.0,4.0,16.0,0.7,0.0,0.002,19.0,0.5,,,0
2026-01-06,L. SUČIĆ,0.162,3.0,4.0,16.0,0.7,0.0,0.002,20.0,10.0,,,0
2026-01-06,O. EJARIA,0.16,3.0,17.0,1370.0,2.4,3.0,-0.04,19.0,0.5,,,0
2026-01-06,O. EJARIA,0.16,3.0,17.0,1370.0,2.4,3.0,-0.04,20.0,10.0,,,0
2026-01-06,E. GARCÍA,16.166,2.0,116.0,3.0,6.1,0.0,0.049,19.0,0.5,Dani,-23.12764,1
2026-01-06,E. GARCÍA,16.166,2.0,116.0,3.0,6.1,0.0,0.049,20.0,10.0,Dani,-23.12764,1
2026-01-06,R. VEIGA,7.081,2.0,37.0,20.0,2.6,0.0,-0.082,19.0,0.5,,,0
2026-01-06,R. VEIGA,7.081,2.0,37.0,20.0,2.6,0.0,-0.082,20.0,10.0,,,0
2026-01-06,A. LAPORTE,4.979,2.0,40.0,1.0,3.6,1.0,-0.105,19.0,0.5,,,0
2026-01-06,A. LAPORTE,4.979,2.0,40.0,1.0,3.6,1.0,-0.105,20.0,10.0,,,0
2026-01-07,M. RASHFORD,14.79,4.0,87.0,3.0,4.8,0.0,-0.067,19.0,0.5,Maldinillo 💥,-15.03231,0
2026-01-07,M. RASHFORD,14.79,4.0,87.0,3.0,4.8,0.0,-0.067,20.0,9.0,Maldinillo 💥,-15.03231,0
2026-01-07,A. SÁNCHEZ,5.309,4.0,50.0,17.0,3.8,0.0,-0.052,19.0,0.5,,,0
2026-01-07,A. SÁNCHEZ,5.309,4.0,50.0,17.0,3.8,0.0,-0.052,20.0,9.0,,,0
2026-01-07,A. SÁNCHEZ,5.309,4.0,50.0,17.0,3.8,0.0,-0.015,19.0,0.5,,,0
2026-01-07,A. SÁNCHEZ,5.309,4.0,50.0,17.0,3.8,0.0,-0.015,20.0,9.0,,,0
2026-01-07,T. BORBAS,0.634,4.0,0.0,1370.0,0.0,0.0,-0.037,19.0,0.5,,,0
2026-01-07,T. BORBAS,0.634,4.0,0.0,1370.0,0.0,0.0,-0.037,20.0,9.0,,,0
2026-01-07,ALEMÃO,0.186,4.0,30.0,14.0,2.7,3.0,0.008,19.0,0.5,,,0
2026-01-07,ALEMÃO,0.186,4.0,30.0,14.0,2.7,3.0,0.008,20.0,9.0,,,0
2026-01-07,L. KOUROUMA,0.204,3.0,4.0,222.0,1.0,0.0,0.027,19.0,0.5,,,0
2026-01-07,L. KOUROUMA,0.204,3.0,4.0,222.0,1.0,0.0,0.027,20.0,9.0,,,0
2026-01-07,Ó. TREJO,0.16,3.0,9.0,14.0,2.3,0.0,,19.0,0.5,,,0
2026-01-07,Ó. TREJO,0.16,3.0,9.0,14.0,2.3,0.0,,20.0,9.0,,,0
2026-01-07,D. HUIJSEN,13.47,2.0,43.0,15.0,3.3,0.0,-0.078,19.0,0.5,,,0
2026-01-07,D. HUIJSEN,13.47,2.0,43.0,15.0,3.3,0.0,-0.078,20.0,9.0,,,0
2026-01-07,J. ÁNGEL CARMONA,4.079,2.0,60.0,17.0,3.8,0.0,-0.166,19.0,0.5,,,0
2026-01-07,J. ÁNGEL CARMONA,4.079,2.0,60.0,17.0,3.8,0.0,-0.166,20.0,9.0,,,0
2026-01-07,M. MOREY,0.206,2.0,32.0,408.0,2.9,0.0,0.043,19.0,0.5,,,0
2026-01-07,M. MOREY,0.206,2.0,32.0,408.0,2.9,0.0,0.043,20.0,9.0,,,0
2026-01-07,V. PARADA,0.16,2.0,29.0,48.0,2.1,0.0,,19.0,0.5,,,0
2026-01-07,V. PARADA,0.16,2.0,29.0,48.0,2.1,0.0,,20.0,9.0,,,0
2026-01-07,P. ESPINO,0.16,2.0,31.0,14.0,2.6,0.0,,19.0,0.5,,,0
2026-01-07,P. ESPINO,0.16,2.0,31.0,14.0,2.6,0.0,,20.0,9.0,,,0
2026-01-07,B. DIABY,0.16,2.0,5.0,23.0,1.7,0.0,-0.022,19.0,0.5,,,0
2026-01-07,B. DIABY,0.16,2.0,5.0,23.0,1.7,0.0,-0.022,20.0,9.0,,,0
2026-01-07,A. SIVERA,6.541,1.0,84.0,48.0,4.7,0.0,0.102,19.0,0.5,,,0
2026-01-07,A. SIVERA,6.541,1.0,84.0,48.0,4.7,0.0,0.102,20.0,9.0,,,0
2026-01-07,P. GAZZANIGA,6.325,1.0,63.0,222.0,3.7,0.0,-0.086,19.0,0.5,,,0
2026-01-07,P. GAZZANIGA,6.325,1.0,63.0,222.0,3.7,0.0,-0.086,20.0,9.0,,,0
2026-01-08,A. DANJUMA,5.086,4.0,61.0,19.0,3.6,0.0,-0.04,20.0,8.0,,,0
2026-01-08,O. ÓSKARSSON,0.207,4.0,11.0,16.0,2.8,0.0,-0.022,20.0,8.0,,,0
2026-01-08,J. KARRIKABURU,0.179,4.0,11.0,16.0,1.8,0.0,0.019,20.0,8.0,,,0
2026-01-08,A. WITSEL,2.076,3.0,52.0,222.0,3.5,0.0,-0.005,20.0,8.0,,,0
2026-01-08,P. DÍAZ,0.204,3.0,38.0,14.0,2.5,0.0,0.04,20.0,8.0,,,0
2026-01-08,A. GUEVARA,0.173,3.0,32.0,48.0,2.9,0.0,0.013,20.0,8.0,,,0
2026-01-08,P. MARÍN,0.165,3.0,30.0,16.0,1.9,0.0,0.005,20.0,8.0,,,0
2026-01-08,S. BECERRA,0.16,3.0,1.0,14.0,0.3,0.0,,20.0,8.0,,,0
2026-01-08,J. RODRÍGUEZ,1.205,2.0,48.0,5.0,3.2,0.0,0.026,20.0,8.0,Los marinero,-1.735,1
2026-01-08,L. FELIPE,0.162,2.0,16.0,14.0,2.3,0.0,0.002,20.0,8.0,,,0
2026-01-09,B. IGLESIAS,13.502,4.0,102.0,5.0,6.0,0.0,0.093,20.0,7.0,Maldinillo 💥,-16.59209,1
2026-01-09,G. MORENO,11.985,4.0,59.0,20.0,7.4,0.0,0.044,20.0,7.0,Maldinillo 💥,-16.19306,1
2026-01-09,A. SÁNCHEZ,5.202,4.0,50.0,17.0,3.8,0.0,0.049,20.0,7.0,,,0
2026-01-09,A. SÁNCHEZ,5.202,4.0,50.0,17.0,3.8,0.0,-0.049,20.0,7.0,,,0
2026-01-09,M. JOSEPH,1.322,4.0,53.0,408.0,3.1,0.0,-0.044,20.0,7.0,,,0
2026-01-09,G. RASPADORI,0.199,4.0,23.0,2.0,1.9,0.0,0.02,20.0,7.0,,,0
2026-01-09,A. OSAMBELA,0.16,3.0,12.0,50.0,2.0,0.0,,20.0,7.0,,,0
2026-01-09,Á. SANCRIS,0.16,3.0,26.0,9.0,2.0,0.0,,20.0,7.0,,,0
2026-01-09,R. VEIGA,6.858,2.0,37.0,20.0,2.6,0.0,-0.086,20.0,7.0,,,0
2026-01-09,S. GÓMEZ,4.215,2.0,58.0,16.0,3.2,0.0,-0.032,20.0,7.0,,,0
2026-01-09,J. GIMÉNEZ,3.505,2.0,32.0,2.0,4.6,0.0,0.107,20.0,7.0,Dani,-4.0094,1
2026-01-09,M. SÁNCHEZ,1.977,2.0,62.0,12.0,4.1,0.0,-0.071,20.0,7.0,,,0
2026-01-09,L. PÉTROT,0.208,2.0,24.0,23.0,1.6,0.0,0.048,20.0,7.0,,,0
2026-01-09,D. CALVO,0.16,2.0,29.0,1370.0,3.2,0.0,-0.008,20.0,7.0,,,0
2026-01-09,A. SIVERA,6.743,1.0,84.0,48.0,4.7,0.0,0.097,20.0,7.0,,,0
2026-01-09,J. MUSSO,0.16,1.0,4.0,2.0,4.0,0.0,,20.0,7.0,,,0
2026-01-10,A. GONZÁLEZ,0.2,4.0,27.0,17.0,2.7,1.0,0.04,20.0,6.0,,,0
2026-01-10,C. BAKAMBU,0.177,4.0,13.0,4.0,1.9,4.0,0.008,20.0,6.0,,,0
2026-01-10,P. GARCÍA,0.162,4.0,28.0,4.0,2.5,0.0,0.002,20.0,6.0,,,0
2026-01-10,S. AMRABAT,6.397,3.0,45.0,4.0,5.6,4.0,-0.048,20.0,6.0,,,0
2026-01-10,D. LÓPEZ,2.989,3.0,63.0,19.0,3.5,0.0,-0.125,20.0,6.0,,,0
2026-01-10,D. LÓPEZ,2.989,3.0,63.0,19.0,3.5,0.0,-0.044,20.0,6.0,,,0
2026-01-10,D. LÓPEZ,2.989,3.0,63.0,19.0,3.5,0.0,-0.01,20.0,6.0,,,0
2026-01-10,B. TURRIENTES,0.369,3.0,36.0,16.0,3.6,0.0,0.033,20.0,6.0,,,0
2026-01-10,J. CARRERAS,0.216,3.0,31.0,8.0,2.8,0.0,0.002,20.0,6.0,Chamacónicos,-0.416,0
2026-01-10,D. HUIJSEN,13.218,2.0,43.0,15.0,3.3,4.0,-0.107,20.0,6.0,,,0
2026-01-10,D. BLIND,3.471,2.0,49.0,222.0,3.1,0.0,0.027,20.0,6.0,Dani,-3.72697,0
2026-01-10,C. RIEDEL,0.457,2.0,31.0,8.0,3.9,0.0,-0.044,20.0,6.0,,,0
2026-01-11,G. KOYALIPOU,0.16,4.0,27.0,12.0,2.5,3.0,-0.013,20.0,5.0,,,0
2026-01-11,A. KAMARA,0.16,4.0,13.0,9.0,1.4,1.0,,20.0,5.0,,,0
2026-01-11,B. TURRIENTES,0.393,3.0,36.0,16.0,3.6,0.0,0.024,20.0,5.0,Jotabetrbb,-0.423,0
2026-01-11,B. DÍAZ,0.329,3.0,25.0,15.0,2.1,4.0,0.018,20.0,5.0,Maldinillo 💥,-0.32949,0
2026-01-11,H. FORT,1.513,2.0,45.0,23.0,5.0,1.0,-0.063,20.0,5.0,,,0
2026-01-11,J. CRUZ,0.184,2.0,23.0,50.0,1.9,0.0,0.024,20.0,5.0,,,0
2026-01-11,T. LATO,0.16,2.0,7.0,408.0,1.8,0.0,,20.0,5.0,,,0
2026-01-11,M. DMITROVIĆ,10.282,1.0,93.0,8.0,5.2,0.0,0.023,20.0,5.0,,,0
2026-01-11,P. GAZZANIGA,5.984,1.0,66.0,222.0,3.7,0.0,-0.102,20.0,5.0,,,0
2026-01-11,A. REMIRO,3.891,1.0,61.0,16.0,3.2,0.0,0.074,20.0,5.0,,,0
2026-01-12,I. ROMERO,6.63,4.0,74.0,12.0,4.9,0.0,-0.077,20.0,4.0,,,0
2026-01-12,I. ROMERO,6.63,4.0,74.0,12.0,4.9,0.0,-0.057,20.0,4.0,,,0
2026-01-12,I. ASPAS,5.857,4.0,59.0,5.0,3.7,0.0,-0.076,20.0,4.0,,,0
2026-01-12,T. ASANO,0.174,4.0,32.0,408.0,2.5,0.0,-0.003,20.0,4.0,,,0
2026-01-12,C. BAKAMBU,0.169,4.0,13.0,4.0,1.9,4.0,0.009,20.0,4.0,Dani,-0.95109,1
2026-01-12,D. OLMO,11.124,3.0,89.0,3.0,6.4,0.0,0.09,20.0,4.0,Jotabetrbb,-13.429018,3
2026-01-12,M. ROCA,3.634,3.0,44.0,4.0,3.1,0.0,0.039,20.0,4.0,,,0
2026-01-12,J. SÁNCHEZ,0.252,2.0,36.0,17.0,2.6,0.0,-0.017,20.0,4.0,Los marinero,-0.252,0
2026-01-12,J. VERTROUWD,0.179,2.0,6.0,14.0,1.5,0.0,0.019,20.0,4.0,,,0
2026-01-12,D. LÓPEZ,0.171,2.0,2.0,408.0,2.0,0.0,0.037,20.0,4.0,,,0
2026-01-12,D. LÓPEZ,0.171,2.0,2.0,408.0,2.0,0.0,0.011,20.0,4.0,,,0
2026-01-12,D. LÓPEZ,0.171,2.0,2.0,408.0,2.0,0.0,-0.091,20.0,4.0,,,0
2026-01-12,P. GAZZANIGA,5.898,1.0,66.0,222.0,3.7,0.0,-0.086,20.0,4.0,,,0
2026-01-13,ISCO,11.387,3.0,5.0,4.0,5.0,1.0,-0.108,20.0,3.0,,,0
2026-01-13,L. RIOJA,4.853,3.0,69.0,19.0,3.8,0.0,-0.13,20.0,3.0,,,0
2026-01-13,A. ZAKHARYAN,0.188,3.0,22.0,16.0,1.8,0.0,0.01,20.0,3.0,,,0
2026-01-13,L. ILIC,0.16,3.0,22.0,1370.0,1.7,0.0,,20.0,3.0,,,0
2026-01-13,S. MOURIÑO,5.403,2.0,47.0,20.0,3.9,0.0,0.041,20.0,3.0,Dani,-7.35536,0
2026-01-13,S. CARDONA,2.832,2.0,49.0,20.0,3.3,0.0,0.007,20.0,3.0,Los marinero,-3.122,0
2026-01-13,H. BELLERÍN,2.028,2.0,58.0,4.0,3.6,0.0,-0.048,20.0,3.0,,,0
2026-01-13,J. TORRENTS,0.173,2.0,7.0,3.0,2.3,0.0,0.013,20.0,3.0,,,0
2026-01-13,V. PARADA,0.199,2.0,31.0,48.0,2.1,0.0,0.037,20.0,3.0,,,0
2026-01-13,D. LÓPEZ,0.16,2.0,2.0,408.0,2.0,0.0,-0.086,20.0,3.0,,,0
2026-01-13,D. LÓPEZ,0.16,2.0,2.0,408.0,2.0,0.0,-0.037,20.0,3.0,,,0
2026-01-13,D. LÓPEZ,0.16,2.0,2.0,408.0,2.0,0.0,-0.011,20.0,3.0,,,0
2026-01-13,M. RYAN,9.007,1.0,81.0,12.0,5.1,0.0,0.129,20.0,3.0,,,0
2026-01-13,A. SIVERA,7.016,1.0,86.0,48.0,4.5,0.0,0.06,20.0,3.0,,,0
2026-01-13,Á. FORTUÑO,0.203,1.0,0.0,8.0,0.0,0.0,0.043,20.0,3.0,,,0
2026-01-14,R. GARCÍA DE HARO,1.641,4.0,63.0,50.0,3.5,0.0,0.024,20.0,2.0,,,0
2026-01-14,U. SADIQ,0.599,4.0,11.0,19.0,1.8,0.0,0.041,20.0,2.0,Dani,-0.9446,1
2026-01-14,A. GÜLER,16.866,3.0,91.0,15.0,4.8,0.0,-0.047,20.0,2.0,,,0
2026-01-14,M. JAUREGIZAR,5.774,3.0,72.0,1.0,3.8,0.0,-0.036,20.0,2.0,Chamacónicos,-5.964,0
2026-01-14,M. BUENO,0.16,3.0,7.0,17.0,2.3,0.0,,20.0,2.0,,,0
2026-01-14,R. MARÍN,6.952,2.0,62.0,20.0,4.8,0.0,-0.1,20.0,2.0,,,0
2026-01-14,J. IGLESIAS,2.37,2.0,67.0,9.0,3.7,0.0,-0.008,20.0,2.0,Chamacónicos,-2.38,0
2026-01-14,J. TOLJAN,1.174,2.0,64.0,12.0,3.6,0.0,-0.004,20.0,2.0,,,0
2026-01-14,L. FELIPE,0.185,2.0,16.0,14.0,2.3,1.0,0.001,20.0,2.0,,,0
2026-01-14,J. GARCIA,15.754,1.0,92.0,3.0,7.1,0.0,0.04,20.0,2.0,Libre,-15.75408,0
2026-01-14,M. RYAN,9.156,1.0,81.0,12.0,5.1,0.0,0.149,20.0,2.0,,,0
2026-01-14,A. SIVERA,7.079,1.0,86.0,48.0,4.5,0.0,0.063,20.0,2.0,,,0
2026-01-15,G. MIKAUTADZE,10.951,4.0,70.0,20.0,5.4,0.0,0.11,20.0,1.0,Dani,-14.127603,1
2026-01-15,V. VANAT,3.296,4.0,61.0,222.0,3.8,0.0,0.135,20.0,1.0,,,0
2026-01-15,I. MARTÍN,3.457,3.0,58.0,222.0,3.4,0.0,0.105,20.0,1.0,,,0
2026-01-15,B. MENDY,2.197,3.0,56.0,17.0,3.7,0.0,-0.006,20.0,1.0,,,0
2026-01-15,U. GÓMEZ,0.171,3.0,20.0,1.0,1.8,0.0,0.011,20.0,1.0,,,0
2026-01-15,J. MOJICA,5.504,2.0,67.0,408.0,3.5,0.0,-0.035,20.0,1.0,,,0
2026-01-15,J. CANCELO,2.706,2.0,0.0,3.0,0.0,0.0,0.11,20.0,1.0,Dani,-3.11993,0
2026-01-15,OSO,1.82,2.0,20.0,17.0,4.0,0.0,0.051,20.0,1.0,,,0
2026-01-15,M. MOREY,0.216,2.0,32.0,408.0,2.9,0.0,0.022,20.0,1.0,Dani,-0.22321,0
2026-01-15,L. LASO,0.201,2.0,0.0,9.0,0.0,0.0,0.041,20.0,1.0,,,0
2026-01-15,M. RYAN,9.31,1.0,81.0,12.0,5.1,0.0,0.154,20.0,1.0,,,0
2026-01-15,A. SIVERA,7.164,1.0,86.0,48.0,4.5,0.0,0.085,20.0,1.0,,,0
2026-01-16,G. RASPADORI,0.16,4.0,23.0,0.0,1.9,0.0,,20.0,0.5,,,0
2026-01-16,A. RUIZ,0.16,4.0,5.0,222.0,1.7,1.0,-0.031,20.0,0.5,,,0
2026-01-16,ALEMÃO,0.16,4.0,30.0,14.0,2.7,0.0,,20.0,0.5,,,0
2026-01-16,J. GUERRA,1.199,3.0,51.0,19.0,2.7,0.0,-0.011,20.0,0.5,,,0
2026-01-16,K. BARJA,0.16,3.0,23.0,50.0,1.6,0.0,-0.001,20.0,0.5,,,0
2026-01-16,P. AGUDÍN,0.16,3.0,5.0,1370.0,1.3,0.0,,20.0,0.5,,,0
2026-01-16,F. PÉREZ,0.16,3.0,40.0,14.0,2.5,0.0,,20.0,0.5,,,0
2026-01-16,Á. CARRERAS,12.748,2.0,69.0,15.0,4.1,0.0,0.011,20.0,0.5,,,0
2026-01-16,R. VEIGA,6.33,2.0,39.0,20.0,2.6,0.0,-0.046,20.0,0.5,,,0
2026-01-16,J. HERRANDO,1.06,2.0,34.0,50.0,2.3,0.0,0.02,20.0,0.5,Libre,-1.06002,0
2026-01-16,K. FEMENÍA,0.535,2.0,43.0,9.0,2.9,0.0,0.064,20.0,0.5,Libre,-0.53502,0
2026-01-16,J. GARCIA,15.826,1.0,92.0,3.0,7.1,0.0,0.035,20.0,0.5,,,0
2026-01-16,M. RYAN,9.456,1.0,81.0,12.0,5.1,0.0,0.146,20.0,0.5,,,0
2026-01-16,L. JÚNIOR,6.879,1.0,63.0,20.0,4.2,0.0,0.005,20.0,0.5,,,0
2026-01-17,C. STUANI,0.182,4.0,36.0,222.0,3.6,1.0,-0.013,21.0,6.0,,,0
2026-01-17,A. RUIZ,0.16,4.0,5.0,222.0,1.7,1.0,,21.0,6.0,,,0
2026-01-17,I. CHAIRA,0.591,3.0,52.0,1370.0,3.1,0.0,0.029,21.0,6.0,,,0
2026-01-17,F. BOYOMO,4.59,2.0,69.0,50.0,4.3,0.0,0.133,21.0,6.0,Chamacónicos,-5.09,2
2026-01-17,A. MARTÍNEZ,4.153,2.0,66.0,222.0,3.7,0.0,0.091,21.0,6.0,Dani,-4.24136,0
2026-01-17,G. SUAZO,1.93,2.0,45.0,17.0,3.8,3.0,-0.053,21.0,6.0,,,0
2026-01-17,K. SALAS,0.741,2.0,29.0,17.0,3.6,0.0,0.044,21.0,6.0,,,0
2026-01-17,O. LUENGO,0.208,2.0,5.0,1370.0,2.5,0.0,0.003,21.0,6.0,,,0
2026-01-17,J. LÓPEZ,0.185,2.0,21.0,1370.0,2.6,0.0,-0.015,21.0,6.0,,,0
2026-01-17,T. NIANZOU,0.186,2.0,14.0,17.0,2.3,0.0,-0.022,21.0,6.0,,,0
2026-01-17,A. MATTURRO,0.16,2.0,12.0,12.0,2.0,0.0,-0.013,21.0,6.0,,,0
2026-01-17,A. SAN MIGUEL,0.18,1.0,0.0,4.0,0.0,0.0,,21.0,6.0,,,0
2026-01-17,H. MOLDOVAN,0.16,1.0,0.0,1370.0,0.0,0.0,-0.008,21.0,6.0,,,0
2026-01-18,RODRYGO,10.225,4.0,51.0,15.0,3.0,1.0,0.013,21.0,5.0,Jotabetrbb,-12.225,1
2026-01-18,O. MASCARELL,1.12,3.0,52.0,408.0,4.0,0.0,0.002,21.0,5.0,,,0
2026-01-18,F. UGRINIC,0.55,3.0,29.0,19.0,3.2,0.0,0.013,21.0,5.0,Los marinero,-0.65,1
2026-01-18,D. FERNÁNDEZ,0.16,3.0,13.0,3.0,3.3,0.0,-0.007,21.0,5.0,,,0
2026-01-18,J. FOYTH,10.093,2.0,54.0,20.0,4.5,0.0,0.125,21.0,5.0,Libre,-11.06023,2
2026-01-18,A. GOROSABEL,0.208,2.0,20.0,1.0,2.0,0.0,0.048,21.0,5.0,Dani,-0.25366,0
2026-01-18,Í. ARGUIBIDE,0.208,2.0,8.0,50.0,1.6,0.0,0.03,21.0,5.0,,,0
2026-01-18,A. FRANCÉS,0.179,2.0,20.0,222.0,1.8,0.0,,21.0,5.0,,,0
2026-01-18,DAVINCHI,0.16,2.0,19.0,9.0,2.7,1.0,-0.034,21.0,5.0,,,0
2026-01-18,J. MUSSO,0.16,1.0,4.0,2.0,4.0,0.0,,21.0,5.0,,,0
2026-01-19,V. MUÑOZ,10.091,4.0,106.0,50.0,5.3,0.0,0.04,21.0,4.0,Dani,-10.17924,0
2026-01-19,T. ASANO,0.209,4.0,32.0,408.0,2.5,0.0,0.049,21.0,4.0,,,0
2026-01-19,E. CAMAVINGA,10.278,3.0,50.0,15.0,3.6,0.0,-0.081,21.0,4.0,,,0
2026-01-19,R. GARCÍA,6.482,3.0,68.0,50.0,3.8,0.0,0.086,21.0,4.0,Libre,-6.48202,0
2026-01-19,H. ÁLVAREZ,0.45,3.0,45.0,5.0,3.8,0.0,0.03,21.0,4.0,Libre,-0.45002,0
2026-01-19,K. SIBO,0.164,3.0,25.0,1370.0,2.3,0.0,-0.04,21.0,4.0,,,0
2026-01-19,P. MARÍN,0.16,3.0,31.0,16.0,1.8,0.0,-0.047,21.0,4.0,,,0
2026-01-19,R. ARAÚJO,4.348,2.0,58.0,3.0,5.3,0.0,0.104,21.0,4.0,Chamacónicos,-4.388,2
2026-01-19,I. BALLIU,0.298,2.0,22.0,14.0,2.4,1.0,-0.047,21.0,4.0,,,0
2026-01-19,J. VERTROUWD,0.179,2.0,8.0,14.0,1.6,0.0,0.019,21.0,4.0,,,0
2026-01-19,C. RIEDEL,0.173,2.0,31.0,8.0,3.9,0.0,0.013,21.0,4.0,,,0
2026-01-20,K. GARCÍA,2.206,4.0,66.0,8.0,3.5,0.0,-0.046,21.0,3.0,,,0
2026-01-20,C. MARTÍN,0.629,3.0,7.0,14.0,3.5,0.0,0.02,21.0,3.0,De la Guettir FC,-1.373,0
2026-01-20,G. DIANGANA,0.314,3.0,30.0,23.0,3.0,0.0,0.015,21.0,3.0,Dani,-0.32115,1
2026-01-20,S. BECERRA,0.21,3.0,1.0,14.0,0.3,0.0,0.021,21.0,3.0,,,0
2026-01-20,A. OSAMBELA,0.164,3.0,13.0,50.0,1.9,0.0,0.004,21.0,3.0,,,0
2026-01-20,L. ASTIAZARAN,0.16,3.0,0.0,16.0,0.0,4.0,,21.0,3.0,,,0
2026-01-20,Á. CARRERAS,12.673,2.0,73.0,15.0,4.1,0.0,-0.01,21.0,3.0,,,0
2026-01-20,Ó. MINGUEZA,10.559,2.0,78.0,5.0,4.6,0.0,0.057,21.0,3.0,Los marinero,-10.559,0
2026-01-20,K. FEMENÍA,0.534,2.0,43.0,9.0,2.9,0.0,-0.021,21.0,3.0,,,0
2026-01-20,H. RINCÓN,0.512,2.0,38.0,222.0,2.2,0.0,0.063,21.0,3.0,,,0
2026-01-20,A. MATTURRO,0.16,2.0,13.0,12.0,1.9,0.0,-0.005,21.0,3.0,,,0
2026-01-20,J. MUSSO,0.181,1.0,4.0,2.0,4.0,0.0,-0.022,21.0,3.0,,,0
2026-01-20,D. CÁRDENAS,0.171,1.0,0.0,14.0,0.0,0.0,0.011,21.0,3.0,,,0
2026-01-21,E. EYONG,11.889,4.0,85.0,12.0,5.0,0.0,0.034,21.0,2.0,Chamacónicos,-13.949,1
2026-01-21,I. LOSADA,0.907,4.0,26.0,12.0,3.3,0.0,0.047,21.0,2.0,Libre,-0.90701,0
2026-01-21,O. EJARIA,0.16,3.0,17.0,1370.0,2.4,3.0,-0.009,21.0,2.0,,,0
2026-01-21,J. FOYTH,10.036,2.0,54.0,20.0,4.5,0.0,-0.044,21.0,2.0,,,0
2026-01-21,J. ÁNGEL CARMONA,3.252,2.0,66.0,17.0,3.7,0.0,,21.0,2.0,,,0
2026-01-21,Y. BERCHICHE,2.803,2.0,54.0,1.0,3.2,3.0,0.059,21.0,2.0,Libre,-2.80301,0
2026-01-21,K. FEMENÍA,0.522,2.0,43.0,9.0,2.9,0.0,-0.012,21.0,2.0,,,0
2026-01-21,A. CHRISTENSEN,0.174,2.0,30.0,3.0,2.5,1.0,-0.036,21.0,2.0,,,0
2026-01-21,T. NIANZOU,0.16,2.0,14.0,17.0,2.0,0.0,,21.0,2.0,,,0
2026-01-21,O. LUENGO,0.16,2.0,7.0,1370.0,2.3,0.0,-0.039,21.0,2.0,,,0
2026-01-21,J. CRUZ,0.16,2.0,23.0,50.0,1.9,0.0,,21.0,2.0,,,0
2026-01-22,F. VIÑAS,1.003,4.0,51.0,1370.0,3.2,0.0,0.065,21.0,1.0,,,0
2026-01-22,A. GÜLER,16.728,3.0,98.0,15.0,4.9,0.0,0.039,21.0,1.0,,,0
2026-01-22,A. TCHOUAMÉNI,15.108,3.0,84.0,15.0,4.7,5.0,-0.066,21.0,1.0,,,0
2026-01-22,P. FERNÁNDEZ,1.34,3.0,44.0,17.0,2.8,0.0,-0.022,21.0,1.0,,,0
2026-01-22,M. MARTÍN,0.893,3.0,63.0,9.0,3.3,0.0,0.039,21.0,1.0,,,0
2026-01-22,A. CATENA,10.874,2.0,80.0,50.0,4.2,2.0,-0.124,21.0,1.0,,,0
2026-01-22,J. ARESO,1.225,2.0,55.0,1.0,3.2,0.0,0.001,21.0,1.0,,,0
2026-01-22,M. MOREY,0.175,2.0,35.0,408.0,2.9,0.0,-0.021,21.0,1.0,,,0
2026-01-22,D. JIMÉNEZ,0.169,2.0,0.0,15.0,0.0,0.0,0.009,21.0,1.0,,,0
2026-01-22,P. ESPINO,0.16,2.0,32.0,14.0,2.3,0.0,-0.007,21.0,1.0,,,0
2026-01-22,A. MATTURRO,0.161,2.0,13.0,12.0,1.9,0.0,0.001,21.0,1.0,,,0
2026-01-22,I. BEKHOUCHA,0.16,2.0,8.0,9.0,2.0,0.0,-0.006,21.0,1.0,,,0
2026-01-27,M. AGUADO,4.003,3.0,65.0,23.0,3.3,0.0,-0.103,22.0,3.0,,,0
2026-01-27,A. RUIBAL,5.234,2.0,86.0,4.0,5.4,3.0,-0.034,22.0,3.0,,,0
2026-01-27,A. BUDIMIR,12.465,4.0,103.0,50.0,5.2,0.0,0.108,22.0,3.0,De la Guettir FC,-15.125035,2
2026-01-27,J. VIRGILI,5.233,3.0,64.0,408.0,4.0,0.0,-0.094,22.0,3.0,,,0
2026-01-27,L. TORRÓ,4.492,3.0,71.0,50.0,3.6,0.0,-0.135,22.0,3.0,,,0
2026-01-27,J. EL-ABDELLAOUI,1.173,3.0,47.0,5.0,3.9,0.0,0.005,22.0,3.0,Libre,-1.173,0
2026-01-27,C. PICKEL,0.165,3.0,30.0,8.0,2.5,0.0,0.005,22.0,3.0,,,0
2026-01-27,J. MOJICA,4.482,2.0,73.0,408.0,3.5,0.0,-0.073,22.0,3.0,,,0
2026-01-27,G. SUAZO,2.004,2.0,50.0,17.0,3.6,0.0,0.017,22.0,3.0,De la Guettir FC,-2.532323,1
2026-01-27,A. DE LA FUENTE,1.566,2.0,67.0,12.0,3.9,0.0,0.06,22.0,3.0,,,0
2026-01-27,J. SALINAS,0.194,2.0,16.0,8.0,2.0,0.0,-0.004,22.0,3.0,,,0
2026-01-27,M. MOREY,0.171,2.0,34.0,408.0,2.6,0.0,0.004,22.0,3.0,,,0
2026-01-28,J. LLABRÉS,0.205,4.0,12.0,408.0,1.1,0.0,0.014,22.0,2.0,,,0
2026-01-28,M. AGUADO,3.892,3.0,65.0,23.0,3.3,0.0,-0.111,22.0,2.0,,,0
2026-01-28,M. ROMÁN,2.173,3.0,51.0,5.0,3.9,0.0,-0.031,22.0,2.0,,,0
2026-01-28,L. DENDONCKER,0.178,3.0,53.0,1370.0,3.1,0.0,-0.001,22.0,2.0,,,0
2026-01-28,A. RUIBAL,5.229,2.0,86.0,4.0,5.4,3.0,-0.005,22.0,2.0,,,0
2026-01-28,J. RUEDA,4.189,2.0,68.0,5.0,4.9,0.0,0.076,22.0,2.0,Libre,-4.18901,0
2026-01-28,A. BRETONES,1.741,2.0,58.0,50.0,3.4,0.0,-0.056,22.0,2.0,,,0
2026-01-28,V. ROSIER,1.644,2.0,44.0,50.0,3.1,0.0,-0.031,22.0,2.0,Chamacónicos,-1.664,0
2026-01-28,F. GARCÉS,0.181,2.0,26.0,48.0,4.3,0.0,0.021,22.0,2.0,,,0
2026-01-28,Í. LEKUE,0.16,2.0,5.0,1.0,0.8,2.0,,22.0,2.0,,,0
2026-01-28,A. GOROSABEL,0.16,2.0,20.0,1.0,2.0,0.0,,22.0,2.0,,,0
2026-01-28,P. CAMPOS,0.189,1.0,11.0,12.0,5.5,0.0,0.021,22.0,2.0,,,0
2026-01-29,K. TUNDE,0.16,4.0,8.0,12.0,2.0,0.0,,22.0,1.0,,,0
2026-01-29,A. BLANCO,5.112,3.0,76.0,48.0,4.0,0.0,0.121,22.0,1.0,Maldinillo 💥,-5.36548,0
2026-01-29,M. CASADÓ,1.219,3.0,43.0,3.0,3.1,0.0,0.025,22.0,1.0,Dani,-1.51435,1
2026-01-29,K. SIBO,0.176,3.0,29.0,1370.0,2.4,0.0,-0.005,22.0,1.0,,,0
2026-01-29,M. MORLANES,0.168,3.0,37.0,408.0,2.5,3.0,-0.015,22.0,1.0,,,0
2026-01-29,A. RUIBAL,5.265,2.0,86.0,4.0,5.4,0.0,0.036,22.0,1.0,,,0
2026-01-29,J. MOJICA,4.352,2.0,73.0,408.0,3.5,0.0,-0.068,22.0,1.0,,,0
2026-01-29,I. ZUBELDIA,1.503,2.0,52.0,16.0,3.3,0.0,0.022,22.0,1.0,Los marinero,-1.753,0
2026-01-29,A. ELUSTONDO,0.166,2.0,8.0,16.0,1.0,0.0,-0.044,22.0,1.0,,,0
2026-01-29,F. CARDOSO,0.16,2.0,9.0,17.0,3.0,0.0,-0.016,22.0,1.0,,,0
2026-01-29,A. BATALLA,7.136,1.0,93.0,14.0,4.4,0.0,-0.045,22.0,1.0,,,0
2026-01-30,A. GRIEZMANN,12.149,4.0,95.0,2.0,4.8,3.0,-0.131,22.0,0.5,,,0
2026-01-30,I. LOSADA,1.005,4.0,29.0,12.0,3.2,0.0,-0.014,22.0,0.5,,,0
2026-01-30,M. DÍAZ,0.16,4.0,17.0,48.0,1.9,0.0,,22.0,0.5,,,0
2026-01-30,J. DE FRUTOS,11.63,3.0,106.0,14.0,5.6,0.0,0.055,22.0,0.5,Maldinillo 💥,-11.94212,1
2026-01-30,J. MUÑOZ,0.16,3.0,25.0,9.0,2.3,0.0,,22.0,0.5,,,0
2026-01-30,Á. CARRERAS,13.111,2.0,79.0,15.0,4.2,0.0,0.069,22.0,0.5,,,0
2026-01-30,F. CALERO,5.525,2.0,69.0,8.0,4.1,0.0,-0.049,22.0,0.5,,,0
2026-01-30,D. DJENÉ,1.941,2.0,60.0,9.0,3.0,0.0,0.012,22.0,0.5,,,0
2026-01-30,S. CARDONA,1.859,2.0,50.0,20.0,3.1,0.0,-0.07,22.0,0.5,,,0
2026-01-30,J. HERRANDO,1.111,2.0,39.0,50.0,2.3,0.0,0.011,22.0,0.5,,,0
2026-01-30,M. RISTIĆ,0.2,2.0,6.0,5.0,1.5,0.0,0.005,22.0,0.5,,,0
2026-01-30,A. CHRISTENSEN,0.197,2.0,30.0,3.0,2.5,1.0,0.037,22.0,0.5,,,0
2026-01-30,J. GARCIA,15.993,1.0,101.0,3.0,6.7,0.0,0.026,22.0,0.5,Dani,-16.70801,2
2026-01-30,P. LÓPEZ,0.406,1.0,36.0,4.0,4.5,0.0,0.049,22.0,0.5,,,0
2026-01-31,A. SANTOS,17.31,4.0,77.0,4.0,4.8,0.0,-0.04,23.0,6.0,,,0
2026-01-31,T. ASANO,0.177,4.0,32.0,408.0,2.3,0.0,0.017,23.0,6.0,,,0
2026-01-31,L. BELTRÁN,1.006,3.0,52.0,19.0,2.9,0.0,0.045,23.0,6.0,Libre,-1.006,0
2026-01-31,F. REDONDO,0.178,3.0,6.0,23.0,1.0,0.0,0.018,23.0,6.0,,,0
2026-01-31,K. BARJA,0.176,3.0,25.0,50.0,1.7,0.0,0.007,23.0,6.0,,,0
2026-01-31,F. LEJEUNE,9.271,2.0,84.0,14.0,4.0,0.0,-0.117,23.0,6.0,,,0
2026-01-31,M. SÁNCHEZ,1.209,2.0,66.0,12.0,3.9,0.0,-0.03,23.0,6.0,,,0
2026-01-31,D. PAMPÍN,0.16,2.0,13.0,12.0,2.6,1.0,-0.026,23.0,6.0,,,0
2026-01-31,U. EGILUZ,0.16,2.0,0.0,1.0,0.0,1.0,-0.007,23.0,6.0,,,0
2026-01-31,A. BATALLA,6.94,1.0,93.0,14.0,4.4,0.0,-0.121,23.0,6.0,,,0
2026-01-31,J. AGIRREZABALA,2.224,1.0,76.0,19.0,4.2,1.0,-0.086,23.0,6.0,,,0
2026-02-01,L. BOYÉ,5.305,4.0,82.0,48.0,5.1,0.0,0.081,23.0,5.0,Dani,-5.91883,0
2026-02-01,J. FERRÁNDEZ,0.206,3.0,29.0,23.0,2.4,1.0,0.046,23.0,5.0,,,0
2026-02-01,J. KALUMBA,0.164,3.0,0.0,408.0,0.0,0.0,-0.025,23.0,5.0,,,0
2026-02-01,C. BENAVÍDEZ,0.16,3.0,10.0,48.0,1.4,0.0,-0.01,23.0,5.0,,,0
2026-02-01,L. CABRERA,13.839,2.0,106.0,8.0,5.0,0.0,-0.105,23.0,5.0,,,0
2026-02-01,M. ALONSO,12.215,2.0,72.0,5.0,4.0,0.0,-0.019,23.0,5.0,Chamacónicos,-12.315,0
2026-02-01,A. CATENA,10.068,2.0,83.0,50.0,4.2,0.0,-0.091,23.0,5.0,,,0
2026-02-01,D. DUARTE,0.448,2.0,50.0,9.0,2.8,0.0,-0.051,23.0,5.0,,,0
2026-02-01,J. AIDOO,0.16,2.0,6.0,5.0,2.0,0.0,-0.033,23.0,5.0,,,0
2026-02-01,V. KRAPYVTSOV,0.16,1.0,5.0,222.0,2.5,0.0,,23.0,5.0,,,0
2026-02-02,M. RASHFORD,14.387,4.0,106.0,3.0,5.3,0.0,0.088,23.0,4.0,Maldinillo 💥,-14.79861,3
2026-02-02,G. LO CELSO,11.96,3.0,87.0,4.0,5.1,1.0,-0.12,23.0,4.0,Maldinillo 💥,-12.0877,0
2026-02-02,F. BELTRÁN,0.942,3.0,32.0,222.0,2.7,0.0,0.072,23.0,4.0,Dani,-1.22801,3
2026-02-02,P. AGUDÍN,0.16,3.0,5.0,1370.0,1.3,0.0,-0.036,23.0,4.0,,,0
2026-02-02,N. SOUZA,7.234,2.0,68.0,4.0,3.4,5.0,-0.135,23.0,4.0,,,0
2026-02-02,É. MILITÃO,5.699,2.0,81.0,15.0,6.2,1.0,-0.128,23.0,4.0,,,0
2026-02-02,A. RAÍLLO,3.99,2.0,63.0,408.0,3.5,3.0,-0.143,23.0,4.0,,,0
2026-02-02,J. ÁNGEL CARMONA,3.787,2.0,70.0,17.0,3.7,0.0,-0.038,23.0,4.0,,,0
2026-02-02,T. NIANZOU,0.189,2.0,14.0,17.0,2.0,1.0,0.009,23.0,4.0,,,0
2026-02-02,A. ITURBE,0.16,1.0,0.0,23.0,0.0,0.0,-0.006,23.0,4.0,,,0
2026-02-03,A. SANTOS,17.204,4.0,80.0,4.0,4.7,0.0,-0.038,23.0,3.0,,,0
2026-02-03,M. SATRIANO,1.391,4.0,7.0,9.0,2.3,0.0,-0.026,23.0,3.0,,,0
2026-02-03,J. BELLINGHAM,20.522,3.0,92.0,15.0,5.1,1.0,-0.057,23.0,3.0,,,0
2026-02-03,J. MONCAYOLA,6.164,3.0,86.0,50.0,4.1,0.0,0.05,23.0,3.0,Libre,-6.1661,0
2026-02-03,J. EL-ABDELLAOUI,1.112,3.0,50.0,5.0,3.8,0.0,-0.027,23.0,3.0,,,0
2026-02-03,U. GÓMEZ,0.201,3.0,36.0,1.0,2.6,0.0,-0.026,23.0,3.0,,,0
2026-02-03,A. DADIE,0.191,3.0,0.0,16.0,0.0,4.0,-0.013,23.0,3.0,,,0
2026-02-03,N. SOUZA,7.084,2.0,68.0,4.0,3.4,5.0,-0.15,23.0,3.0,,,0
2026-02-03,Y. BERCHICHE,3.28,2.0,60.0,1.0,3.2,0.0,-0.041,23.0,3.0,,,0
2026-02-03,K. SALAS,1.738,2.0,42.0,17.0,3.8,0.0,0.067,23.0,3.0,Jotabetrbb,-1.838,1
2026-02-03,A. CHRISTENSEN,0.16,2.0,30.0,3.0,2.5,1.0,,23.0,3.0,,,0
2026-02-03,L. COSTA,0.16,2.0,0.0,20.0,0.0,1.0,-0.031,23.0,3.0,,,0
2026-02-03,Á. FORTUÑO,0.179,1.0,0.0,8.0,0.0,0.0,-0.028,23.0,3.0,,,0
2026-02-03,J. MUSSO,0.176,1.0,4.0,2.0,4.0,0.0,0.003,23.0,3.0,,,0
2026-02-04,A. PÉREZ,8.469,4.0,42.0,20.0,3.2,3.0,-0.175,23.0,2.0,,,0
2026-02-04,I. LOSADA,0.891,4.0,32.0,12.0,3.2,0.0,0.003,23.0,2.0,,,0
2026-02-04,J. BELLINGHAM,20.465,3.0,92.0,15.0,5.1,1.0,-0.057,23.0,2.0,,,0
2026-02-04,Á. GARCÍA,8.041,3.0,96.0,14.0,4.4,0.0,0.022,23.0,2.0,,,0
2026-02-04,A. LISO,1.061,3.0,66.0,9.0,3.7,0.0,-0.04,23.0,2.0,,,0
2026-02-04,J. GIMÉNEZ,5.042,2.0,37.0,2.0,4.6,0.0,-0.055,23.0,2.0,,,0
2026-02-04,A. PAREDES,2.129,2.0,61.0,1.0,4.1,0.0,-0.005,23.0,2.0,Maldinillo 💥,-2.129,0
2026-02-04,A. DE LA FUENTE,2.126,2.0,73.0,12.0,4.1,0.0,0.088,23.0,2.0,Maldinillo 💥,-2.37632,0
2026-02-04,P. MAFFEO,2.072,2.0,60.0,408.0,3.5,0.0,0.027,23.0,2.0,Maldinillo 💥,-2.07202,0
2026-02-04,Á. ORTIZ,0.237,2.0,23.0,4.0,2.6,0.0,-0.041,23.0,2.0,,,0
2026-02-04,N. MOLINA,0.194,2.0,31.0,2.0,2.1,0.0,0.034,23.0,2.0,,,0
2026-02-05,N. MAUPAY,1.286,4.0,8.0,17.0,8.0,0.0,0.054,23.0,1.0,Jotabetrbb,-4.586,0
2026-02-05,J. KARRIKABURU,0.166,4.0,11.0,16.0,1.8,0.0,0.006,23.0,1.0,,,0
2026-02-05,J. MONCAYOLA,6.277,3.0,86.0,50.0,4.1,3.0,0.037,23.0,1.0,,,0
2026-02-05,R. NAVARRO,1.692,3.0,73.0,1.0,4.1,0.0,0.057,23.0,1.0,Dani,-1.91118,1
2026-02-05,P. CISS,1.338,3.0,51.0,14.0,3.2,2.0,-0.045,23.0,1.0,,,0
2026-02-05,H. SOTELO,0.863,3.0,55.0,5.0,3.9,0.0,0.021,23.0,1.0,Libre,-0.86302,0
2026-02-05,A. REGO,0.196,3.0,44.0,1.0,3.1,0.0,0.027,23.0,1.0,,,0
2026-02-05,P. CABANES,0.16,3.0,0.0,20.0,0.0,1.0,,23.0,1.0,,,0
2026-02-05,É. MILITÃO,5.343,2.0,81.0,15.0,6.2,1.0,-0.114,23.0,1.0,,,0
2026-02-05,A. MATTURRO,0.721,2.0,32.0,12.0,3.6,0.0,0.05,23.0,1.0,Libre,-0.81503,1
2026-02-05,S. BOSELLI,0.207,2.0,2.0,9.0,1.0,0.0,0.047,23.0,1.0,,,0
2026-02-06,C. ALEÑÁ,0.752,3.0,65.0,48.0,3.0,0.0,0.055,23.0,0.5,,,0
2026-02-06,C. MACIA,0.197,3.0,7.0,20.0,1.8,0.0,0.037,23.0,0.5,,,0
2026-02-06,D. VAN DE BEEK,0.178,3.0,4.0,222.0,2.0,1.0,0.018,23.0,0.5,,,0
2026-02-06,R. VEIGA,5.324,2.0,49.0,20.0,2.7,0.0,-0.014,23.0,0.5,,,0
2026-02-06,N. MENDY,2.883,2.0,41.0,14.0,3.2,0.0,-0.029,23.0,0.5,,,0
2026-02-06,J. ARESO,1.122,2.0,60.0,1.0,3.2,0.0,0.029,23.0,0.5,,,0
2026-02-06,Z. ROMERO,0.631,2.0,8.0,9.0,4.0,0.0,0.035,23.0,0.5,,,0
2026-02-06,M. KUMBULLA,0.176,2.0,16.0,408.0,2.3,3.0,0.006,23.0,0.5,,,0
2026-02-06,J. AGIRREZABALA,1.813,1.0,76.0,19.0,4.2,1.0,-0.07,23.0,0.5,,,0
2026-02-06,A. LUNIN,0.183,1.0,0.0,15.0,0.0,0.0,0.023,23.0,0.5,,,0
2026-02-07,A. LOOKMAN,8.293,4.0,0.0,2.0,0.0,0.0,0.18,24.0,6.0,Jotabetrbb,-16.793,2
2026-02-07,K. TUNDE,0.16,4.0,10.0,12.0,2.0,0.0,-0.029,24.0,6.0,,,0
2026-02-07,L. RIOJA,5.215,3.0,85.0,19.0,4.0,0.0,0.026,24.0,6.0,,,0
2026-02-07,P. CISS,1.257,3.0,51.0,14.0,3.2,2.0,-0.035,24.0,6.0,,,0
2026-02-07,I. MUÑOZ,0.16,3.0,23.0,50.0,2.6,0.0,-0.019,24.0,6.0,,,0
2026-02-07,M. BARTRA,12.407,2.0,76.0,4.0,4.2,0.0,0.008,24.0,6.0,,,0
2026-02-07,Ó. MINGUEZA,11.072,2.0,85.0,5.0,4.3,0.0,-0.017,24.0,6.0,,,0
2026-02-07,N. TENAGLIA,6.973,2.0,89.0,48.0,4.5,0.0,-0.061,24.0,6.0,,,0
2026-02-07,L. LASO,0.16,2.0,0.0,9.0,0.0,0.0,-0.007,24.0,6.0,,,0
2026-02-07,A. LUNIN,0.187,1.0,0.0,15.0,0.0,0.0,0.004,24.0,6.0,,,0
2026-02-08,A. SANTOS,17.002,4.0,80.0,4.0,4.7,0.0,-0.068,24.0,5.0,,,0
2026-02-08,G. MIKAUTADZE,11.887,4.0,78.0,20.0,4.9,0.0,-0.023,24.0,5.0,,,0
2026-02-08,A. PÉREZ,7.851,4.0,42.0,20.0,3.2,3.0,-0.137,24.0,5.0,,,0
2026-02-08,L. CEPEDA,0.592,4.0,5.0,23.0,2.5,0.0,-0.037,24.0,5.0,,,0
2026-02-08,C. BAKAMBU,0.16,4.0,14.0,4.0,1.8,0.0,,24.0,5.0,,,0
2026-02-08,J. BELLINGHAM,20.235,3.0,92.0,15.0,5.1,1.0,-0.057,24.0,5.0,,,0
2026-02-08,A. OUNAHI,9.186,3.0,74.0,222.0,7.4,1.0,-0.036,24.0,5.0,Maldinillo 💥,-9.23451,0
2026-02-08,J. MONCAYOLA,5.965,3.0,86.0,50.0,4.1,1.0,-0.122,24.0,5.0,,,0
2026-02-08,P. FERNÁNDEZ,1.801,3.0,58.0,17.0,3.2,0.0,0.005,24.0,5.0,Chamacónicos,-1.901,0
2026-02-08,H. SOTELO,0.711,3.0,55.0,5.0,3.9,4.0,-0.074,24.0,5.0,,,0
2026-02-08,T. ABED,0.16,3.0,1.0,12.0,1.0,0.0,,24.0,5.0,,,0
2026-02-08,A. REGO,0.16,3.0,44.0,1.0,3.1,0.0,-0.007,24.0,5.0,,,0
2026-02-08,J. LUIS GAYÀ,2.469,2.0,52.0,19.0,2.9,0.0,0.019,24.0,5.0,Jotabetrbb,-2.669,0
2026-02-08,D. JIMÉNEZ,0.16,2.0,0.0,15.0,0.0,0.0,,24.0,5.0,,,0
2026-02-08,A. GOROSABEL,0.16,2.0,23.0,1.0,2.1,0.0,-0.009,24.0,5.0,,,0
2026-02-09,T. MARTÍNEZ,3.546,4.0,96.0,48.0,4.4,0.0,0.121,24.0,4.0,Dani,-3.7531,1
2026-02-09,J. EL-ABDELLAOUI,0.978,3.0,54.0,5.0,3.9,0.0,-0.035,24.0,4.0,,,0
2026-02-09,J. KALUMBA,0.207,3.0,0.0,408.0,0.0,0.0,0.047,24.0,4.0,,,0
2026-02-09,J. FOYTH,6.96,2.0,56.0,20.0,4.3,1.0,-0.174,24.0,4.0,,,0
2026-02-09,J. MOJICA,3.46,2.0,78.0,408.0,3.4,0.0,-0.084,24.0,4.0,,,0
2026-02-09,M. SÁNCHEZ,1.008,2.0,74.0,12.0,3.9,0.0,-0.023,24.0,4.0,De la Guettir FC,-1.3896,0
2026-02-09,Y. ÁLVAREZ,0.179,2.0,0.0,1.0,0.0,4.0,0.019,24.0,4.0,,,0
2026-02-09,A. BATALLA,6.314,1.0,97.0,14.0,4.4,0.0,-0.115,24.0,4.0,,,0
2026-02-09,A. PADILLA,0.184,1.0,0.0,1.0,0.0,0.0,0.023,24.0,4.0,,,0
2026-02-09,C. RIVERO,0.16,1.0,0.0,19.0,0.0,0.0,-0.009,24.0,4.0,,,0
2026-02-09,A. LUNIN,0.16,1.0,0.0,15.0,0.0,0.0,,24.0,4.0,,,0
2026-02-10,B. MAYORAL,1.619,4.0,50.0,9.0,3.6,1.0,-0.071,23.0,0.5,Maldinillo 💥,-1.61904,0
2026-02-10,B. MAYORAL,1.619,4.0,50.0,9.0,3.6,1.0,-0.071,24.0,3.0,Maldinillo 💥,-1.61904,0
2026-02-10,O. SANCET,3.63,3.0,27.0,1.0,1.7,1.0,-0.129,23.0,0.5,Maldinillo 💥,-3.63018,0
2026-02-10,O. SANCET,3.63,3.0,27.0,1.0,1.7,1.0,-0.129,24.0,3.0,Maldinillo 💥,-3.63018,0
2026-02-10,P. LOZANO,1.076,3.0,71.0,8.0,3.4,0.0,-0.023,23.0,0.5,,,0
2026-02-10,P. LOZANO,1.076,3.0,71.0,8.0,3.4,0.0,-0.023,24.0,3.0,,,0
2026-02-10,D. SUÁREZ,0.176,3.0,58.0,48.0,3.2,0.0,-0.056,23.0,0.5,,,0
2026-02-10,D. SUÁREZ,0.176,3.0,58.0,48.0,3.2,0.0,-0.056,24.0,3.0,,,0
2026-02-10,T. PARTEY,0.171,3.0,31.0,20.0,2.2,1.0,-0.039,23.0,0.5,,,0
2026-02-10,T. PARTEY,0.171,3.0,31.0,20.0,2.2,1.0,-0.039,24.0,3.0,,,0
2026-02-10,M. PUBILL,8.222,2.0,53.0,2.0,5.3,1.0,0.106,23.0,0.5,Jotabetrbb,-9.422,3
2026-02-10,M. PUBILL,8.222,2.0,53.0,2.0,5.3,1.0,0.106,24.0,3.0,Jotabetrbb,-9.422,3
2026-02-10,J. VERTROUWD,0.21,2.0,6.0,14.0,1.0,0.0,0.05,23.0,0.5,,,0
2026-02-10,J. VERTROUWD,0.21,2.0,6.0,14.0,1.0,0.0,0.05,24.0,3.0,,,0
2026-02-10,I. BEKHOUCHA,0.171,2.0,8.0,9.0,2.0,4.0,0.011,23.0,0.5,,,0
2026-02-10,I. BEKHOUCHA,0.171,2.0,8.0,9.0,2.0,4.0,0.011,24.0,3.0,,,0
2026-02-10,J. AGIRREZABALA,1.555,1.0,76.0,19.0,4.2,1.0,-0.061,23.0,0.5,Maldinillo 💥,-1.555,0
2026-02-10,J. AGIRREZABALA,1.555,1.0,76.0,19.0,4.2,1.0,-0.061,24.0,3.0,Maldinillo 💥,-1.555,0
2026-02-10,L. BERGSTRÖM,0.16,1.0,22.0,408.0,4.4,0.0,-0.018,23.0,0.5,,,0
2026-02-10,L. BERGSTRÖM,0.16,1.0,22.0,408.0,4.4,0.0,-0.018,24.0,3.0,,,0
2026-02-11,A. GONZÁLEZ,0.199,4.0,27.0,20.0,2.7,3.0,0.039,24.0,2.0,,,0
2026-02-11,J. KARRIKABURU,0.18,4.0,11.0,16.0,1.8,0.0,-0.009,24.0,2.0,,,0
2026-02-11,R. GARCÍA,7.65,3.0,79.0,50.0,3.8,0.0,-0.056,24.0,2.0,,,0
2026-02-11,A. GUEVARA,0.16,3.0,42.0,48.0,2.8,0.0,-0.002,24.0,2.0,,,0
2026-02-11,T. MARQUÉS,0.16,3.0,1.0,3.0,1.0,0.0,-0.015,24.0,2.0,,,0
2026-02-11,L. DENDONCKER,0.16,3.0,54.0,1370.0,3.0,0.0,,24.0,2.0,,,0
2026-02-11,J. MOJICA,3.371,2.0,78.0,408.0,3.4,0.0,-0.012,24.0,2.0,,,0
2026-02-11,A. PAREDES,2.324,2.0,65.0,1.0,4.1,0.0,0.061,24.0,2.0,,,0
2026-02-11,A. MATTURRO,0.774,2.0,24.0,12.0,2.4,2.0,-0.07,24.0,2.0,,,0
2026-02-11,U. ELGEZABAL,0.286,2.0,38.0,12.0,3.2,0.0,0.054,24.0,2.0,,,0
2026-02-11,D. PAMPÍN,0.195,2.0,13.0,12.0,2.6,0.0,-0.011,24.0,2.0,,,0
2026-02-11,J. MONTES,0.16,2.0,2.0,9.0,2.0,0.0,-0.007,24.0,2.0,,,0
2026-02-12,J. ÁLVAREZ,18.583,4.0,92.0,2.0,4.0,0.0,-0.047,24.0,1.0,,,0
2026-02-12,V. BIRMANCEVIC,0.887,4.0,0.0,9.0,0.0,0.0,-0.045,24.0,1.0,,,0
2026-02-12,H. LÓPEZ,0.164,4.0,1.0,20.0,1.0,0.0,-0.004,24.0,1.0,,,0
2026-02-12,P. GARCÍA,0.161,4.0,33.0,4.0,2.4,0.0,-0.034,24.0,1.0,,,0
2026-02-12,Á. BERENGUER,6.548,3.0,80.0,1.0,4.0,3.0,-0.15,24.0,1.0,,,0
2026-02-12,R. MORO,3.943,3.0,7.0,50.0,3.5,0.0,0.151,24.0,1.0,De la Guettir FC,-6.788802,4
2026-02-12,M. ROMÁN,2.504,3.0,61.0,5.0,4.1,0.0,0.09,24.0,1.0,Dani,-2.9212,3
2026-02-12,M. CASADÓ,1.228,3.0,50.0,3.0,3.1,0.0,0.029,24.0,1.0,Dani,-1.3417,0
2026-02-12,B. SANTAMARIA,0.177,3.0,41.0,19.0,2.3,0.0,-0.028,24.0,1.0,Dani,-0.19309,0
2026-02-12,Ó. MINGUEZA,10.748,2.0,85.0,5.0,4.3,0.0,-0.054,24.0,1.0,,,0
2026-02-13,J. LUIS MORALES,0.203,4.0,41.0,12.0,2.4,0.0,0.04,24.0,0.5,,,0
2026-02-13,M. SANNADI,0.163,4.0,14.0,1.0,1.8,1.0,0.003,24.0,0.5,,,0
2026-02-13,F. LÓPEZ,5.175,3.0,7.0,5.0,3.5,0.0,0.072,24.0,0.5,Dani,-5.50589,0
2026-02-13,F. LÓPEZ,5.175,3.0,7.0,5.0,3.5,0.0,0.07,24.0,0.5,Dani,-5.50589,0
2026-02-13,D. CEBALLOS,0.91,3.0,40.0,15.0,3.1,0.0,-0.039,24.0,0.5,,,0
2026-02-13,A. GUEVARA,0.16,3.0,42.0,48.0,2.8,0.0,-0.027,24.0,0.5,,,0
2026-02-13,E. CÖMERT,0.75,2.0,25.0,19.0,4.2,0.0,0.049,24.0,0.5,Libre,-0.75351,0
2026-02-13,Y. ÁLVAREZ,0.185,2.0,0.0,1.0,0.0,4.0,-0.01,24.0,0.5,,,0
2026-02-13,I. BEKHOUCHA,0.175,2.0,8.0,9.0,2.0,0.0,0.015,24.0,0.5,,,0
2026-02-13,T. STEGEN,1.415,1.0,8.0,222.0,4.0,1.0,-0.062,24.0,0.5,,,0
2026-02-13,D. CÁRDENAS,0.194,1.0,0.0,14.0,0.0,0.0,-0.004,24.0,0.5,,,0
2026-02-14,A. SANTOS,16.973,4.0,91.0,4.0,5.1,3.0,-0.038,25.0,6.0,,,0
2026-02-14,R. BARDGHJI,0.628,4.0,42.0,3.0,3.5,0.0,-0.011,25.0,6.0,,,0
2026-02-14,F. DE JONG,16.135,3.0,87.0,3.0,5.1,0.0,-0.002,25.0,6.0,Maldinillo 💥,-18.59253,1
2026-02-14,R. GARCÍA,7.432,3.0,81.0,50.0,3.7,0.0,-0.11,25.0,6.0,,,0
2026-02-14,G. RODRÍGUEZ,2.626,3.0,1.0,19.0,1.0,0.0,0.048,25.0,6.0,,,0
2026-02-14,W. SWEDBERG,2.246,3.0,56.0,5.0,3.5,0.0,-0.071,25.0,6.0,,,0
2026-02-14,A. REINA,0.645,3.0,69.0,1370.0,3.3,0.0,-0.021,25.0,6.0,,,0
2026-02-14,P. CORTÉS,0.16,3.0,6.0,12.0,1.5,0.0,,25.0,6.0,,,0
2026-02-14,J. RUEDA,4.592,2.0,73.0,5.0,4.6,0.0,-0.08,25.0,6.0,,,0
2026-02-14,Y. BERCHICHE,3.124,2.0,63.0,1.0,3.2,3.0,-0.125,25.0,6.0,,,0
2026-02-14,Í. LEKUE,0.193,2.0,6.0,1.0,0.9,0.0,0.022,25.0,6.0,,,0
2026-02-14,Y. LAGO,0.188,2.0,10.0,5.0,2.5,4.0,0.028,25.0,6.0,,,0
2026-02-14,Á. FORTUÑO,0.193,1.0,0.0,8.0,0.0,0.0,0.002,25.0,6.0,,,0
2026-02-14,J. MUSSO,0.181,1.0,4.0,2.0,4.0,0.0,-0.029,25.0,6.0,,,0
2026-02-15,P. MILLA,9.11,4.0,98.0,8.0,4.5,0.0,-0.175,25.0,5.0,,,0
2026-02-15,M. JOSEPH,0.358,4.0,64.0,408.0,2.9,0.0,-0.059,25.0,5.0,,,0
2026-02-15,H. LÓPEZ,0.16,4.0,2.0,20.0,1.0,0.0,-0.039,25.0,5.0,,,0
2026-02-15,KOKE,11.977,3.0,114.0,2.0,5.2,0.0,0.032,25.0,5.0,Dani,-12.07495,0
2026-02-15,F. MASTANTUONO,4.559,3.0,47.0,15.0,3.1,0.0,-0.1,25.0,5.0,,,0
2026-02-15,K. BARJA,0.188,3.0,25.0,50.0,1.7,0.0,0.028,25.0,5.0,,,0
2026-02-15,C. BENAVÍDEZ,0.16,3.0,10.0,48.0,1.4,1.0,-0.03,25.0,5.0,,,0
2026-02-15,L. ILIC,0.16,3.0,25.0,1370.0,1.8,0.0,-0.018,25.0,5.0,,,0
2026-02-15,P. GAZZANIGA,4.582,1.0,73.0,222.0,3.7,0.0,0.042,25.0,5.0,,,0
2026-02-15,A. LUNIN,0.16,1.0,0.0,15.0,0.0,0.0,-0.023,25.0,5.0,,,0
2026-02-16,M. SANNADI,0.203,4.0,14.0,1.0,1.8,1.0,0.039,25.0,4.0,,,0
2026-02-16,R. GARCÍA,7.176,3.0,81.0,50.0,3.7,0.0,-0.139,25.0,4.0,,,0
2026-02-16,H. ÁLVAREZ,1.137,3.0,56.0,5.0,3.7,0.0,-0.026,25.0,4.0,,,0
2026-02-16,A. MESTANZA,0.16,3.0,5.0,9.0,1.7,4.0,-0.032,25.0,4.0,,,0
2026-02-16,T. ABED,0.16,3.0,1.0,12.0,1.0,0.0,,25.0,4.0,,,0
2026-02-16,S. BECERRA,0.16,3.0,1.0,14.0,0.3,4.0,-0.008,25.0,4.0,,,0
2026-02-16,D. HANCKO,10.891,2.0,96.0,2.0,4.2,0.0,0.007,25.0,4.0,Maldinillo 💥,-11.40691,1
2026-02-16,F. LEJEUNE,10.049,2.0,96.0,14.0,4.2,0.0,0.011,25.0,4.0,Maldinillo 💥,-10.2155,1
2026-02-16,J. MOJICA,3.122,2.0,80.0,408.0,3.3,0.0,-0.071,25.0,4.0,,,0
2026-02-16,Y. BERCHICHE,2.997,2.0,67.0,1.0,3.2,0.0,-0.019,25.0,4.0,,,0
2026-02-16,M. RUGGERI,1.014,2.0,46.0,2.0,2.7,0.0,0.01,25.0,4.0,,,0
2026-02-16,S. DIMITRIEVSKI,1.671,1.0,22.0,19.0,3.7,0.0,0.039,25.0,4.0,Libre,-1.67102,0
2026-02-16,A. LUNIN,0.16,1.0,0.0,15.0,0.0,0.0,,25.0,4.0,,,0
2026-02-17,J. ÁLVAREZ,18.385,4.0,92.0,2.0,3.8,0.0,-0.062,25.0,3.0,,,0
2026-02-17,I. ROMERO,5.979,4.0,88.0,12.0,4.4,0.0,-0.091,25.0,3.0,,,0
2026-02-17,I. ROMERO,5.979,4.0,88.0,12.0,4.4,0.0,-0.076,25.0,3.0,,,0
2026-02-17,H. HASSAN,4.936,4.0,83.0,1370.0,3.8,0.0,-0.095,25.0,3.0,,,0
2026-02-17,H. LÓPEZ,0.201,4.0,2.0,20.0,1.0,0.0,0.041,25.0,3.0,,,0
2026-02-17,A. BARRENETXEA,7.343,3.0,98.0,16.0,5.2,1.0,-0.141,25.0,3.0,,,0
2026-02-17,U. GÓMEZ,0.208,3.0,39.0,1.0,2.4,0.0,0.039,25.0,3.0,,,0
2026-02-17,C. PORTU,0.16,3.0,26.0,222.0,2.6,1.0,,25.0,3.0,,,0
2026-02-17,A. PEDRAZA,3.973,2.0,66.0,20.0,3.9,0.0,0.078,25.0,3.0,Dani,-4.0834,0
2026-02-17,O. EL HILALI,3.664,2.0,81.0,8.0,3.7,0.0,-0.08,25.0,3.0,,,0
2026-02-17,J. DONALD,0.209,2.0,33.0,23.0,2.4,0.0,0.049,25.0,3.0,,,0
2026-02-18,A. SØRLOTH,9.967,4.0,79.0,2.0,3.4,0.0,-0.013,25.0,2.0,,,0
2026-02-18,G. GARCÍA,2.3,4.0,56.0,15.0,2.9,0.0,0.074,25.0,2.0,,,0
2026-02-18,A. BARRENETXEA,7.208,3.0,98.0,16.0,5.2,3.0,-0.135,25.0,2.0,,,0
2026-02-18,F. BELTRÁN,1.598,3.0,50.0,222.0,3.6,0.0,0.068,25.0,2.0,De la Guettir FC,-3.3161,2
2026-02-18,U. LÓPEZ,0.169,3.0,51.0,14.0,3.0,0.0,-0.016,25.0,2.0,,,0
2026-02-18,L. ASTIAZARAN,0.16,3.0,0.0,16.0,0.0,0.0,-0.012,25.0,2.0,,,0
2026-02-18,A. RÜDIGER,5.301,2.0,28.0,15.0,3.5,0.0,0.075,25.0,2.0,Jotabetrbb,-6.301,0
2026-02-18,R. VEIGA,4.824,2.0,54.0,20.0,2.7,0.0,-0.1,25.0,2.0,,,0
2026-02-18,D. JIMÉNEZ,0.163,2.0,3.0,15.0,1.5,0.0,0.003,25.0,2.0,,,0
2026-02-18,Á. FORTUÑO,0.16,1.0,0.0,8.0,0.0,0.0,-0.026,25.0,2.0,,,0
2026-02-19,F. VIÑAS,1.242,4.0,60.0,1370.0,3.2,0.0,-0.001,25.0,1.0,,,0
2026-02-19,G. RODRÍGUEZ,2.841,3.0,5.0,19.0,2.5,0.0,0.059,25.0,1.0,Maldinillo 💥,-2.84116,0
2026-02-19,C. BENAVÍDEZ,0.16,3.0,10.0,48.0,1.4,3.0,,25.0,1.0,,,0
2026-02-19,R. MARÍN,5.826,2.0,73.0,20.0,4.6,0.0,-0.094,25.0,1.0,,,0
2026-02-19,O. EL HILALI,3.575,2.0,81.0,8.0,3.7,0.0,-0.042,25.0,1.0,,,0
2026-02-19,D. CARVAJAL,3.19,2.0,27.0,15.0,3.4,0.0,0.047,25.0,1.0,Maldinillo 💥,-3.33181,0
2026-02-19,F. GATTONI,0.206,2.0,2.0,17.0,2.0,0.0,0.012,25.0,1.0,,,0
2026-02-19,J. TORRENTS,0.197,2.0,7.0,3.0,2.3,0.0,0.037,25.0,1.0,,,0
2026-02-19,R. IRANZO,0.162,2.0,1.0,19.0,1.0,0.0,0.002,25.0,1.0,,,0
2026-02-19,A. SAN MIGUEL,0.2,1.0,0.0,4.0,0.0,0.0,0.04,25.0,1.0,,,0
2026-02-20,A. DANJUMA,5.296,4.0,80.0,19.0,3.6,3.0,-0.086,25.0,0.5,,,0
2026-02-20,H. LÓPEZ,0.162,4.0,2.0,20.0,1.0,0.0,-0.027,25.0,0.5,,,0
2026-02-20,A. GÜLER,18.081,3.0,118.0,15.0,4.9,0.0,0.047,25.0,0.5,Maldinillo 💥,-25.23226,1
2026-02-20,O. VARGAS,1.424,3.0,4.0,2.0,2.0,0.0,-0.013,25.0,0.5,,,0
2026-02-20,U. RAGHOUBER,0.531,3.0,14.0,12.0,2.8,0.0,-0.009,25.0,0.5,,,0
2026-02-20,A. JANUZAJ,0.16,3.0,23.0,17.0,2.3,3.0,,25.0,0.5,,,0
2026-02-20,J. PACHECO,4.125,2.0,65.0,48.0,3.6,0.0,0.15,25.0,0.5,Dani,-4.40323,0
2026-02-20,J. COPETE,2.196,2.0,56.0,19.0,2.8,0.0,-0.03,25.0,0.5,,,0
2026-02-20,J. ARESO,0.732,2.0,63.0,1.0,3.2,0.0,-0.009,25.0,0.5,,,0
2026-02-20,U. EGILUZ,0.16,2.0,0.0,1.0,0.0,1.0,-0.029,25.0,0.5,,,0
2026-02-21,G. GURUZETA,2.944,4.0,70.0,1.0,3.2,0.0,0.125,26.0,6.0,Dani,-3.33935,0
2026-02-21,A. SÁNCHEZ,1.281,4.0,56.0,17.0,3.5,0.0,-0.049,26.0,6.0,,,0
2026-02-21,D. RABA,0.16,4.0,22.0,19.0,2.0,0.0,,26.0,6.0,,,0
2026-02-21,B. MÉNDEZ,11.515,3.0,90.0,16.0,4.3,0.0,-0.064,26.0,6.0,,,0
2026-02-21,O. VARGAS,1.396,3.0,4.0,2.0,2.0,0.0,-0.028,26.0,6.0,,,0
2026-02-21,G. DIANGANA,0.184,3.0,37.0,23.0,2.8,1.0,0.023,26.0,6.0,,,0
2026-02-21,U. LÓPEZ,0.16,3.0,51.0,14.0,3.0,0.0,-0.012,26.0,6.0,,,0
2026-02-21,R. ALHASSANE,0.207,2.0,50.0,1370.0,2.6,0.0,0.047,26.0,6.0,,,0
2026-02-21,I. BEKHOUCHA,0.163,2.0,8.0,9.0,2.0,0.0,0.003,26.0,6.0,,,0
2026-02-21,J. TORRENTS,0.16,2.0,7.0,3.0,2.3,0.0,-0.048,26.0,6.0,,,0
2026-02-22,A. SANTOS,17.048,4.0,101.0,4.0,5.1,0.0,0.004,26.0,5.0,,,0
2026-02-22,L. BOYÉ,6.38,4.0,87.0,48.0,4.8,0.0,-0.007,26.0,5.0,,,0
2026-02-22,I. WILLIAMS,5.03,4.0,41.0,1.0,2.4,0.0,-0.014,26.0,5.0,,,0
2026-02-22,I. DIABATE,0.16,4.0,0.0,48.0,0.0,0.0,-0.028,26.0,5.0,,,0
2026-02-22,J. KOUNDÉ,14.753,2.0,96.0,3.0,4.2,0.0,-0.049,26.0,5.0,Maldinillo 💥,-14.80397,0
2026-02-22,D. HUIJSEN,11.52,2.0,55.0,15.0,3.1,1.0,-0.109,26.0,5.0,,,0
2026-02-22,N. SOUZA,6.863,2.0,81.0,4.0,3.5,0.0,0.031,26.0,5.0,,,0
2026-02-22,N. MENDY,2.443,2.0,56.0,14.0,3.7,0.0,0.029,26.0,5.0,,,0
2026-02-22,Á. MORENO,1.193,2.0,68.0,222.0,3.2,1.0,-0.052,26.0,5.0,,,0
2026-02-22,J. CRUZ,0.16,2.0,23.0,50.0,1.9,0.0,-0.032,26.0,5.0,,,0
2026-02-22,L. JÚNIOR,5.177,1.0,84.0,20.0,4.0,0.0,-0.071,26.0,5.0,,,0
2026-02-23,A. GRIEZMANN,10.465,4.0,103.0,2.0,4.7,0.0,-0.043,26.0,4.0,,,0
2026-02-23,H. DURO,8.83,4.0,95.0,19.0,4.0,0.0,-0.112,26.0,4.0,,,0
2026-02-23,K. GARCÍA,1.543,4.0,83.0,8.0,3.5,0.0,-0.023,26.0,4.0,,,0
2026-02-23,M. ROCA,6.898,3.0,73.0,4.0,3.7,0.0,0.082,26.0,4.0,De la Guettir FC,-7.899931,3
2026-02-23,P. CABANES,0.188,3.0,0.0,20.0,0.0,1.0,0.012,26.0,4.0,,,0
2026-02-23,A. DE LA FUENTE,3.7,2.0,88.0,12.0,4.0,0.0,0.074,26.0,4.0,,,0
2026-02-23,A. RAÍLLO,2.489,2.0,64.0,408.0,3.4,0.0,0.004,26.0,4.0,,,0
2026-02-23,J. FIRPO,0.16,2.0,18.0,4.0,2.3,0.0,,26.0,4.0,,,0
2026-02-23,A. BATALLA,5.748,1.0,110.0,14.0,4.6,0.0,0.054,26.0,4.0,De la Guettir FC,-6.228,0
2026-02-23,C. RIVERO,0.203,1.0,0.0,19.0,0.0,0.0,0.018,26.0,4.0,,,0
2026-02-24,M. BARTRA,11.557,2.0,79.0,4.0,4.0,0.0,-0.12,26.0,3.0,,,0
2026-02-24,R. VEIGA,4.393,2.0,62.0,20.0,2.8,0.0,-0.076,26.0,3.0,,,0
2026-02-24,J. HERRANDO,0.918,2.0,51.0,50.0,2.4,0.0,0.031,26.0,3.0,Dani,-0.95561,0
2026-02-24,A. ABQAR,0.403,2.0,36.0,9.0,2.8,0.0,-0.013,26.0,3.0,,,0
2026-02-24,S. BOSELLI,0.184,2.0,3.0,9.0,1.0,0.0,0.024,26.0,3.0,,,0
2026-02-24,Á. ORTIZ,0.16,2.0,28.0,4.0,2.5,0.0,,26.0,3.0,,,0
2026-02-24,D. LÓPEZ,0.16,2.0,5.0,222.0,1.7,0.0,0.023,26.0,3.0,,,0
2026-02-24,D. LÓPEZ,0.16,2.0,5.0,222.0,1.7,0.0,-0.068,26.0,3.0,,,0
2026-02-24,Y. LAGO,0.16,2.0,10.0,5.0,2.5,4.0,-0.006,26.0,3.0,,,0
2026-02-24,A. SIVERA,5.742,1.0,107.0,48.0,4.3,0.0,-0.047,26.0,3.0,,,0
2026-02-24,R. BLANCO,0.18,1.0,0.0,222.0,0.0,0.0,0.02,26.0,3.0,,,0
2026-02-24,I. VILLAR,0.16,1.0,0.0,5.0,0.0,0.0,-0.009,26.0,3.0,,,0
2026-02-25,L. VÁZQUEZ,2.283,4.0,27.0,9.0,5.4,0.0,0.08,26.0,2.0,Maldinillo 💥,-2.39327,1
2026-02-25,T. ASANO,0.17,4.0,35.0,408.0,2.3,1.0,0.008,26.0,2.0,,,0
2026-02-25,N. SERRANO,0.28,3.0,27.0,1.0,2.5,0.0,-0.049,26.0,2.0,,,0
2026-02-25,M. GÓMEZ,0.16,3.0,56.0,50.0,3.3,0.0,-0.006,26.0,2.0,,,0
2026-02-25,N. SOUZA,6.913,2.0,81.0,4.0,3.5,0.0,0.03,26.0,2.0,Chamacónicos,-6.993,1
2026-02-25,J. OTTO,2.151,2.0,79.0,48.0,3.3,0.0,-0.038,26.0,2.0,,,0
2026-02-25,A. GOROSABEL,0.16,2.0,27.0,1.0,2.1,0.0,,26.0,2.0,,,0
2026-02-25,J. AGIRREZABALA,0.944,1.0,76.0,19.0,4.2,1.0,-0.047,26.0,2.0,,,0
2026-02-25,V. KRAPYVTSOV,0.184,1.0,5.0,222.0,2.5,0.0,0.024,26.0,2.0,,,0
2026-02-25,J. CARLOS MARTÍN,0.16,1.0,0.0,222.0,0.0,1.0,-0.021,26.0,2.0,,,0
2026-02-26,A. SÁNCHEZ,1.041,4.0,57.0,17.0,3.4,0.0,0.034,26.0,1.0,,,0
2026-02-26,A. SÁNCHEZ,1.041,4.0,57.0,17.0,3.4,0.0,-0.039,26.0,1.0,,,0
2026-02-26,C. SOLER,8.792,3.0,72.0,16.0,3.6,0.0,0.055,26.0,1.0,Dani,-9.10228,0
2026-02-26,A. LISO,0.181,3.0,73.0,9.0,3.5,0.0,-0.043,26.0,1.0,Dani,-0.18101,0
2026-02-26,B. SANTAMARIA,0.16,3.0,42.0,19.0,2.2,0.0,-0.033,26.0,1.0,Dani,-0.16,0
2026-02-26,J. SALAS,0.16,3.0,4.0,408.0,2.0,1.0,,26.0,1.0,,,0
2026-02-26,J. ARAMBURU,5.136,2.0,76.0,16.0,3.3,0.0,-0.055,26.0,1.0,,,0
2026-02-26,P. NAVARRO,0.514,2.0,44.0,20.0,3.4,0.0,0.049,26.0,1.0,Chamacónicos,-0.714,0
2026-02-26,I. BEKHOUCHA,0.202,2.0,8.0,9.0,2.0,0.0,0.042,26.0,1.0,,,0
2026-02-26,J. CABELLO,0.16,2.0,11.0,12.0,2.2,0.0,-0.05,26.0,1.0,,,0
2026-02-26,M. DITURO,0.658,1.0,42.0,23.0,4.7,0.0,0.047,26.0,1.0,,,0
2026-02-27,K. GARCÍA,1.548,4.0,83.0,8.0,3.5,0.0,0.021,26.0,0.5,,,0
2026-02-27,M. SATRIANO,1.418,4.0,23.0,9.0,3.8,0.0,0.035,26.0,0.5,,,0
2026-02-27,P. DURÁN,0.195,4.0,63.0,5.0,3.2,1.0,0.035,26.0,0.5,,,0
2026-02-27,Á. FORÉS,0.16,4.0,31.0,1370.0,2.2,0.0,,26.0,0.5,,,0
2026-02-27,M. DÍAZ,0.16,4.0,17.0,48.0,1.9,0.0,-0.029,26.0,0.5,,,0
2026-02-27,S. COMESAÑA,7.424,3.0,93.0,20.0,4.0,0.0,0.066,26.0,0.5,Dani,-7.49497,1
2026-02-27,F. MASTANTUONO,3.048,3.0,47.0,15.0,3.1,0.0,-0.055,26.0,0.5,,,0
2026-02-27,A. ELUSTONDO,0.167,2.0,10.0,16.0,1.1,0.0,-0.015,26.0,0.5,,,0
2026-02-27,V. VALDEPEÑAS,0.16,2.0,2.0,15.0,2.0,0.0,,26.0,0.5,,,0
2026-02-27,U. MARRERO,0.205,1.0,0.0,16.0,0.0,0.0,0.045,26.0,0.5,,,0
2026-02-28,N. PÉPÉ,11.705,4.0,116.0,20.0,4.8,0.0,,27.0,6.0,Los marinero,-11.905,1
2026-02-28,R. BARDGHJI,0.298,4.0,44.0,3.0,3.1,0.0,-0.028,27.0,6.0,,,0
2026-02-28,C. ESPÍ,0.193,4.0,48.0,12.0,3.7,0.0,0.033,27.0,6.0,,,0
2026-02-28,J. LLABRÉS,0.182,4.0,15.0,408.0,1.2,0.0,-0.028,27.0,6.0,,,0
2026-02-28,J. PUADO,0.16,4.0,37.0,8.0,3.7,1.0,-0.008,27.0,6.0,,,0
2026-02-28,J. ARAMBURU,5.041,2.0,76.0,16.0,3.3,0.0,-0.06,27.0,6.0,Los marinero,-5.041,0
2026-02-28,U. NÚÑEZ,1.863,2.0,11.0,19.0,3.7,0.0,0.023,27.0,6.0,,,0
2026-02-28,S. CARDONA,1.126,2.0,64.0,20.0,3.2,0.0,-0.022,27.0,6.0,,,0
2026-02-28,J. ARESO,0.592,2.0,66.0,1.0,3.1,0.0,0.003,27.0,6.0,,,0
2026-02-28,T. NIANZOU,0.16,2.0,22.0,17.0,2.4,5.0,-0.018,27.0,6.0,,,0
2026-03-01,F. PÉREZ,0.225,3.0,57.0,14.0,2.7,0.0,-0.047,27.0,5.0,,,0
2026-03-01,L. ASTIAZARAN,0.173,3.0,0.0,16.0,0.0,4.0,-0.027,27.0,5.0,,,0
2026-03-01,C. PORTU,0.169,3.0,26.0,222.0,2.6,1.0,0.001,27.0,5.0,,,0
2026-03-01,A. ZAKHARYAN,0.163,3.0,26.0,16.0,1.9,0.0,0.003,27.0,5.0,,,0
2026-03-01,N. FONSECA,0.163,3.0,18.0,1370.0,2.3,0.0,0.003,27.0,5.0,,,0
2026-03-01,MARCÃO,0.19,2.0,32.0,17.0,2.5,1.0,-0.004,27.0,5.0,,,0
2026-03-01,Á. ODRIOZOLA,0.184,2.0,26.0,16.0,5.2,1.0,-0.023,27.0,5.0,,,0
2026-03-01,C. RIEDEL,0.163,2.0,36.0,8.0,3.0,0.0,-0.012,27.0,5.0,,,0
2026-03-01,J. GARCIA,17.115,1.0,134.0,3.0,6.7,0.0,0.05,27.0,5.0,Dani,-25.31061,1
2026-03-01,C. RIVERO,0.207,1.0,0.0,19.0,0.0,0.0,0.018,27.0,5.0,,,0
2026-03-02,ALEMÃO,0.204,4.0,34.0,14.0,2.4,0.0,0.005,27.0,4.0,,,0
2026-03-02,P. DURÁN,0.172,4.0,63.0,5.0,3.2,1.0,-0.007,27.0,4.0,,,0
2026-03-02,P. FORNALS,19.081,3.0,156.0,4.0,6.0,0.0,0.005,27.0,4.0,Chamacónicos,-25.381,2
2026-03-02,PEPELU,9.96,3.0,79.0,19.0,3.6,0.0,-0.1,27.0,4.0,,,0
2026-03-02,S. BECERRA,0.161,3.0,1.0,14.0,0.3,4.0,-0.038,27.0,4.0,,,0
2026-03-02,B. PRADOS,0.16,3.0,4.0,1.0,2.0,1.0,-0.047,27.0,4.0,,,0
2026-03-02,D. COSTAS,1.416,2.0,61.0,1370.0,3.6,1.0,-0.07,27.0,4.0,,,0
2026-03-02,J. TOLJAN,0.987,2.0,84.0,12.0,3.4,0.0,-0.017,27.0,4.0,,,0
2026-03-02,L. COSTA,0.163,2.0,0.0,20.0,0.0,1.0,0.003,27.0,4.0,,,0
2026-03-02,Á. VALLES,6.455,1.0,76.0,4.0,4.2,0.0,-0.038,27.0,4.0,,,0
2026-03-03,S. CAMELLO,0.16,4.0,16.0,14.0,1.2,4.0,-0.031,27.0,3.0,,,0
2026-03-03,T. DOLAN,2.988,3.0,96.0,8.0,3.8,0.0,-0.001,27.0,3.0,,,0
2026-03-03,A. REINA,0.62,3.0,81.0,1370.0,3.4,0.0,-0.028,27.0,3.0,,,0
2026-03-03,L. SUČIĆ,0.198,3.0,23.0,16.0,2.1,0.0,0.038,27.0,3.0,,,0
2026-03-03,A. DADIE,0.181,3.0,0.0,16.0,0.0,4.0,0.021,27.0,3.0,,,0
2026-03-03,H. SOTELO,0.178,3.0,55.0,5.0,3.9,0.0,0.018,27.0,3.0,,,0
2026-03-03,D. SUÁREZ,0.16,3.0,61.0,48.0,3.1,0.0,,27.0,3.0,,,0
2026-03-03,D. CARMO,0.599,2.0,57.0,1370.0,3.0,0.0,-0.016,27.0,3.0,,,0
2026-03-03,A. CHRISTENSEN,0.16,2.0,30.0,3.0,2.5,1.0,,27.0,3.0,,,0
2026-03-03,U. MARRERO,0.202,1.0,0.0,16.0,0.0,0.0,0.013,27.0,3.0,,,0
2026-03-04,M. RASHFORD,14.291,4.0,119.0,3.0,5.4,0.0,0.041,27.0,2.0,,,0
2026-03-04,M. SANNADI,0.21,4.0,14.0,1.0,1.8,1.0,0.047,27.0,2.0,,,0
2026-03-04,M. JOSEPH,0.203,4.0,71.0,408.0,2.8,0.0,0.008,27.0,2.0,,,0
2026-03-04,C. STUANI,0.16,4.0,39.0,222.0,3.0,3.0,,27.0,2.0,,,0
2026-03-04,D. PAREJO,4.855,3.0,67.0,20.0,3.0,0.0,-0.127,27.0,2.0,,,0
2026-03-04,A. WITSEL,0.96,3.0,71.0,222.0,3.6,0.0,0.073,27.0,2.0,Jotabetrbb,-1.36,2
2026-03-04,S. COLOMBATTO,0.479,3.0,64.0,1370.0,3.2,0.0,-0.023,27.0,2.0,,,0
2026-03-04,B. MENDY,0.261,3.0,66.0,17.0,3.1,0.0,-0.045,27.0,2.0,,,0
2026-03-04,J. RUEDA,5.154,2.0,83.0,5.0,4.4,0.0,-0.078,27.0,2.0,,,0
2026-03-04,F. CARDOSO,0.166,2.0,10.0,17.0,2.5,0.0,0.006,27.0,2.0,,,0
2026-03-04,J. CABELLO,0.16,2.0,11.0,12.0,2.2,0.0,,27.0,2.0,,,0
2026-03-04,C. LENGLET,0.16,2.0,29.0,2.0,2.6,0.0,,27.0,2.0,Dani,-0.16,0
2026-03-04,Y. LAGO,0.16,2.0,10.0,5.0,2.5,0.0,-0.008,27.0,2.0,,,0
2026-03-04,A. SIVERA,5.353,1.0,112.0,48.0,4.3,0.0,-0.047,27.0,2.0,,,0
2026-03-05,H. DURO,7.582,4.0,96.0,19.0,3.8,0.0,-0.151,27.0,1.0,,,0
2026-03-05,G. GARCÍA,3.79,4.0,57.0,15.0,2.7,0.0,0.165,27.0,1.0,Maldinillo 💥,-6.46538,0
2026-03-05,J. LLABRÉS,0.182,4.0,16.0,408.0,1.1,0.0,0.022,27.0,1.0,,,0
2026-03-05,I. DIABATE,0.16,4.0,0.0,48.0,0.0,0.0,,27.0,1.0,,,0
2026-03-05,B. MÉNDEZ,10.431,3.0,92.0,16.0,4.2,0.0,-0.089,27.0,1.0,,,0
2026-03-05,L. ILIC,0.198,3.0,29.0,1370.0,1.8,0.0,-0.003,27.0,1.0,,,0
2026-03-05,P. AGUDÍN,0.19,3.0,5.0,1370.0,1.3,0.0,0.03,27.0,1.0,,,0
2026-03-05,U. LÓPEZ,0.176,3.0,59.0,14.0,3.1,0.0,0.009,27.0,1.0,Dani,-0.40943,0
2026-03-05,M. VALJENT,2.501,2.0,76.0,408.0,2.9,0.0,-0.063,27.0,1.0,Dani,-2.55429,0
2026-03-05,M. RYAN,10.767,1.0,120.0,12.0,5.0,0.0,0.065,27.0,1.0,Maldinillo 💥,-11.22315,0
2026-03-06,I. ROMERO,5.251,4.0,97.0,12.0,4.4,0.0,0.041,27.0,0.5,,,0
2026-03-06,I. ROMERO,5.251,4.0,97.0,12.0,4.4,0.0,-0.042,27.0,0.5,,,0
2026-03-06,J. ARANGO,0.16,4.0,2.0,222.0,1.0,0.0,,27.0,0.5,,,0
2026-03-06,A. BOAYAR,0.16,4.0,19.0,23.0,2.7,0.0,-0.041,27.0,0.5,,,0
2026-03-06,F. VALVERDE,17.248,3.0,106.0,15.0,4.2,0.0,0.075,27.0,0.5,Maldinillo 💥,-25.62208,1
2026-03-06,C. ECHEVERRI,5.124,3.0,19.0,222.0,3.2,0.0,-0.062,27.0,0.5,,,0
2026-03-06,I. CHAIRA,2.849,3.0,87.0,1370.0,3.6,0.0,0.056,27.0,0.5,,,0
2026-03-06,A. SÁNCHEZ,0.2,3.0,44.0,408.0,2.1,0.0,0.04,27.0,0.5,,,0
2026-03-06,A. SÁNCHEZ,0.2,3.0,44.0,408.0,2.1,0.0,0.018,27.0,0.5,,,0
2026-03-06,J. LUIS GAYÀ,3.652,2.0,64.0,19.0,2.9,0.0,0.106,27.0,0.5,Maldinillo 💥,-3.70556,0
2026-03-06,P. MAFFEO,2.732,2.0,69.0,408.0,3.3,0.0,0.053,27.0,0.5,Maldinillo 💥,-2.78765,0
2026-03-06,P. CUÉLLAR,0.178,1.0,0.0,408.0,0.0,0.0,0.011,27.0,0.5,,,0
2026-03-07,F. JUTGLÀ,0.981,4.0,72.0,5.0,3.8,0.0,0.063,28.0,6.0,,,0
2026-03-07,J. GUERRA,0.918,3.0,71.0,19.0,2.8,0.0,0.053,28.0,6.0,Dani,-0.99071,0
2026-03-07,M. VECINO,0.174,3.0,5.0,5.0,1.7,0.0,-0.065,28.0,6.0,,,0
2026-03-07,J. OCHIENG,0.16,3.0,1.0,16.0,1.0,4.0,,28.0,6.0,,,0
2026-03-07,L. CABRERA,12.182,2.0,124.0,8.0,5.0,0.0,0.015,28.0,6.0,Maldinillo 💥,-13.74161,1
2026-03-07,G. MARTÍN,7.694,2.0,89.0,3.0,4.2,0.0,0.112,28.0,6.0,Maldinillo 💥,-8.95998,1
2026-03-07,D. VIVIAN,2.666,2.0,59.0,1.0,2.8,0.0,0.03,28.0,6.0,Dani,-2.7116,0
2026-03-07,D. CARMO,0.635,2.0,60.0,1370.0,3.0,0.0,0.005,28.0,6.0,,,0
2026-03-07,D. DUARTE,0.572,2.0,65.0,9.0,2.8,0.0,0.01,28.0,6.0,,,0
2026-03-07,N. PÉREZ,0.204,2.0,2.0,12.0,1.0,0.0,0.017,28.0,6.0,,,0
2026-03-08,P. GARCÍA,0.198,4.0,33.0,4.0,2.4,0.0,0.022,28.0,5.0,,,0
2026-03-08,R. NTEKA,0.184,4.0,14.0,14.0,1.8,0.0,0.018,28.0,5.0,,,0
2026-03-08,A. GONZÁLEZ,0.16,4.0,29.0,20.0,2.4,0.0,,28.0,5.0,,,0
2026-03-08,J. CARDOSO,4.429,3.0,36.0,2.0,3.0,0.0,0.075,28.0,5.0,,,0
2026-03-08,C. ALEÑÁ,0.694,3.0,74.0,48.0,2.8,0.0,-0.056,28.0,5.0,,,0
2026-03-08,A. CASTRÍN,0.177,2.0,33.0,17.0,3.7,0.0,0.017,28.0,5.0,,,0
2026-03-08,J. DONALD,0.16,2.0,33.0,23.0,2.4,0.0,,28.0,5.0,,,0
2026-03-08,A. MUÑOZ,0.16,2.0,35.0,16.0,2.2,4.0,,28.0,5.0,,,0
2026-03-08,M. DMITROVIĆ,8.208,1.0,121.0,8.0,4.7,0.0,0.043,28.0,5.0,,,0
2026-03-08,L. ROMÁN,6.204,1.0,101.0,408.0,4.6,0.0,-0.096,28.0,5.0,,,0
2026-03-09,A. SØRLOTH,11.17,4.0,103.0,2.0,4.0,0.0,0.082,28.0,4.0,Maldinillo 💥,-11.47628,1
2026-03-09,T. MARTÍNEZ,5.789,4.0,113.0,48.0,4.3,0.0,-0.028,28.0,4.0,,,0
2026-03-09,U. IZETA,0.16,4.0,18.0,1.0,1.8,0.0,,28.0,4.0,,,0
2026-03-09,P. BARRIOS,14.114,3.0,114.0,2.0,5.4,1.0,-0.039,28.0,4.0,Maldinillo 💥,-20.7426,0
2026-03-09,R. GARCÍA,6.624,3.0,92.0,50.0,3.7,0.0,-0.088,28.0,4.0,,,0
2026-03-09,K. ARRIAGA,0.161,3.0,53.0,12.0,2.9,0.0,0.001,28.0,4.0,,,0
2026-03-09,Ó. TREJO,0.16,3.0,13.0,14.0,2.2,0.0,-0.031,28.0,4.0,,,0
2026-03-09,L. ASTIAZARAN,0.16,3.0,0.0,16.0,0.0,4.0,,28.0,4.0,,,0
2026-03-09,A. REMIRO,5.278,1.0,100.0,16.0,3.7,0.0,0.016,28.0,4.0,,,0
2026-03-09,J. CARLOS MARTÍN,0.16,1.0,0.0,222.0,0.0,1.0,,28.0,4.0,,,0
2026-03-10,J. PÉREZ,0.16,4.0,3.0,9.0,1.5,4.0,-0.02,28.0,3.0,,,0
2026-03-10,T. ASANO,0.16,4.0,35.0,408.0,2.3,1.0,-0.03,28.0,3.0,,,0
2026-03-10,J. DE FRUTOS,14.732,3.0,148.0,14.0,5.9,0.0,0.111,28.0,3.0,Maldinillo 💥,-15.2973,1
2026-03-10,T. KUBO,6.417,3.0,81.0,16.0,4.5,1.0,-0.083,28.0,3.0,,,0
2026-03-10,G. VILLAR,0.16,3.0,4.0,23.0,2.0,0.0,,28.0,3.0,,,0
2026-03-10,J. KOUNDÉ,14.457,2.0,107.0,3.0,4.3,1.0,-0.157,28.0,3.0,,,0
2026-03-10,D. DJENÉ,1.507,2.0,64.0,9.0,2.6,0.0,-0.054,28.0,3.0,,,0
2026-03-10,Á. MORENO,0.381,2.0,68.0,222.0,3.2,1.0,-0.051,28.0,3.0,,,0
2026-03-10,Y. ÁLVAREZ,0.16,2.0,0.0,1.0,0.0,4.0,-0.046,28.0,3.0,,,0
2026-03-10,A. PADILLA,0.16,1.0,0.0,1.0,0.0,0.0,-0.05,28.0,3.0,,,0
2026-03-11,WESLEY,0.183,4.0,1.0,16.0,0.5,0.0,0.023,28.0,2.0,,,0
2026-03-11,K. TUNDE,0.16,4.0,23.0,12.0,2.1,3.0,-0.042,28.0,2.0,,,0
2026-03-11,C. ÁLVAREZ,8.614,3.0,117.0,12.0,4.5,1.0,-0.196,28.0,2.0,,,0
2026-03-11,F. UGRINIC,1.399,3.0,59.0,19.0,3.5,0.0,0.023,28.0,2.0,Jotabetrbb,-1.399,0
2026-03-11,R. TERRATS,0.265,3.0,54.0,8.0,2.8,0.0,0.05,28.0,2.0,,,0
2026-03-11,I. BENITO,0.186,3.0,25.0,50.0,5.0,1.0,0.026,28.0,2.0,,,0
2026-03-11,A. JANUZAJ,0.184,3.0,30.0,17.0,2.5,0.0,-0.005,28.0,2.0,,,0
2026-03-11,N. FONSECA,0.167,3.0,22.0,1370.0,2.2,0.0,-0.034,28.0,2.0,,,0
2026-03-11,J. LUIS GAYÀ,3.647,2.0,66.0,19.0,2.9,0.0,-0.009,28.0,2.0,Dani,-3.6472,0
2026-03-11,R. MARÍN,3.473,2.0,77.0,20.0,4.5,0.0,0.078,28.0,2.0,Dani,-3.71284,0
2026-03-12,I. ROMERO,5.128,4.0,103.0,12.0,4.5,0.0,0.027,28.0,1.0,,,0
2026-03-12,I. ROMERO,5.128,4.0,103.0,12.0,4.5,0.0,-0.031,28.0,1.0,,,0
2026-03-12,M. SATRIANO,2.222,4.0,43.0,9.0,5.4,0.0,0.097,28.0,1.0,De la Guettir FC,-5.555555,2
2026-03-12,C. STUANI,0.185,4.0,39.0,222.0,3.0,3.0,0.025,28.0,1.0,,,0
2026-03-12,P. TORRE,0.311,3.0,63.0,408.0,2.6,0.0,0.035,28.0,1.0,,,0
2026-03-12,F. PÉREZ,0.208,3.0,63.0,14.0,2.7,0.0,0.026,28.0,1.0,,,0
2026-03-12,A. ZAKHARYAN,0.16,3.0,28.0,16.0,1.9,0.0,,28.0,1.0,,,0
2026-03-12,R. VEIGA,3.775,2.0,65.0,20.0,2.7,0.0,-0.051,28.0,1.0,,,0
2026-03-12,MARCÃO,0.199,2.0,32.0,17.0,2.5,1.0,0.012,28.0,1.0,,,0
2026-03-12,A. FREEMAN,0.192,2.0,5.0,20.0,1.7,0.0,0.032,28.0,1.0,,,0
2026-03-12,T. STEGEN,0.2,1.0,8.0,222.0,4.0,1.0,0.032,28.0,1.0,,,0
2026-03-13,U. SADIQ,2.075,4.0,46.0,19.0,3.3,0.0,0.085,28.0,0.5,Chamacónicos,-2.675,3
2026-03-13,C. BAKAMBU,1.155,4.0,37.0,4.0,2.8,0.0,-0.008,28.0,0.5,,,0
2026-03-13,C. ÁLVAREZ,8.232,3.0,117.0,12.0,4.5,1.0,-0.185,28.0,0.5,,,0
2026-03-13,R. NAVARRO,2.566,3.0,92.0,1.0,4.2,0.0,-0.015,28.0,0.5,,,0
2026-03-13,K. BARJA,0.192,3.0,37.0,50.0,2.2,0.0,-0.004,28.0,0.5,,,0
2026-03-13,D. SUÁREZ,0.185,3.0,65.0,48.0,3.1,0.0,-0.005,28.0,0.5,,,0
2026-03-13,K. ARRIAGA,0.18,3.0,53.0,12.0,2.9,0.0,,28.0,0.5,,,0
2026-03-13,C. STARFELT,3.336,2.0,58.0,5.0,3.2,0.0,0.074,28.0,0.5,,,0
2026-03-13,D. RICO,0.292,2.0,64.0,9.0,2.8,0.0,-0.013,28.0,0.5,,,0
2026-03-13,L. FELIPE,0.16,2.0,22.0,14.0,2.4,0.0,,28.0,0.5,,,0
2026-03-14,T. MARTÍNEZ,5.695,4.0,118.0,48.0,4.4,0.0,-0.04,29.0,6.0,,,0
2026-03-14,S. CAMELLO,0.202,4.0,16.0,14.0,1.2,0.0,0.023,29.0,6.0,,,0
2026-03-14,C. ÁLVAREZ,8.047,3.0,117.0,12.0,4.5,1.0,-0.185,29.0,6.0,,,0
2026-03-14,B. DÍAZ,1.714,3.0,41.0,15.0,2.2,0.0,0.037,29.0,6.0,,,0
2026-03-14,L. BELTRÁN,0.989,3.0,65.0,19.0,3.1,0.0,-0.031,29.0,6.0,,,0
2026-03-14,A. REINA,0.671,3.0,91.0,1370.0,3.5,0.0,0.021,29.0,6.0,,,0
2026-03-14,P. TORRE,0.367,3.0,63.0,408.0,2.6,0.0,0.014,29.0,6.0,,,0
2026-03-14,J. DONALD,0.173,2.0,33.0,23.0,2.4,1.0,0.013,29.0,6.0,,,0
2026-03-14,A. ELUSTONDO,0.16,2.0,10.0,16.0,1.1,0.0,,29.0,6.0,,,0
2026-03-14,J. CARLOS MARTÍN,0.195,1.0,0.0,222.0,0.0,1.0,0.019,29.0,6.0,,,0
2026-03-15,R. GARCÍA DE HARO,1.192,4.0,86.0,50.0,3.3,2.0,-0.047,29.0,5.0,,,0
2026-03-15,P. GARCÍA,0.16,4.0,33.0,4.0,2.4,4.0,,29.0,5.0,,,0
2026-03-15,B. DÍAZ,1.771,3.0,45.0,15.0,2.3,0.0,0.057,29.0,5.0,,,0
2026-03-15,B. TURRIENTES,1.525,3.0,64.0,16.0,3.6,0.0,-0.052,29.0,5.0,,,0
2026-03-15,O. EJARIA,0.16,3.0,17.0,1370.0,2.4,1.0,-0.027,29.0,5.0,,,0
2026-03-15,U. LÓPEZ,0.16,3.0,61.0,14.0,3.1,0.0,-0.011,29.0,5.0,,,0
2026-03-15,S. COLOMBATTO,0.16,3.0,72.0,1370.0,3.1,0.0,,29.0,5.0,,,0
2026-03-15,M. LLORENTE,14.961,2.0,107.0,2.0,4.5,0.0,-0.024,29.0,5.0,,,0
2026-03-15,A. LAPORTE,7.324,2.0,65.0,1.0,3.8,0.0,0.035,29.0,5.0,Dani,-7.4847,0
2026-03-15,D. ALABA,0.16,2.0,14.0,15.0,1.8,1.0,-0.065,29.0,5.0,,,0
2026-03-16,E. ÁVILA,0.16,4.0,21.0,4.0,1.9,0.0,-0.008,29.0,4.0,,,0
2026-03-16,A. OROZ,5.404,3.0,77.0,50.0,3.7,0.0,0.008,29.0,4.0,,,0
2026-03-16,N. GUDELJ,0.856,3.0,80.0,17.0,3.3,0.0,-0.035,29.0,4.0,,,0
2026-03-16,J. GURIDI,0.161,3.0,38.0,48.0,2.1,0.0,0.001,29.0,4.0,,,0
2026-03-16,R. ARAÚJO,4.189,2.0,68.0,3.0,4.0,0.0,0.053,29.0,4.0,,,0
2026-03-16,R. IRANZO,0.187,2.0,1.0,19.0,1.0,4.0,0.027,29.0,4.0,,,0
2026-03-16,J. CRUZ,0.16,2.0,27.0,50.0,1.9,0.0,-0.047,29.0,4.0,,,0
2026-03-16,P. GAZZANIGA,4.831,1.0,96.0,222.0,3.8,0.0,0.099,29.0,4.0,,,0
2026-03-16,D. CONDE,0.18,1.0,0.0,20.0,0.0,4.0,0.02,29.0,4.0,,,0
2026-03-16,J. LETACEK,0.166,1.0,0.0,9.0,0.0,0.0,-0.03,29.0,4.0,,,0
2026-03-17,L. VÁZQUEZ,2.738,4.0,35.0,9.0,4.4,0.0,-0.094,29.0,3.0,,,0
2026-03-17,S. COSTA,9.126,3.0,127.0,408.0,5.1,0.0,0.145,29.0,3.0,Dani,-9.26213,1
2026-03-17,G. LO CELSO,5.264,3.0,87.0,4.0,5.1,1.0,-0.111,29.0,3.0,,,0
2026-03-17,T. MORENTE,0.193,3.0,6.0,23.0,2.0,0.0,0.002,29.0,3.0,,,0
2026-03-17,J. KOUNDÉ,13.471,2.0,107.0,3.0,4.3,1.0,-0.12,29.0,3.0,,,0
2026-03-17,A. CATENA,10.08,2.0,106.0,50.0,4.1,0.0,-0.07,29.0,3.0,,,0
2026-03-17,J. MONTES,0.205,2.0,2.0,9.0,2.0,4.0,-0.001,29.0,3.0,,,0
2026-03-17,D. AGUADO,0.198,2.0,4.0,15.0,4.0,0.0,0.038,29.0,3.0,,,0
2026-03-17,A. BRETONES,0.16,2.0,66.0,50.0,3.1,0.0,-0.004,29.0,3.0,,,0
2026-03-17,A. REMIRO,5.587,1.0,105.0,16.0,3.8,0.0,0.045,29.0,3.0,,,0
2026-03-18,J. ÁLVAREZ,17.405,4.0,110.0,2.0,3.9,0.0,-0.021,29.0,2.0,Maldinillo 💥,-17.44416,0
2026-03-18,P. MILLA,5.543,4.0,106.0,8.0,4.2,0.0,-0.083,29.0,2.0,,,0
2026-03-18,P. GARCÍA,0.16,4.0,33.0,4.0,2.4,0.0,-0.046,29.0,2.0,,,0
2026-03-18,D. SOW,1.794,3.0,91.0,17.0,3.8,0.0,0.077,29.0,2.0,Jotabetrbb,-1.994,1
2026-03-18,F. CERVI,0.208,3.0,0.0,5.0,0.0,0.0,0.048,29.0,2.0,,,0
2026-03-18,G. DIANGANA,0.201,3.0,41.0,23.0,2.6,0.0,-0.005,29.0,2.0,,,0
2026-03-18,J. TORRENTS,0.205,2.0,7.0,3.0,2.3,1.0,0.023,29.0,2.0,,,0
2026-03-18,MARCÃO,0.179,2.0,32.0,17.0,2.5,1.0,0.019,29.0,2.0,,,0
2026-03-18,M. DIAKHABY,0.16,2.0,33.0,19.0,4.1,1.0,,29.0,2.0,,,0
2026-03-18,A. REMIRO,5.64,1.0,105.0,16.0,3.8,0.0,0.053,29.0,2.0,,,0
2026-03-19,T. OLUWASEYI,0.209,4.0,54.0,20.0,2.5,0.0,0.049,29.0,1.0,,,0
2026-03-19,L. AGOUMÉ,1.916,3.0,89.0,17.0,3.6,0.0,-0.061,29.0,1.0,,,0
2026-03-19,C. PALACIOS,0.184,3.0,4.0,15.0,2.0,0.0,0.023,29.0,1.0,,,0
2026-03-19,K. BARJA,0.168,3.0,39.0,50.0,2.2,0.0,0.008,29.0,1.0,,,0
2026-03-19,D. HUIJSEN,10.285,2.0,68.0,15.0,3.4,0.0,0.068,29.0,1.0,,,0
2026-03-19,J. ARAMBURU,3.539,2.0,86.0,16.0,3.3,0.0,-0.029,29.0,1.0,,,0
2026-03-19,J. CABELLO,0.195,2.0,11.0,12.0,2.2,0.0,0.029,29.0,1.0,,,0
2026-03-19,A. MUÑOZ,0.194,2.0,35.0,16.0,2.2,0.0,0.034,29.0,1.0,,,0
2026-03-19,A. NYOM,0.16,2.0,11.0,9.0,1.0,0.0,-0.026,29.0,1.0,,,0
2026-03-19,T. STEGEN,0.192,1.0,8.0,222.0,4.0,1.0,0.032,29.0,1.0,,,0
2026-03-20,J. LUIS MORALES,0.183,4.0,46.0,12.0,2.4,0.0,0.023,29.0,0.5,,,0
2026-03-20,T. OLUWASEYI,0.179,4.0,54.0,20.0,2.5,0.0,-0.03,29.0,0.5,,,0
2026-03-20,J. JIMÉNEZ,0.16,4.0,22.0,9.0,2.8,1.0,,29.0,0.5,,,0
2026-03-20,S. ALTIMIRA,1.002,3.0,71.0,4.0,3.7,0.0,-0.032,29.0,0.5,,,0
2026-03-20,L. ILIC,0.202,3.0,34.0,1370.0,1.9,1.0,0.042,29.0,0.5,,,0
2026-03-20,T. ABED,0.165,3.0,3.0,12.0,1.5,0.0,0.005,29.0,0.5,,,0
2026-03-20,K. BARJA,0.16,3.0,39.0,50.0,2.2,0.0,-0.008,29.0,0.5,,,0
2026-03-20,D. CARVAJAL,3.646,2.0,35.0,15.0,3.2,0.0,0.066,29.0,0.5,,,0
2026-03-20,J. COPETE,0.246,2.0,58.0,19.0,2.8,1.0,-0.061,29.0,0.5,,,0
2026-03-20,P. GAZZANIGA,5.263,1.0,96.0,222.0,3.8,0.0,0.083,29.0,0.5,,,0
2026-03-21,D. RABA,0.176,4.0,23.0,19.0,1.9,0.0,-0.009,30.0,13.0,,,0
2026-03-21,D. MORCILLO,0.16,4.0,1.0,48.0,1.0,0.0,,30.0,13.0,,,0
2026-03-21,N. GUDELJ,0.752,3.0,80.0,17.0,3.3,0.0,-0.041,30.0,13.0,,,0
2026-03-21,K. SIBO,0.311,3.0,50.0,1370.0,2.6,0.0,0.007,30.0,13.0,,,0
2026-03-21,J. SALAS,0.16,3.0,4.0,408.0,2.0,1.0,,30.0,13.0,,,0
2026-03-21,L. KOUROUMA,0.16,3.0,-2.0,222.0,-0.4,0.0,-0.037,30.0,13.0,,,0
2026-03-21,L. COSTA,0.183,2.0,0.0,20.0,0.0,3.0,-0.02,30.0,13.0,,,0
2026-03-21,A. GOROSABEL,0.16,2.0,34.0,1.0,2.1,0.0,-0.007,30.0,13.0,,,0
2026-03-21,L. ROMÁN,5.878,1.0,106.0,408.0,4.6,0.0,0.038,30.0,13.0,,,0
2026-03-21,L. BERGSTRÖM,0.16,1.0,22.0,408.0,4.4,1.0,-0.035,30.0,13.0,,,0
2026-03-22,V. MUÑOZ,13.504,4.0,162.0,50.0,5.6,0.0,0.119,30.0,12.0,Dani,-14.02068,0
2026-03-22,V. VANAT,8.067,4.0,104.0,222.0,4.0,0.0,0.008,30.0,12.0,,,0
2026-03-22,F. REDONDO,0.195,3.0,14.0,23.0,1.4,0.0,-0.005,30.0,12.0,,,0
2026-03-22,D. VAN DE BEEK,0.18,3.0,4.0,222.0,2.0,1.0,0.02,30.0,12.0,,,0
2026-03-22,C. PICKEL,0.16,3.0,32.0,8.0,1.9,2.0,-0.003,30.0,12.0,,,0
2026-03-22,J. TORRENTS,0.186,2.0,7.0,3.0,2.3,1.0,0.012,30.0,12.0,,,0
2026-03-22,R. SÁNCHEZ,0.185,2.0,36.0,8.0,2.6,0.0,0.004,30.0,12.0,,,0
2026-03-22,J. VERTROUWD,0.171,2.0,9.0,14.0,1.3,0.0,0.011,30.0,12.0,,,0
2026-03-22,D. CONDE,0.16,1.0,0.0,20.0,0.0,4.0,,30.0,12.0,,,0
2026-03-22,P. LÓPEZ,0.16,1.0,36.0,4.0,4.5,0.0,-0.003,30.0,12.0,,,0
2026-03-23,N. WILLIAMS,8.079,4.0,82.0,1.0,4.3,1.0,-0.125,30.0,11.0,,,0
2026-03-23,R. GARCÍA DE HARO,0.831,4.0,89.0,50.0,3.3,0.0,-0.062,30.0,11.0,,,0
2026-03-23,T. FERNÁNDEZ,0.188,4.0,3.0,3.0,3.0,4.0,0.028,30.0,11.0,,,0
2026-03-23,T. FERNÁNDEZ,0.188,4.0,3.0,3.0,3.0,4.0,-0.023,30.0,11.0,,,0
2026-03-23,J. KARRIKABURU,0.16,4.0,11.0,16.0,1.8,0.0,,30.0,11.0,,,0
2026-03-23,S. COSTA,9.826,3.0,129.0,408.0,5.0,0.0,0.045,30.0,11.0,,,0
2026-03-23,L. ASTIAZARAN,0.193,3.0,0.0,16.0,0.0,4.0,0.033,30.0,11.0,,,0
2026-03-23,A. DADIE,0.16,3.0,0.0,16.0,0.0,4.0,-0.039,30.0,11.0,,,0
2026-03-23,A. TENAS,0.207,1.0,14.0,20.0,4.7,0.0,0.047,30.0,11.0,,,0
2026-03-23,P. CUÉLLAR,0.172,1.0,0.0,408.0,0.0,0.0,0.012,30.0,11.0,,,0
2026-03-23,D. CÁRDENAS,0.16,1.0,0.0,14.0,0.0,0.0,,30.0,11.0,,,0
2026-03-24,L. BOYÉ,8.987,4.0,122.0,48.0,5.3,0.0,0.069,30.0,10.0,Dani,-8.987,0
2026-03-24,F. JUTGLÀ,1.866,4.0,100.0,5.0,4.8,0.0,0.085,30.0,10.0,De la Guettir FC,-3.666666,3
2026-03-24,ALEMÃO,0.206,4.0,37.0,14.0,2.2,0.0,0.046,30.0,10.0,,,0
2026-03-24,C. NGONGE,0.16,4.0,16.0,8.0,3.2,0.0,-0.005,30.0,10.0,,,0
2026-03-24,U. GONZÁLEZ,1.544,3.0,93.0,8.0,3.3,0.0,-0.016,30.0,10.0,,,0
2026-03-24,D. LLORENTE,3.492,2.0,46.0,4.0,4.2,0.0,0.109,30.0,10.0,,,0
2026-03-24,M. RUGGERI,1.641,2.0,61.0,2.0,3.1,0.0,-0.017,30.0,10.0,,,0
2026-03-24,H. RINCÓN,1.203,2.0,76.0,222.0,2.9,0.0,0.012,30.0,10.0,,,0
2026-03-24,A. CASTRÍN,0.16,2.0,38.0,17.0,3.5,0.0,,30.0,10.0,,,0
2026-03-24,S. BOSELLI,0.16,2.0,11.0,9.0,1.8,0.0,-0.027,30.0,10.0,,,0
2026-03-25,T. DOLAN,2.713,3.0,105.0,8.0,3.8,0.0,-0.026,30.0,9.0,,,0
2026-03-25,C. ALEÑÁ,0.2,3.0,78.0,48.0,2.7,0.0,0.04,30.0,9.0,,,0
2026-03-25,A. GUEVARA,0.16,3.0,49.0,48.0,2.6,0.0,,30.0,9.0,,,0
2026-03-25,D. PÉREZ,0.16,3.0,0.0,4.0,0.0,0.0,-0.01,30.0,9.0,,,0
2026-03-25,Y. HERRERA,0.16,3.0,18.0,16.0,1.8,1.0,-0.005,30.0,9.0,,,0
2026-03-25,C. PALACIOS,0.16,3.0,4.0,15.0,2.0,0.0,-0.028,30.0,9.0,,,0
2026-03-25,D. HANCKO,9.375,2.0,108.0,2.0,4.2,0.0,-0.084,30.0,9.0,,,0
2026-03-25,J. LUIS GAYÀ,2.658,2.0,70.0,19.0,2.8,0.0,-0.036,30.0,9.0,,,0
2026-03-25,J. MUSSO,0.741,1.0,17.0,2.0,5.7,0.0,0.048,30.0,9.0,,,0
2026-03-25,L. BERGSTRÖM,0.16,1.0,22.0,408.0,4.4,3.0,-0.011,30.0,9.0,,,0
2026-03-26,A. SØRLOTH,11.641,4.0,109.0,2.0,3.9,0.0,-0.051,30.0,8.0,,,0
2026-03-26,A. PRATS,0.16,4.0,13.0,408.0,1.3,0.0,,30.0,8.0,,,0
2026-03-26,V. TSYGANKOV,10.553,3.0,111.0,222.0,4.8,0.0,-0.032,30.0,8.0,,,0
2026-03-26,B. MENDY,0.28,3.0,72.0,17.0,3.1,0.0,0.043,30.0,8.0,,,0
2026-03-26,B. PRADOS,0.205,3.0,4.0,1.0,2.0,3.0,0.028,30.0,8.0,,,0
2026-03-26,P. FERNÁNDEZ,0.165,3.0,64.0,17.0,3.0,1.0,0.005,30.0,8.0,,,0
2026-03-26,J. CANCELO,8.645,2.0,47.0,3.0,6.7,0.0,0.19,30.0,8.0,Maldinillo 💥,-9.75591,2
2026-03-26,S. CARDONA,0.644,2.0,68.0,20.0,3.0,0.0,-0.046,30.0,8.0,,,0
2026-03-26,R. IRANZO,0.16,2.0,1.0,19.0,1.0,0.0,,30.0,8.0,,,0
2026-03-26,D. CALVO,0.16,2.0,40.0,1370.0,3.1,0.0,-0.005,30.0,8.0,,,0
2026-03-27,F. VIÑAS,4.242,4.0,105.0,1370.0,4.2,0.0,0.181,30.0,7.0,Dani,-4.43842,1
2026-03-27,S. COSTA,10.132,3.0,129.0,408.0,5.0,0.0,0.016,30.0,7.0,,,0
2026-03-27,A. BARRENETXEA,7.322,3.0,110.0,16.0,4.8,0.0,0.051,30.0,7.0,,,0
2026-03-27,C. ÁLVAREZ,6.24,3.0,117.0,12.0,4.5,3.0,-0.07,30.0,7.0,,,0
2026-03-27,J. MUÑOZ,0.194,3.0,30.0,9.0,2.1,0.0,0.034,30.0,7.0,,,0
2026-03-27,L. CABRERA,11.586,2.0,133.0,8.0,4.8,0.0,-0.08,30.0,7.0,,,0
2026-03-27,S. MOURIÑO,6.778,2.0,92.0,20.0,4.2,0.0,0.114,30.0,7.0,Dani,-7.00823,1
2026-03-27,J. GIMÉNEZ,5.377,2.0,58.0,2.0,4.1,0.0,-0.001,30.0,7.0,,,0
2026-03-27,J. ÁNGEL CARMONA,0.573,2.0,78.0,17.0,2.9,0.0,-0.032,30.0,7.0,,,0
2026-03-27,T. COURTOIS,13.568,1.0,133.0,15.0,4.8,1.0,-0.14,30.0,7.0,,,0
2026-03-28,A. BLANCO,7.816,3.0,113.0,48.0,4.2,0.0,0.074,30.0,6.0,Dani,-7.86353,0
2026-03-28,L. RAMAZANI,3.399,3.0,84.0,19.0,4.7,0.0,0.148,30.0,6.0,Dani,-4.05724,0
2026-03-28,B. PRADOS,0.191,3.0,4.0,1.0,2.0,3.0,0.031,30.0,6.0,,,0
2026-03-28,S. COLOMBATTO,0.163,3.0,74.0,1370.0,3.1,0.0,-0.027,30.0,6.0,,,0
2026-03-28,Ó. TREJO,0.16,3.0,13.0,14.0,2.2,0.0,,30.0,6.0,,,0
2026-03-28,R. ARAÚJO,5.384,2.0,81.0,3.0,4.5,0.0,0.061,30.0,6.0,,,0
2026-03-28,C. AZPILICUETA,1.828,2.0,60.0,17.0,4.0,3.0,-0.043,30.0,6.0,,,0
2026-03-28,H. RINCÓN,1.285,2.0,76.0,222.0,2.9,0.0,0.012,30.0,6.0,,,0
2026-03-28,S. CARDONA,0.571,2.0,68.0,20.0,3.0,0.0,-0.035,30.0,6.0,,,0
2026-03-28,R. ALHASSANE,0.183,2.0,52.0,1370.0,2.6,0.0,0.023,30.0,6.0,,,0
2026-03-29,Á. BERENGUER,4.781,3.0,91.0,1.0,3.8,0.0,-0.087,30.0,5.0,,,0
2026-03-29,B. DÍAZ,2.694,3.0,51.0,15.0,2.4,0.0,0.079,30.0,5.0,Maldinillo 💥,-2.69411,0
2026-03-29,A. REINA,1.19,3.0,98.0,1370.0,3.5,0.0,0.013,30.0,5.0,,,0
2026-03-29,R. TERRATS,0.269,3.0,58.0,8.0,2.8,0.0,-0.026,30.0,5.0,,,0
2026-03-29,J. SALAS,0.16,3.0,4.0,408.0,2.0,1.0,-0.026,30.0,5.0,,,0
2026-03-29,A. ELUSTONDO,0.191,2.0,13.0,16.0,1.3,0.0,0.031,30.0,5.0,,,0
2026-03-29,L. COSTA,0.19,2.0,0.0,20.0,0.0,3.0,0.026,30.0,5.0,,,0
2026-03-29,R. SÁNCHEZ,0.188,2.0,36.0,8.0,2.6,0.0,-0.015,30.0,5.0,,,0
2026-03-29,T. LATO,0.16,2.0,19.0,408.0,2.1,0.0,,30.0,5.0,,,0
2026-03-29,Í. LEKUE,0.16,2.0,9.0,1.0,1.0,0.0,,30.0,5.0,,,0
2026-03-30,U. IZETA,0.205,4.0,20.0,1.0,1.8,0.0,0.045,30.0,4.0,,,0
2026-03-30,J. VIRGILI,4.285,3.0,80.0,408.0,3.6,0.0,-0.119,30.0,4.0,,,0
2026-03-30,A. LISO,0.207,3.0,74.0,9.0,3.2,0.0,0.042,30.0,4.0,,,0
2026-03-30,A. BALDE,6.856,2.0,86.0,3.0,4.1,3.0,-0.118,30.0,4.0,,,0
2026-03-30,T. CORREIA,0.194,2.0,40.0,19.0,2.1,3.0,0.034,30.0,4.0,,,0
2026-03-30,A. CASTRÍN,0.16,2.0,38.0,17.0,3.5,0.0,-0.036,30.0,4.0,,,0
2026-03-30,Á. FORTUÑO,0.19,1.0,0.0,8.0,0.0,0.0,-0.002,30.0,4.0,,,0
2026-03-30,A. ITURBE,0.16,1.0,0.0,23.0,0.0,0.0,-0.002,30.0,4.0,,,0
2026-03-30,R. BLANCO,0.16,1.0,0.0,222.0,0.0,0.0,,30.0,4.0,,,0
2026-03-30,C. RIVERO,0.16,1.0,0.0,19.0,0.0,0.0,,30.0,4.0,,,0
2026-03-31,A. SØRLOTH,11.437,4.0,109.0,2.0,3.9,0.0,-0.037,30.0,3.0,,,0
2026-03-31,A. KAMARA,0.2,4.0,13.0,9.0,1.4,1.0,-0.01,30.0,3.0,,,0
2026-03-31,E. EXPÓSITO,14.934,3.0,136.0,8.0,5.0,0.0,-0.016,30.0,3.0,,,0
2026-03-31,B. MÉNDEZ,10.084,3.0,102.0,16.0,4.1,0.0,0.011,30.0,3.0,,,0
2026-03-31,L. KOUROUMA,0.174,3.0,-2.0,222.0,-0.4,0.0,0.011,30.0,3.0,,,0
2026-03-31,O. EL HILALI,2.04,2.0,95.0,8.0,3.5,0.0,-0.048,30.0,3.0,,,0
2026-03-31,C. AZPILICUETA,1.635,2.0,60.0,17.0,4.0,3.0,-0.068,30.0,3.0,,,0
2026-03-31,J. MONTES,0.16,2.0,2.0,9.0,2.0,0.0,-0.049,30.0,3.0,,,0
2026-03-31,A. CASTRÍN,0.16,2.0,38.0,17.0,3.5,0.0,,30.0,3.0,,,0
2026-03-31,D. PAMPÍN,0.16,2.0,15.0,12.0,2.5,0.0,-0.029,30.0,3.0,,,0
2026-04-01,A. GRIEZMANN,10.288,4.0,120.0,2.0,4.6,0.0,0.013,30.0,2.0,Jotabetrbb,-11.688,0
2026-04-01,D. RABA,0.197,4.0,23.0,19.0,1.9,0.0,0.037,30.0,2.0,,,0
2026-04-01,P. TORRE,1.26,3.0,85.0,408.0,3.3,0.0,0.042,30.0,2.0,,,0
2026-04-01,K. SIBO,0.694,3.0,55.0,1370.0,2.8,0.0,0.03,30.0,2.0,,,0
2026-04-01,A. DADIE,0.18,3.0,0.0,16.0,0.0,0.0,-0.003,30.0,2.0,,,0
2026-04-01,D. CEBALLOS,0.16,3.0,40.0,15.0,2.7,1.0,-0.049,30.0,2.0,,,0
2026-04-01,D. HUIJSEN,10.882,2.0,71.0,15.0,3.4,0.0,0.032,30.0,2.0,,,0
2026-04-01,E. BAILLY,0.554,2.0,37.0,1370.0,4.1,0.0,0.01,30.0,2.0,,,0
2026-04-01,M. MORENO,0.55,2.0,64.0,12.0,3.4,0.0,0.009,30.0,2.0,,,0
2026-04-01,F. CARDOSO,0.205,2.0,10.0,17.0,2.5,0.0,0.045,30.0,2.0,,,0
2026-04-02,A. ADAMS,4.17,4.0,100.0,17.0,4.2,0.0,-0.037,30.0,1.0,Maldinillo 💥,-4.17004,0
2026-04-02,K. GARCÍA,4.086,4.0,108.0,8.0,3.9,0.0,0.098,30.0,1.0,Maldinillo 💥,-4.08613,0
2026-04-02,R. NTEKA,0.206,4.0,14.0,14.0,1.8,0.0,0.046,30.0,1.0,,,0
2026-04-02,L. RIOJA,4.524,3.0,107.0,19.0,3.8,0.0,0.078,30.0,1.0,Maldinillo 💥,-4.52417,0
2026-04-02,T. ALMADA,2.386,3.0,74.0,2.0,3.7,0.0,-0.088,30.0,1.0,,,0
2026-04-02,C. BENAVÍDEZ,0.178,3.0,15.0,48.0,1.7,3.0,0.009,30.0,1.0,,,0
2026-04-02,U. NÚÑEZ,3.97,2.0,26.0,19.0,3.7,0.0,0.077,30.0,1.0,,,0
2026-04-02,V. VALDEPEÑAS,0.191,2.0,2.0,15.0,2.0,0.0,0.031,30.0,1.0,,,0
2026-04-02,A. NYOM,0.16,2.0,11.0,9.0,1.0,5.0,,30.0,1.0,,,0
2026-04-02,A. SAN MIGUEL,0.181,1.0,0.0,4.0,0.0,0.0,0.015,30.0,1.0,,,0
2026-04-03,ALEMÃO,0.16,4.0,37.0,14.0,2.2,0.0,,30.0,0.5,,,0
2026-04-03,I. DIABATE,0.16,4.0,3.0,48.0,3.0,0.0,,30.0,0.5,,,0
2026-04-03,C. ÁLVAREZ,5.736,3.0,117.0,12.0,4.5,3.0,-0.074,30.0,0.5,,,0
2026-04-03,G. DIANGANA,0.184,3.0,43.0,23.0,2.5,3.0,0.024,30.0,0.5,,,0
2026-04-03,A. JANUZAJ,0.16,3.0,30.0,17.0,2.5,0.0,-0.004,30.0,0.5,,,0
2026-04-03,J. PACHECO,1.405,2.0,64.0,48.0,3.0,0.0,-0.062,30.0,0.5,,,0
2026-04-03,A. NYOM,0.197,2.0,11.0,9.0,1.0,5.0,0.037,30.0,0.5,,,0
2026-04-03,D. PAMPÍN,0.188,2.0,15.0,12.0,2.5,0.0,0.028,30.0,0.5,,,0
2026-04-03,A. REMIRO,6.982,1.0,111.0,16.0,3.8,0.0,0.073,30.0,0.5,Maldinillo 💥,-6.982,0
2026-04-03,Á. FORTUÑO,0.184,1.0,0.0,8.0,0.0,0.0,0.024,30.0,0.5,,,0
2026-04-04,C. ESPÍ,2.415,4.0,85.0,12.0,5.3,0.0,0.098,31.0,6.0,Dani,-2.5645,1
2026-04-04,A. TCHOUAMÉNI,17.43,3.0,132.0,15.0,5.1,0.0,-0.017,31.0,6.0,Dani,-17.43755,1
2026-04-04,A. ALMEIDA,0.886,3.0,53.0,19.0,2.9,0.0,0.021,31.0,6.0,,,0
2026-04-04,C. PICKEL,0.169,3.0,32.0,8.0,1.9,0.0,0.009,31.0,6.0,,,0
2026-04-04,A. RAȚIU,11.019,2.0,125.0,14.0,4.6,0.0,0.083,31.0,6.0,Dani,-11.31804,1
2026-04-04,D. HUIJSEN,10.949,2.0,71.0,15.0,3.4,0.0,-0.011,31.0,6.0,Maldinillo 💥,-11.00898,0
2026-04-04,J. MOJICA,1.236,2.0,89.0,408.0,3.2,0.0,-0.039,31.0,6.0,,,0
2026-04-04,S. CARDONA,0.27,2.0,68.0,20.0,3.0,0.0,-0.034,31.0,6.0,,,0
2026-04-04,A. CASTRÍN,0.16,2.0,38.0,17.0,3.5,0.0,,31.0,6.0,,,0
2026-04-04,R. BLANCO,0.163,1.0,0.0,222.0,0.0,0.0,-0.044,31.0,6.0,,,0
2026-04-05,J. KARRIKABURU,0.203,4.0,11.0,16.0,1.8,0.0,0.043,31.0,5.0,,,0
2026-04-05,Á. BERENGUER,3.953,3.0,91.0,1.0,3.8,0.0,-0.152,31.0,5.0,,,0
2026-04-05,R. NAVARRO,1.205,3.0,95.0,1.0,4.0,0.0,-0.049,31.0,5.0,,,0
2026-04-05,U. LÓPEZ,0.209,3.0,69.0,14.0,3.1,0.0,0.046,31.0,5.0,,,0
2026-04-05,A. REGO,0.183,3.0,59.0,1.0,3.0,0.0,0.003,31.0,5.0,,,0
2026-04-05,A. LISO,0.167,3.0,74.0,9.0,3.2,0.0,0.007,31.0,5.0,,,0
2026-04-05,F. PÉREZ,0.16,3.0,66.0,14.0,2.6,1.0,,31.0,5.0,,,0
2026-04-05,B. PRADOS,0.16,3.0,4.0,1.0,2.0,1.0,-0.023,31.0,5.0,,,0
2026-04-05,Y. ENRÍQUEZ,0.198,2.0,58.0,48.0,2.8,0.0,0.038,31.0,5.0,,,0
2026-04-05,T. LATO,0.183,2.0,19.0,408.0,2.1,0.0,0.023,31.0,5.0,,,0
2026-04-06,G. GURUZETA,3.322,4.0,81.0,1.0,3.0,0.0,-0.056,31.0,4.0,,,0
2026-04-06,V. BIRMANCEVIC,0.209,4.0,8.0,9.0,2.7,0.0,0.002,31.0,4.0,,,0
2026-04-06,B. TURRIENTES,2.125,3.0,78.0,16.0,3.9,0.0,0.048,31.0,4.0,,,0
2026-04-06,H. BURCIO,0.193,3.0,2.0,5.0,2.0,4.0,0.032,31.0,4.0,,,0
2026-04-06,L. ILIC,0.178,3.0,34.0,1370.0,1.9,1.0,0.018,31.0,4.0,,,0
2026-04-06,T. ABED,0.169,3.0,5.0,12.0,1.3,0.0,-0.018,31.0,4.0,,,0
2026-04-06,J. KOUNDÉ,12.133,2.0,110.0,3.0,4.2,0.0,0.005,31.0,4.0,Dani,-13.53999,1
2026-04-06,Y. ENRÍQUEZ,0.178,2.0,59.0,48.0,2.7,0.0,-0.02,31.0,4.0,,,0
2026-04-06,F. MENDY,0.16,2.0,5.0,15.0,2.5,1.0,,31.0,4.0,,,0
2026-04-06,P. CAMPOS,0.16,1.0,11.0,12.0,5.5,0.0,-0.026,31.0,4.0,,,0
2026-04-07,H. DURO,6.965,4.0,119.0,19.0,4.1,0.0,0.018,31.0,3.0,,,0
2026-04-07,V. VANAT,6.793,4.0,105.0,222.0,3.9,0.0,-0.061,31.0,3.0,,,0
2026-04-07,D. MORCILLO,0.209,4.0,1.0,48.0,1.0,0.0,0.035,31.0,3.0,,,0
2026-04-07,I. DIABATE,0.205,4.0,5.0,48.0,2.5,0.0,0.045,31.0,3.0,,,0
2026-04-07,J. MUÑOZ,0.168,3.0,30.0,9.0,2.1,0.0,0.008,31.0,3.0,,,0
2026-04-07,Ó. TREJO,0.16,3.0,13.0,14.0,2.2,0.0,-0.045,31.0,3.0,,,0
2026-04-07,C. ROMERO,14.87,2.0,169.0,8.0,6.0,0.0,,31.0,3.0,Maldinillo 💥,-15.04955,0
2026-04-07,A. DE LA FUENTE,4.56,2.0,103.0,12.0,4.0,0.0,-0.039,31.0,3.0,,,0
2026-04-07,F. GARCÍA,0.648,2.0,26.0,15.0,2.9,0.0,-0.018,31.0,3.0,,,0
2026-04-07,F. GATTONI,0.18,2.0,2.0,17.0,2.0,0.0,0.02,31.0,3.0,,,0
2026-04-08,I. DIABATE,0.174,4.0,5.0,48.0,2.5,0.0,-0.031,31.0,2.0,,,0
2026-04-08,B. MAYORAL,0.16,4.0,50.0,9.0,3.6,1.0,,31.0,2.0,,,0
2026-04-08,T. KUBO,6.969,3.0,81.0,16.0,4.5,0.0,0.093,31.0,2.0,Maldinillo 💥,-6.97153,0
2026-04-08,A. OROZ,4.531,3.0,85.0,50.0,3.7,0.0,-0.049,31.0,2.0,,,0
2026-04-08,F. MASTANTUONO,0.351,3.0,41.0,15.0,2.4,5.0,-0.061,31.0,2.0,,,0
2026-04-08,Ó. VALENTÍN,0.31,3.0,81.0,14.0,3.1,0.0,-0.002,31.0,2.0,,,0
2026-04-08,A. LAPORTE,8.594,2.0,74.0,1.0,3.9,0.0,0.072,31.0,2.0,,,0
2026-04-08,R. IRANZO,0.191,2.0,1.0,19.0,1.0,0.0,0.031,31.0,2.0,,,0
2026-04-08,Y. LAGO,0.187,2.0,11.0,5.0,2.2,0.0,-0.016,31.0,2.0,,,0
2026-04-08,A. FREEMAN,0.16,2.0,11.0,20.0,2.2,0.0,,31.0,2.0,Dani,-0.16001,0
2026-04-09,ALEMÃO,0.169,4.0,39.0,14.0,2.2,0.0,0.009,31.0,1.0,,,0
2026-04-09,F. DE JONG,14.057,3.0,102.0,3.0,5.4,3.0,-0.027,31.0,1.0,Maldinillo 💥,-15.396153,0
2026-04-09,S. DARDER,5.571,3.0,113.0,408.0,3.8,0.0,0.009,31.0,1.0,,,0
2026-04-09,B. MENDY,0.164,3.0,74.0,17.0,3.1,0.0,-0.058,31.0,1.0,,,0
2026-04-09,J. CESTERO,0.16,3.0,1.0,15.0,0.5,0.0,,31.0,1.0,,,0
2026-04-09,J. FIRPO,0.208,2.0,18.0,4.0,1.8,1.0,0.004,31.0,1.0,,,0
2026-04-09,M. KUMBULLA,0.181,2.0,16.0,408.0,2.3,0.0,0.021,31.0,1.0,,,0
2026-04-09,T. CORREIA,0.16,2.0,41.0,19.0,2.1,0.0,-0.019,31.0,1.0,Dani,-0.16001,0
2026-04-09,X. ESPART,0.16,2.0,4.0,3.0,2.0,0.0,,31.0,1.0,,,0
2026-04-09,R. SÁNCHEZ,0.16,2.0,39.0,8.0,2.6,0.0,-0.01,31.0,1.0,,,0
2026-04-10,A. DANJUMA,1.358,4.0,86.0,19.0,3.2,0.0,-0.041,31.0,0.5,,,0
2026-04-10,J. JIMÉNEZ,0.206,4.0,22.0,9.0,2.8,3.0,0.046,31.0,0.5,,,0
2026-04-10,J. LLABRÉS,0.16,4.0,16.0,408.0,1.1,0.0,-0.022,31.0,0.5,,,0
2026-04-10,E. EXPÓSITO,14.452,3.0,140.0,8.0,5.0,0.0,-0.029,31.0,0.5,,,0
2026-04-10,L. BELTRÁN,0.164,3.0,70.0,19.0,2.9,0.0,-0.018,31.0,0.5,,,0
2026-04-10,N. MOLINA,2.133,2.0,67.0,2.0,3.0,0.0,0.091,31.0,0.5,Los marinero,-2.53,0
2026-04-10,F. CALERO,0.169,2.0,77.0,8.0,3.7,0.0,-0.005,31.0,0.5,,,0
2026-04-10,J. FIRPO,0.169,2.0,18.0,4.0,1.8,1.0,-0.039,31.0,0.5,,,0
2026-04-10,A. MUÑOZ,0.16,2.0,35.0,16.0,2.2,0.0,,31.0,0.5,,,0
2026-04-10,U. SIMÓN,8.172,1.0,119.0,1.0,4.0,0.0,-0.074,31.0,0.5,,,0
2026-04-11,T. ASANO,0.191,4.0,35.0,408.0,2.3,0.0,0.031,33.0,10.0,,,0
2026-04-11,J. ARANGO,0.191,4.0,2.0,222.0,1.0,4.0,0.031,33.0,10.0,,,0
2026-04-11,KOKE,11.225,3.0,137.0,2.0,4.9,5.0,-0.112,33.0,10.0,,,0
2026-04-11,S. AMRABAT,4.085,3.0,53.0,4.0,5.3,0.0,0.147,33.0,10.0,Maldinillo 💥,-4.77028,1
2026-04-11,T. MORENTE,0.663,3.0,21.0,23.0,4.2,0.0,0.012,33.0,10.0,,,0
2026-04-11,B. SANTAMARIA,0.183,3.0,42.0,19.0,2.2,0.0,0.003,33.0,10.0,,,0
2026-04-11,M. BUENO,0.16,3.0,14.0,17.0,2.3,0.0,,33.0,10.0,,,0
2026-04-11,R. VEIGA,1.868,2.0,72.0,20.0,2.8,0.0,0.027,33.0,10.0,,,0
2026-04-11,A. MUÑOZ,0.168,2.0,35.0,16.0,2.2,0.0,0.008,33.0,10.0,,,0
2026-04-11,Á. ORTIZ,0.164,2.0,33.0,4.0,2.5,1.0,-0.033,33.0,10.0,,,0
2026-04-12,G. GUEDES,14.54,4.0,143.0,16.0,4.6,0.0,,33.0,9.0,,,0
2026-04-12,Á. GARCÍA,10.346,3.0,142.0,14.0,4.7,0.0,-0.008,33.0,9.0,,,0
2026-04-12,J. CARDOSO,1.774,3.0,39.0,2.0,3.0,1.0,-0.084,33.0,9.0,,,0
2026-04-12,P. AGUDÍN,0.176,3.0,6.0,1370.0,1.2,0.0,0.016,33.0,9.0,,,0
2026-04-12,U. LÓPEZ,0.163,3.0,69.0,14.0,3.1,0.0,-0.029,33.0,9.0,,,0
2026-04-12,T. ABED,0.162,3.0,5.0,12.0,1.3,0.0,0.002,33.0,9.0,,,0
2026-04-12,C. LENGLET,0.351,2.0,36.0,2.0,2.8,0.0,-0.019,33.0,9.0,,,0
2026-04-12,S. BOSELLI,0.22,2.0,17.0,9.0,2.4,0.0,-0.028,33.0,9.0,,,0
2026-04-12,A. NYOM,0.194,2.0,11.0,9.0,1.0,0.0,0.001,33.0,9.0,,,0
2026-04-12,MARCÃO,0.16,2.0,32.0,17.0,2.5,1.0,,33.0,9.0,,,0
2026-04-13,I. ROMERO,6.308,4.0,119.0,12.0,4.6,0.0,0.039,33.0,8.0,,,0
2026-04-13,I. ROMERO,6.308,4.0,119.0,12.0,4.6,0.0,-0.04,33.0,8.0,,,0
2026-04-13,A. ADAMS,3.748,4.0,109.0,17.0,4.2,0.0,0.082,33.0,8.0,,,0
2026-04-13,M. JOSEPH,0.305,4.0,87.0,408.0,3.0,1.0,-0.076,33.0,8.0,,,0
2026-04-13,R. GARCÍA DE HARO,0.193,4.0,94.0,50.0,3.2,0.0,-0.054,33.0,8.0,,,0
2026-04-13,J. KARRIKABURU,0.16,4.0,11.0,16.0,1.8,0.0,-0.036,33.0,8.0,,,0
2026-04-13,I. MARTÍN,1.175,3.0,96.0,222.0,3.3,0.0,-0.033,33.0,8.0,,,0
2026-04-13,C. ROMERO,14.907,2.0,171.0,8.0,5.9,0.0,-0.055,33.0,8.0,,,0
2026-04-13,D. COSTAS,0.387,2.0,78.0,1370.0,3.9,0.0,-0.07,33.0,8.0,,,0
2026-04-13,A. LUNIN,1.52,1.0,9.0,15.0,3.0,0.0,0.016,33.0,8.0,,,0
2026-04-13,H. MOLDOVAN,0.19,1.0,0.0,1370.0,0.0,0.0,0.03,33.0,8.0,,,0
2026-04-14,F. VIÑAS,6.711,4.0,133.0,1370.0,4.9,0.0,0.156,33.0,7.0,Maldinillo 💥,-7.654,1
2026-04-14,A. DANJUMA,1.15,4.0,88.0,19.0,3.1,0.0,-0.045,33.0,7.0,,,0
2026-04-14,T. OLUWASEYI,0.184,4.0,57.0,20.0,2.4,0.0,0.016,33.0,7.0,,,0
2026-04-14,A. MAÑAS,0.18,4.0,8.0,48.0,1.3,0.0,0.02,33.0,7.0,,,0
2026-04-14,E. EXPÓSITO,14.085,3.0,143.0,8.0,4.9,0.0,-0.119,33.0,7.0,,,0
2026-04-14,R. NAVARRO,0.71,3.0,97.0,1.0,3.9,0.0,-0.069,33.0,7.0,,,0
2026-04-14,T. FERNÁNDEZ,0.409,3.0,41.0,1370.0,4.1,0.0,0.052,33.0,7.0,,,0
2026-04-14,T. FERNÁNDEZ,0.409,3.0,41.0,1370.0,4.1,0.0,-0.009,33.0,7.0,,,0
2026-04-14,Ó. TREJO,0.16,3.0,13.0,14.0,2.2,0.0,-0.021,33.0,7.0,,,0
2026-04-14,J. ARESO,0.194,2.0,67.0,1.0,2.8,0.0,0.004,33.0,7.0,,,0
2026-04-14,J. CRUZ,0.16,2.0,30.0,50.0,2.0,0.0,,33.0,7.0,,,0
2026-04-15,RODRYGO,1.557,4.0,56.0,15.0,2.9,1.0,-0.08,33.0,6.0,,,0
2026-04-15,N. GUDELJ,0.341,3.0,95.0,17.0,3.5,0.0,0.038,33.0,6.0,,,0
2026-04-15,P. MARTÍNEZ,0.169,3.0,71.0,12.0,3.6,0.0,-0.027,33.0,6.0,,,0
2026-04-15,A. DADIE,0.166,3.0,0.0,16.0,0.0,0.0,0.006,33.0,6.0,,,0
2026-04-15,D. CEBALLOS,0.16,3.0,40.0,15.0,2.7,0.0,,33.0,6.0,,,0
2026-04-15,T. PARTEY,0.16,3.0,42.0,20.0,2.2,3.0,,33.0,6.0,,,0
2026-04-15,D. ĆALETA-CAR,1.818,2.0,61.0,16.0,2.8,0.0,-0.034,33.0,6.0,,,0
2026-04-15,A. MATTURRO,0.207,2.0,41.0,12.0,2.4,0.0,0.038,33.0,6.0,,,0
2026-04-15,M. RISTIĆ,0.16,2.0,6.0,5.0,1.5,3.0,,33.0,6.0,,,0
2026-04-15,L. ROMÁN,5.172,1.0,123.0,408.0,4.7,0.0,0.057,33.0,6.0,Los marinero,-5.172,0
2026-04-16,P. MILLA,2.1,4.0,110.0,8.0,4.1,0.0,-0.074,33.0,5.0,,,0
2026-04-16,C. STUANI,0.205,4.0,40.0,222.0,2.9,0.0,0.045,33.0,5.0,,,0
2026-04-16,J. LLABRÉS,0.16,4.0,16.0,408.0,1.1,0.0,-0.049,33.0,5.0,,,0
2026-04-16,C. BENAVÍDEZ,0.21,3.0,15.0,48.0,1.7,3.0,0.021,33.0,5.0,,,0
2026-04-16,C. PICKEL,0.185,3.0,33.0,8.0,1.8,0.0,-0.005,33.0,5.0,,,0
2026-04-16,L. ILIC,0.16,3.0,34.0,1370.0,1.9,3.0,-0.037,33.0,5.0,,,0
2026-04-16,M. RUGGERI,1.058,2.0,63.0,2.0,3.0,0.0,-0.019,33.0,5.0,,,0
2026-04-16,J. BOÑAR,0.325,2.0,13.0,2.0,13.0,0.0,0.031,33.0,5.0,,,0
2026-04-16,Á. FORTUÑO,0.19,1.0,0.0,8.0,0.0,0.0,0.03,33.0,5.0,,,0
2026-04-16,T. STEGEN,0.16,1.0,8.0,222.0,4.0,1.0,-0.044,33.0,5.0,,,0
2026-04-17,V. MUÑOZ,15.861,4.0,175.0,50.0,5.6,0.0,0.069,33.0,4.0,Dani,-19.02477,1
2026-04-17,G. GURUZETA,2.966,4.0,87.0,1.0,3.1,0.0,0.07,33.0,4.0,,,0
2026-04-17,C. BAKAMBU,0.18,4.0,42.0,4.0,2.8,0.0,-0.026,33.0,4.0,,,0
2026-04-17,P. TORRE,2.269,3.0,97.0,408.0,3.5,0.0,0.099,33.0,4.0,,,0
2026-04-17,A. GUEVARA,0.16,3.0,54.0,48.0,2.6,0.0,-0.047,33.0,4.0,,,0
2026-04-17,B. SANTAMARIA,0.16,3.0,42.0,19.0,2.2,0.0,-0.033,33.0,4.0,,,0
2026-04-17,S. COLOMBATTO,0.16,3.0,79.0,1370.0,3.0,0.0,,33.0,4.0,,,0
2026-04-17,D. AGUADO,0.16,2.0,4.0,15.0,4.0,0.0,,33.0,4.0,,,0
2026-04-17,T. NIANZOU,0.16,2.0,19.0,17.0,1.6,0.0,,33.0,4.0,,,0
2026-04-17,M. DITURO,5.177,1.0,76.0,23.0,5.1,0.0,0.205,33.0,4.0,Dani,-5.3021,1
2026-04-18,R. BARDGHJI,0.305,4.0,50.0,3.0,3.1,0.0,0.012,33.0,3.0,,,0
2026-04-18,A. BARRENETXEA,8.663,3.0,120.0,16.0,4.8,0.0,0.072,33.0,3.0,,,0
2026-04-18,J. VIRGILI,3.843,3.0,94.0,408.0,3.9,0.0,0.123,33.0,3.0,,,0
2026-04-18,F. LÓPEZ,2.229,3.0,41.0,5.0,4.1,0.0,-0.06,33.0,3.0,,,0
2026-04-18,F. LÓPEZ,2.229,3.0,41.0,5.0,4.1,0.0,-0.025,33.0,3.0,,,0
2026-04-18,Á. PÉREZ,1.551,3.0,44.0,48.0,4.9,0.0,-0.03,33.0,3.0,,,0
2026-04-18,A. REGO,0.203,3.0,63.0,1.0,2.9,0.0,0.042,33.0,3.0,,,0
2026-04-18,U. GÓMEZ,0.192,3.0,46.0,1.0,2.3,0.0,0.028,33.0,3.0,,,0
2026-04-18,P. FERNÁNDEZ,0.184,3.0,67.0,17.0,3.0,0.0,0.024,33.0,3.0,,,0
2026-04-18,D. CALVO,0.513,2.0,50.0,1370.0,3.3,0.0,0.052,33.0,3.0,,,0
2026-04-18,A. CASTRÍN,0.283,2.0,45.0,17.0,3.5,0.0,0.013,33.0,3.0,,,0
2026-04-19,T. ALMADA,1.803,3.0,79.0,2.0,3.6,0.0,-0.026,33.0,2.0,,,0
2026-04-19,K. ARRIAGA,0.189,3.0,57.0,12.0,2.7,0.0,0.001,33.0,2.0,,,0
2026-04-19,A. LISO,0.174,3.0,80.0,9.0,3.2,0.0,-0.036,33.0,2.0,,,0
2026-04-19,A. JANUZAJ,0.165,3.0,30.0,17.0,2.5,0.0,-0.045,33.0,2.0,,,0
2026-04-19,M. VECINO,0.16,3.0,5.0,5.0,1.3,0.0,,33.0,2.0,,,0
2026-04-19,C. ROMERO,14.931,2.0,171.0,8.0,5.9,0.0,0.016,33.0,2.0,Dani,-14.93101,0
2026-04-19,J. OTTO,0.68,2.0,95.0,48.0,3.2,0.0,-0.055,33.0,2.0,,,0
2026-04-19,R. IRANZO,0.209,2.0,1.0,19.0,1.0,0.0,0.049,33.0,2.0,,,0
2026-04-19,A. BOIRO,0.16,2.0,17.0,1.0,1.9,0.0,,33.0,2.0,,,0
2026-04-19,Y. LAGO,0.16,2.0,11.0,5.0,2.2,0.0,-0.039,33.0,2.0,,,0
2026-04-20,J. ÁLVAREZ,16.54,4.0,114.0,2.0,3.9,0.0,-0.026,33.0,1.0,Dani,-16.54,0
2026-04-20,H. DURO,6.49,4.0,122.0,19.0,4.1,0.0,-0.082,33.0,1.0,,,0
2026-04-20,P. DURÁN,0.16,4.0,69.0,5.0,2.9,0.0,-0.019,33.0,1.0,,,0
2026-04-20,C. SOLER,14.531,3.0,117.0,16.0,4.5,0.0,0.107,33.0,1.0,Dani,-14.62316,0
2026-04-20,K. SIBO,0.817,3.0,64.0,1370.0,2.9,0.0,0.024,33.0,1.0,,,0
2026-04-20,P. AGUDÍN,0.202,3.0,6.0,1370.0,1.2,0.0,0.03,33.0,1.0,,,0
2026-04-20,M. ALONSO,8.601,2.0,100.0,5.0,3.8,0.0,-0.088,33.0,1.0,,,0
2026-04-20,D. ĆALETA-CAR,1.603,2.0,61.0,16.0,2.8,0.0,-0.029,33.0,1.0,,,0
2026-04-20,D. CALVO,0.564,2.0,50.0,1370.0,3.3,0.0,0.027,33.0,1.0,,,0
2026-04-20,D. CONDE,0.177,1.0,0.0,20.0,0.0,0.0,0.017,33.0,1.0,,,0
2026-04-21,L. CEPEDA,0.16,4.0,24.0,23.0,3.4,0.0,-0.003,33.0,0.5,,,0
2026-04-21,T. FERNÁNDEZ,0.752,3.0,41.0,1370.0,4.1,0.0,0.047,33.0,0.5,,,0
2026-04-21,T. FERNÁNDEZ,0.752,3.0,41.0,1370.0,4.1,0.0,-0.001,33.0,0.5,,,0
2026-04-21,B. PRADOS,0.16,3.0,4.0,1.0,2.0,1.0,-0.033,33.0,0.5,,,0
2026-04-21,H. SOLOZÁBAL,0.16,3.0,2.0,9.0,2.0,0.0,,33.0,0.5,,,0
2026-04-21,D. CALVO,0.596,2.0,50.0,1370.0,3.3,0.0,0.032,33.0,0.5,,,0
2026-04-21,H. FORT,0.357,2.0,45.0,23.0,5.0,0.0,0.024,33.0,0.5,Los marinero,-0.357,0
2026-04-21,U. EGILUZ,0.202,2.0,0.0,1.0,0.0,4.0,0.04,33.0,0.5,,,0
2026-04-21,J. SALINAS,0.188,2.0,14.0,8.0,1.4,0.0,0.028,33.0,0.5,,,0
2026-04-21,Í. ARGUIBIDE,0.16,2.0,10.0,50.0,1.7,0.0,-0.031,33.0,0.5,,,0
2026-04-21,I. PEÑA,0.16,1.0,71.0,23.0,4.4,0.0,,33.0,0.5,,,0
2026-04-22,ALEMÃO,0.209,4.0,41.0,14.0,2.2,0.0,0.049,32.0,2.0,,,0
2026-04-22,R. GARCÍA,2.734,3.0,105.0,50.0,3.6,0.0,-0.074,32.0,2.0,,,0
2026-04-22,J. GUERRA,1.506,3.0,96.0,19.0,3.2,0.0,-0.031,32.0,2.0,,,0
2026-04-22,M. CASADÓ,0.556,3.0,64.0,3.0,3.2,0.0,-0.038,32.0,2.0,,,0
2026-04-22,A. JANUZAJ,0.186,3.0,30.0,17.0,2.5,0.0,0.007,32.0,2.0,,,0
2026-04-22,L. BELTRÁN,0.167,3.0,72.0,19.0,2.8,0.0,0.003,32.0,2.0,,,0
2026-04-22,D. RICO,0.168,2.0,70.0,9.0,2.7,0.0,-0.037,32.0,2.0,,,0
2026-04-22,D. CARMO,0.16,2.0,61.0,1370.0,2.9,0.0,,32.0,2.0,,,0
2026-04-22,D. JIMÉNEZ,0.16,2.0,3.0,15.0,1.5,4.0,,32.0,2.0,,,0
2026-04-22,A. LUNIN,1.768,1.0,15.0,15.0,3.8,0.0,0.014,32.0,2.0,,,0
2026-04-23,G. GARCÍA,1.145,4.0,61.0,15.0,2.5,0.0,-0.056,32.0,1.0,,,0
2026-04-23,J. VIRGILI,4.475,3.0,100.0,408.0,4.0,0.0,0.132,32.0,1.0,Maldinillo 💥,-4.92911,0
2026-04-23,B. TURRIENTES,3.327,3.0,84.0,16.0,3.8,0.0,0.02,32.0,1.0,,,0
2026-04-23,A. REINA,1.956,3.0,114.0,1370.0,3.8,0.0,0.061,32.0,1.0,,,0
2026-04-23,A. MESTANZA,0.18,3.0,5.0,9.0,1.7,4.0,-0.006,32.0,1.0,,,0
2026-04-23,T. PARTEY,0.16,3.0,42.0,20.0,2.2,0.0,,32.0,1.0,,,0
2026-04-23,OSO,4.381,2.0,69.0,17.0,4.9,0.0,-0.098,32.0,1.0,,,0
2026-04-23,M. MOREY,0.179,2.0,39.0,408.0,2.4,0.0,-0.014,32.0,1.0,,,0
2026-04-23,L. FELIPE,0.16,2.0,26.0,14.0,2.6,1.0,-0.005,32.0,1.0,,,0
2026-04-23,A. LUNIN,1.814,1.0,15.0,15.0,3.8,0.0,0.046,32.0,1.0,,,0
2026-04-24,A. PÉREZ,1.337,4.0,54.0,20.0,2.8,0.0,-0.033,32.0,0.5,,,0
2026-04-24,J. LUIS MORALES,0.189,4.0,46.0,12.0,2.4,0.0,-0.015,32.0,0.5,,,0
2026-04-24,S. COSTA,10.389,3.0,149.0,408.0,5.1,0.0,0.081,32.0,0.5,Maldinillo 💥,-10.61241,1
2026-04-24,T. FERNÁNDEZ,0.877,3.0,47.0,1370.0,4.3,0.0,0.056,32.0,0.5,Dani,-0.89351,0
2026-04-24,T. FERNÁNDEZ,0.877,3.0,47.0,1370.0,4.3,0.0,0.04,32.0,0.5,Dani,-0.89351,0
2026-04-24,J. SALAS,0.18,3.0,4.0,408.0,2.0,1.0,-0.011,32.0,0.5,,,0
2026-04-24,R. MENDOZA,0.163,3.0,70.0,2.0,3.2,0.0,-0.037,32.0,0.5,,,0
2026-04-24,D. HANCKO,5.339,2.0,108.0,2.0,4.2,3.0,-0.133,32.0,0.5,,,0
2026-04-24,A. ABQAR,0.211,2.0,40.0,9.0,2.2,0.0,0.012,32.0,0.5,,,0
2026-04-24,J. TORRENTS,0.162,2.0,7.0,3.0,2.3,1.0,0.002,32.0,0.5,,,0
2026-04-24,L. JÚNIOR,4.966,1.0,110.0,20.0,3.9,0.0,0.013,32.0,0.5,,,0
2026-04-25,R. LEWANDOWSKI,14.286,4.0,132.0,3.0,5.3,0.0,-0.029,34.0,6.0,Maldinillo 💥,-14.40459,0
2026-04-25,A. DANJUMA,0.608,4.0,89.0,19.0,3.1,0.0,-0.048,34.0,6.0,,,0
2026-04-25,C. NGONGE,0.16,4.0,23.0,8.0,2.9,0.0,,34.0,6.0,,,0
2026-04-25,A. TCHOUAMÉNI,17.251,3.0,140.0,15.0,4.8,1.0,-0.068,34.0,6.0,Maldinillo 💥,-17.41897,0
2026-04-25,P. MARÍN,0.175,3.0,62.0,16.0,2.2,0.0,0.011,34.0,6.0,,,0
2026-04-25,X. ESPART,0.187,2.0,4.0,3.0,2.0,0.0,-0.016,34.0,6.0,,,0
2026-04-25,A. MUÑOZ,0.175,2.0,39.0,16.0,2.2,0.0,0.015,34.0,6.0,,,0
2026-04-25,Y. ENRÍQUEZ,0.161,2.0,61.0,48.0,2.7,0.0,-0.015,34.0,6.0,,,0
2026-04-25,Y. LAGO,0.16,2.0,11.0,5.0,1.8,0.0,-0.007,34.0,6.0,,,0
2026-04-25,V. VALDEPEÑAS,0.16,2.0,2.0,15.0,2.0,4.0,-0.038,34.0,6.0,,,0
2026-04-26,A. SØRLOTH,9.889,4.0,127.0,2.0,4.1,0.0,0.131,34.0,5.0,,,0
2026-04-26,V. VANAT,3.67,4.0,105.0,222.0,3.9,1.0,-0.178,34.0,5.0,,,0
2026-04-26,A. GÜLER,19.024,3.0,155.0,15.0,4.8,1.0,-0.112,34.0,5.0,Maldinillo 💥,-19.02407,0
2026-04-26,T. MARQUÉS,0.186,3.0,1.0,3.0,1.0,0.0,0.026,34.0,5.0,,,0
2026-04-26,U. RAGHOUBER,0.164,3.0,28.0,12.0,2.5,0.0,-0.034,34.0,5.0,,,0
2026-04-26,B. SANTAMARIA,0.16,3.0,42.0,19.0,2.2,0.0,-0.015,34.0,5.0,,,0
2026-04-26,J. MUÑOZ,0.16,3.0,32.0,9.0,2.1,0.0,-0.038,34.0,5.0,,,0
2026-04-26,M. BARTRA,4.808,2.0,92.0,4.0,3.7,0.0,-0.131,34.0,5.0,,,0
2026-04-26,A. FREEMAN,0.2,2.0,13.0,20.0,2.2,0.0,0.024,34.0,5.0,,,0
2026-04-26,D. CARMO,0.16,2.0,61.0,1370.0,2.9,0.0,-0.011,34.0,5.0,,,0
2026-04-27,N. WILLIAMS,10.506,4.0,96.0,1.0,4.2,0.0,0.007,34.0,4.0,Maldinillo 💥,-10.67288,0
2026-04-27,V. BIRMANCEVIC,0.199,4.0,11.0,9.0,2.2,0.0,0.039,34.0,4.0,,,0
2026-04-27,U. IZETA,0.174,4.0,20.0,1.0,1.8,0.0,0.014,34.0,4.0,,,0
2026-04-27,J. PÉREZ,0.172,4.0,3.0,9.0,1.5,4.0,-0.022,34.0,4.0,,,0
2026-04-27,Á. PÉREZ,1.366,3.0,53.0,48.0,4.8,0.0,0.008,34.0,4.0,,,0
2026-04-27,J. ARAMBURU,3.209,2.0,103.0,16.0,3.3,0.0,0.026,34.0,4.0,Maldinillo 💥,-3.26153,0
2026-04-27,V. CHUST,0.209,2.0,83.0,23.0,3.2,0.0,0.049,34.0,4.0,,,0
2026-04-27,A. BOIRO,0.169,2.0,21.0,1.0,1.9,0.0,-0.006,34.0,4.0,,,0
2026-04-27,D. CARMO,0.16,2.0,59.0,1370.0,2.7,0.0,,34.0,4.0,,,0
2026-04-27,D. PAMPÍN,0.16,2.0,15.0,12.0,2.5,0.0,-0.024,34.0,4.0,,,0
2026-04-28,G. MORENO,15.608,4.0,127.0,20.0,7.1,0.0,0.08,34.0,3.0,Maldinillo 💥,-26.72914,1
2026-04-28,J. LLABRÉS,0.208,4.0,17.0,408.0,1.1,0.0,0.048,34.0,3.0,,,0
2026-04-28,V. BIRMANCEVIC,0.177,4.0,11.0,9.0,2.2,0.0,-0.022,34.0,3.0,,,0
2026-04-28,M. CASADÓ,0.379,3.0,64.0,3.0,3.0,0.0,-0.014,34.0,3.0,,,0
2026-04-28,N. FONSECA,0.209,3.0,40.0,1370.0,2.7,0.0,0.049,34.0,3.0,,,0
2026-04-28,L. KOUROUMA,0.16,3.0,-2.0,222.0,-0.4,0.0,,34.0,3.0,,,0
2026-04-28,P. CABANES,0.16,3.0,0.0,20.0,0.0,1.0,-0.042,34.0,3.0,,,0
2026-04-28,C. STARFELT,1.117,2.0,64.0,5.0,3.4,3.0,-0.056,34.0,3.0,,,0
2026-04-28,F. MENDY,0.61,2.0,8.0,15.0,2.0,0.0,-0.002,34.0,3.0,Maldinillo 💥,-0.62711,0
2026-04-28,Á. VALLES,2.929,1.0,96.0,4.0,4.0,0.0,0.051,34.0,3.0,Maldinillo 💥,-2.92907,0
2026-04-29,G. GUEDES,13.252,4.0,143.0,16.0,4.6,3.0,-0.125,34.0,2.0,,,0
2026-04-29,S. COMESAÑA,10.905,3.0,126.0,20.0,4.2,0.0,-0.026,34.0,2.0,Maldinillo 💥,-11.30121,0
2026-04-29,Á. GARCÍA,9.017,3.0,146.0,14.0,4.7,3.0,-0.196,34.0,2.0,,,0
2026-04-29,I. AKHOMACH,0.728,3.0,65.0,14.0,3.3,0.0,0.027,34.0,2.0,,,0
2026-04-29,P. DÍAZ,0.275,3.0,79.0,14.0,2.6,0.0,0.041,34.0,2.0,Maldinillo 💥,-0.575,0
2026-04-29,P. CABANES,0.164,3.0,0.0,20.0,0.0,1.0,0.004,34.0,2.0,,,0
2026-04-29,M. PUBILL,10.112,2.0,79.0,2.0,5.3,0.0,0.016,34.0,2.0,,,0
2026-04-29,H. RINCÓN,0.359,2.0,88.0,222.0,2.9,0.0,0.004,34.0,2.0,,,0
2026-04-29,M. DITURO,6.019,1.0,86.0,23.0,5.1,0.0,0.102,34.0,2.0,,,0
2026-04-29,P. LÓPEZ,0.16,1.0,39.0,4.0,4.3,0.0,,34.0,2.0,,,0
2026-04-30,O. ÓSKARSSON,1.124,4.0,65.0,16.0,4.1,0.0,0.043,34.0,1.0,Dani,-1.5361,0
2026-04-30,A. TCHOUAMÉNI,16.935,3.0,140.0,15.0,4.8,0.0,-0.025,34.0,1.0,,,0
2026-04-30,A. BLANCO,9.983,3.0,131.0,48.0,4.2,0.0,0.154,34.0,1.0,Dani,-11.04635,1
2026-04-30,C. ECHEVERRI,2.317,3.0,42.0,222.0,3.5,0.0,0.054,34.0,1.0,Dani,-2.37251,0
2026-04-30,N. GUDELJ,0.325,3.0,96.0,17.0,3.3,0.0,-0.002,34.0,1.0,Dani,-0.325,0
2026-04-30,D. HANCKO,4.465,2.0,108.0,2.0,4.2,0.0,-0.117,34.0,1.0,,,0
2026-04-30,J. GIMÉNEZ,1.558,2.0,62.0,2.0,4.1,3.0,-0.076,34.0,1.0,,,0
2026-04-30,V. CHUST,0.203,2.0,83.0,23.0,3.2,0.0,0.036,34.0,1.0,Dani,-0.23667,0
2026-04-30,M. DIAKHABY,0.18,2.0,33.0,19.0,4.1,1.0,0.02,34.0,1.0,,,0
2026-04-30,N. PÉREZ,0.163,2.0,2.0,12.0,1.0,0.0,-0.006,34.0,1.0,,,0
2026-05-01,ISCO,10.868,3.0,13.0,4.0,4.3,0.0,0.099,34.0,0.5,Los marinero,-14.668,1
2026-05-01,A. BARRENETXEA,10.303,3.0,130.0,16.0,4.8,0.0,0.098,34.0,0.5,Los marinero,-10.403,0
2026-05-01,I. PALAZÓN,8.261,3.0,127.0,14.0,4.1,4.0,-0.19,34.0,0.5,,,0
2026-05-01,T. ABED,0.196,3.0,6.0,12.0,1.2,0.0,-0.001,34.0,0.5,,,0
2026-05-01,A. MARTÍNEZ,6.901,2.0,116.0,222.0,3.9,0.0,0.084,34.0,0.5,,,0
2026-05-01,J. MOJICA,1.698,2.0,102.0,408.0,3.2,0.0,0.047,34.0,0.5,,,0
2026-05-01,D. ĆALETA-CAR,1.498,2.0,66.0,16.0,2.8,0.0,0.036,34.0,0.5,,,0
2026-05-01,C. TÁRREGA,0.931,2.0,83.0,19.0,3.1,0.0,0.064,34.0,0.5,Dani,-0.931,0
2026-05-01,A. ESCANDELL,15.027,1.0,184.0,1370.0,5.6,0.0,0.094,34.0,0.5,Dani,-15.05083,0
2026-05-01,J. AGIRREZABALA,0.184,1.0,76.0,19.0,4.2,3.0,-0.026,34.0,0.5,,,0
2026-05-02,T. ALMADA,1.353,3.0,70.0,2.0,3.0,0.0,-0.007,35.0,6.0,,,0
2026-05-02,I. MARTÍN,0.864,3.0,103.0,222.0,3.3,0.0,0.004,35.0,6.0,,,0
2026-05-02,I. AKHOMACH,0.798,3.0,65.0,14.0,3.3,0.0,0.006,35.0,6.0,,,0
2026-05-02,O. EJARIA,0.21,3.0,19.0,1370.0,2.4,0.0,0.05,35.0,6.0,,,0
2026-05-02,M. GÓMEZ,0.18,3.0,68.0,50.0,3.1,0.0,0.009,35.0,6.0,,,0
2026-05-02,D. DUARTE,1.257,2.0,91.0,9.0,3.1,0.0,0.009,35.0,6.0,,,0
2026-05-02,C. AZPILICUETA,0.175,2.0,60.0,17.0,4.0,3.0,0.004,35.0,6.0,,,0
2026-05-02,L. AHIJADO,0.16,2.0,43.0,1370.0,2.9,0.0,-0.032,35.0,6.0,,,0
2026-05-02,L. JÚNIOR,3.955,1.0,110.0,20.0,3.9,0.0,-0.164,35.0,6.0,,,0
2026-05-02,A. SAN MIGUEL,0.184,1.0,0.0,4.0,0.0,0.0,0.024,35.0,6.0,,,0
2026-05-03,C. ESPÍ,6.552,4.0,111.0,12.0,5.3,0.0,0.142,35.0,5.0,Maldinillo 💥,-9.63969,1
2026-05-03,A. MOLEIRO,15.122,3.0,184.0,20.0,5.6,0.0,0.035,35.0,5.0,Maldinillo 💥,-15.5154,1
2026-05-03,G. LO CELSO,6.471,3.0,94.0,4.0,4.7,0.0,0.044,35.0,5.0,,,0
2026-05-03,N. GONZÁLEZ,1.925,3.0,107.0,2.0,4.5,1.0,-0.099,35.0,5.0,,,0
2026-05-03,S. ALTIMIRA,0.505,3.0,83.0,4.0,3.8,0.0,-0.048,35.0,5.0,,,0
2026-05-03,L. DENDONCKER,0.198,3.0,55.0,1370.0,2.9,1.0,0.038,35.0,5.0,,,0
2026-05-03,J. CESTERO,0.16,3.0,1.0,15.0,0.5,0.0,,35.0,5.0,,,0
2026-05-03,D. HUIJSEN,10.89,2.0,84.0,15.0,3.4,0.0,0.028,35.0,5.0,Maldinillo 💥,-10.89,0
2026-05-03,T. CORREIA,0.16,2.0,44.0,19.0,2.0,1.0,,35.0,5.0,,,0
2026-05-03,J. CABELLO,0.16,2.0,11.0,12.0,2.2,4.0,-0.042,35.0,5.0,,,0
2026-05-04,E. EYONG,1.434,4.0,105.0,12.0,3.5,0.0,-0.05,35.0,4.0,,,0
2026-05-04,R. GARCÍA DE HARO,0.394,4.0,114.0,50.0,3.6,0.0,0.048,35.0,4.0,,,0
2026-05-04,U. IZETA,0.164,4.0,20.0,1.0,1.8,0.0,0.004,35.0,4.0,,,0
2026-05-04,B. DÍAZ,5.51,3.0,60.0,15.0,2.3,0.0,0.014,35.0,4.0,Maldinillo 💥,-5.70411,0
2026-05-04,P. TORRE,4.354,3.0,109.0,408.0,3.5,0.0,0.12,35.0,4.0,,,0
2026-05-04,I. AGUIRRE,0.177,3.0,1.0,16.0,1.0,4.0,0.017,35.0,4.0,,,0
2026-05-04,L. ILIC,0.164,3.0,34.0,1370.0,1.9,0.0,-0.007,35.0,4.0,,,0
2026-05-04,M. VECINO,0.16,3.0,5.0,5.0,1.3,1.0,,35.0,4.0,,,0
2026-05-04,Z. ROMERO,1.905,2.0,39.0,9.0,3.5,4.0,-0.037,35.0,4.0,Maldinillo 💥,-1.90535,0
2026-05-04,M. FERNÁNDEZ,0.195,2.0,30.0,5.0,2.1,0.0,-0.008,35.0,4.0,,,0
2026-05-05,G. GUEDES,12.532,4.0,143.0,16.0,4.6,3.0,-0.139,35.0,3.0,,,0
2026-05-05,A. GÜLER,18.052,3.0,155.0,15.0,4.8,1.0,-0.11,35.0,3.0,,,0
2026-05-05,P. LOZANO,0.193,3.0,95.0,8.0,3.2,0.0,-0.003,35.0,3.0,,,0
2026-05-05,D. LÓPEZ,0.179,3.0,88.0,19.0,2.9,0.0,0.024,35.0,3.0,,,0
2026-05-05,D. LÓPEZ,0.179,3.0,88.0,19.0,2.9,0.0,0.004,35.0,3.0,,,0
2026-05-05,D. LÓPEZ,0.179,3.0,88.0,19.0,2.9,0.0,-0.034,35.0,3.0,,,0
2026-05-05,R. BRUGUÉ,0.177,3.0,33.0,12.0,2.1,0.0,0.013,35.0,3.0,,,0
2026-05-05,L. DENDONCKER,0.16,3.0,55.0,1370.0,2.9,3.0,,35.0,3.0,,,0
2026-05-05,J. GALÁN,5.473,2.0,79.0,50.0,3.6,0.0,-0.048,35.0,3.0,,,0
2026-05-05,R. VEIGA,3.665,2.0,90.0,20.0,3.0,0.0,0.122,35.0,3.0,Dani,-4.09496,1
2026-05-05,J. MOJICA,1.888,2.0,108.0,408.0,3.3,0.0,0.055,35.0,3.0,Dani,-2.00581,0
2026-05-05,I. VILLAR,0.175,1.0,0.0,5.0,0.0,0.0,0.015,35.0,3.0,,,0
2026-05-06,C. SOLER,15.107,3.0,128.0,16.0,4.4,0.0,-0.011,35.0,2.0,,,0
2026-05-06,KOKE,9.498,3.0,147.0,2.0,4.9,0.0,0.03,35.0,2.0,,,0
2026-05-06,I. PALAZÓN,7.357,3.0,127.0,14.0,4.1,4.0,-0.182,35.0,2.0,,,0
2026-05-06,P. MARÍN,0.196,3.0,69.0,16.0,2.3,0.0,0.028,35.0,2.0,,,0
2026-05-06,L. TORRÓ,0.19,3.0,98.0,50.0,3.3,0.0,0.03,35.0,2.0,,,0
2026-05-06,F. CALERO,0.802,2.0,92.0,8.0,3.7,0.0,0.04,35.0,2.0,,,0
2026-05-06,A. CASTRÍN,0.699,2.0,59.0,17.0,3.7,0.0,0.053,35.0,2.0,,,0
2026-05-06,V. CHUST,0.193,2.0,85.0,23.0,3.1,0.0,0.033,35.0,2.0,,,0
2026-05-06,A. PEDROSA,0.193,2.0,58.0,23.0,2.4,0.0,0.033,35.0,2.0,,,0
2026-05-06,M. DITURO,6.533,1.0,89.0,23.0,4.9,0.0,0.079,35.0,2.0,Maldinillo 💥,-7.333,0
2026-05-07,G. GURUZETA,5.403,4.0,109.0,1.0,3.5,0.0,0.113,35.0,1.0,Maldinillo 💥,-6.05641,1
2026-05-07,R. BARDGHJI,1.117,4.0,58.0,3.0,3.1,0.0,0.028,35.0,1.0,Dani,-1.15328,0
2026-05-07,J. KARRIKABURU,0.199,4.0,12.0,16.0,1.7,3.0,0.039,35.0,1.0,,,0
2026-05-07,D. RABA,0.178,4.0,24.0,19.0,1.8,0.0,-0.026,35.0,1.0,,,0
2026-05-07,R. GARCÍA,2.299,3.0,112.0,50.0,3.6,0.0,0.012,35.0,1.0,,,0
2026-05-07,O. VARGAS,0.398,3.0,29.0,2.0,3.6,0.0,0.029,35.0,1.0,,,0
2026-05-07,M. BUENO,0.179,3.0,17.0,17.0,2.1,3.0,0.019,35.0,1.0,,,0
2026-05-07,L. ILIC,0.16,3.0,34.0,1370.0,1.9,0.0,-0.007,35.0,1.0,,,0
2026-05-07,L. BEITIA,0.209,2.0,1.0,16.0,1.0,0.0,0.049,35.0,1.0,,,0
2026-05-07,Í. LEKUE,0.16,2.0,7.0,1.0,0.7,0.0,-0.01,35.0,1.0,,,0
2026-05-08,E. EYONG,1.436,4.0,105.0,12.0,3.5,0.0,0.016,35.0,0.5,,,0
2026-05-08,Z. LUVUMBO,0.373,4.0,27.0,408.0,3.9,0.0,0.03,35.0,0.5,,,0
2026-05-08,ALEMÃO,0.361,4.0,58.0,14.0,2.6,0.0,0.039,35.0,0.5,,,0
2026-05-08,J. LUIS MORALES,0.209,4.0,46.0,12.0,2.4,0.0,0.049,35.0,0.5,,,0
2026-05-08,T. DOLAN,0.751,3.0,114.0,8.0,3.5,0.0,-0.011,35.0,0.5,,,0
2026-05-08,B. GIL,0.198,3.0,85.0,222.0,3.3,5.0,0.038,35.0,0.5,,,0
2026-05-08,L. ASTIAZARAN,0.193,3.0,0.0,16.0,0.0,0.0,0.033,35.0,0.5,,,0
2026-05-08,A. ALMEIDA,0.16,3.0,56.0,19.0,2.8,0.0,,35.0,0.5,,,0
2026-05-08,A. ANTAÑÓN,0.16,3.0,2.0,5.0,2.0,0.0,,35.0,0.5,,,0
2026-05-08,J. OTTO,0.518,2.0,103.0,48.0,3.1,0.0,0.019,35.0,0.5,,,0
2026-05-09,WESLEY,0.182,4.0,5.0,16.0,1.0,0.0,-0.003,36.0,3.0,,,0
2026-05-09,A. OROZ,3.697,3.0,99.0,50.0,3.5,0.0,-0.09,36.0,3.0,,,0
2026-05-09,D. CEBALLOS,0.16,3.0,40.0,15.0,2.7,3.0,,36.0,3.0,,,0
2026-05-09,I. BENITO,0.16,3.0,26.0,50.0,4.3,0.0,,36.0,3.0,,,0
2026-05-09,L. CABRERA,9.139,2.0,147.0,8.0,4.5,0.0,-0.019,36.0,3.0,,,0
2026-05-09,D. MARTÍNEZ,0.168,2.0,3.0,2.0,3.0,0.0,0.008,36.0,3.0,,,0
2026-05-09,V. PARADA,0.16,2.0,55.0,48.0,2.1,0.0,-0.032,36.0,3.0,,,0
2026-05-09,J. LETACEK,0.188,1.0,0.0,9.0,0.0,0.0,0.028,36.0,3.0,,,0
2026-05-09,D. CONDE,0.173,1.0,0.0,20.0,0.0,0.0,-0.007,36.0,3.0,,,0
2026-05-09,R. BLANCO,0.173,1.0,0.0,222.0,0.0,0.0,0.013,36.0,3.0,,,0
2026-05-10,U. IZETA,0.196,4.0,20.0,1.0,1.8,0.0,0.036,36.0,2.0,,,0
2026-05-10,R. NAVARRO,0.441,3.0,113.0,1.0,4.0,0.0,0.021,36.0,2.0,,,0
2026-05-10,A. ANTAÑÓN,0.204,3.0,2.0,5.0,2.0,0.0,0.012,36.0,2.0,,,0
2026-05-10,J. GURIDI,0.16,3.0,60.0,48.0,2.4,0.0,,36.0,2.0,,,0
2026-05-10,R. BRUGUÉ,0.16,3.0,36.0,12.0,2.1,0.0,,36.0,2.0,,,0
2026-05-10,D. CEBALLOS,0.16,3.0,40.0,15.0,2.7,3.0,,36.0,2.0,,,0
2026-05-10,A. BALDE,5.331,2.0,94.0,3.0,3.9,0.0,-0.088,36.0,2.0,,,0
2026-05-10,D. ALABA,0.171,2.0,14.0,15.0,1.6,0.0,0.011,36.0,2.0,,,0
2026-05-10,P. CUÉLLAR,0.176,1.0,0.0,408.0,0.0,0.0,0.005,36.0,2.0,,,0
2026-05-10,P. LÓPEZ,0.16,1.0,39.0,4.0,4.3,0.0,,36.0,2.0,,,0
2026-05-11,L. VÁZQUEZ,1.547,4.0,57.0,9.0,3.8,0.0,-0.034,36.0,1.0,,,0
2026-05-11,L. CEPEDA,0.189,4.0,30.0,23.0,3.3,0.0,0.014,36.0,1.0,,,0
2026-05-11,E. ÁVILA,0.165,4.0,24.0,4.0,1.7,0.0,-0.012,36.0,1.0,,,0
2026-05-11,A. BOAYAR,0.16,4.0,19.0,23.0,2.7,1.0,,36.0,1.0,,,0
2026-05-11,P. LOZANO,0.19,3.0,97.0,8.0,3.1,0.0,0.026,36.0,1.0,,,0
2026-05-11,U. GONZÁLEZ,0.16,3.0,106.0,8.0,3.2,0.0,-0.012,36.0,1.0,,,0
2026-05-11,P. AGUDÍN,0.16,3.0,6.0,1370.0,1.0,4.0,-0.027,36.0,1.0,,,0
2026-05-11,J. MONSERRATE,0.16,3.0,1.0,2.0,1.0,4.0,,36.0,1.0,,,0
2026-05-11,J. GIMÉNEZ,0.98,2.0,64.0,2.0,4.0,0.0,-0.037,36.0,1.0,,,0
2026-05-11,D. ALABA,0.176,2.0,14.0,15.0,1.6,0.0,0.005,36.0,1.0,,,0
2026-05-12,P. MILLA,1.046,4.0,112.0,8.0,3.7,0.0,-0.029,36.0,0.5,,,0
2026-05-12,A. OROZ,3.393,3.0,99.0,50.0,3.5,0.0,-0.042,36.0,0.5,,,0
2026-05-12,J. CARDOSO,0.716,3.0,45.0,2.0,3.0,1.0,-0.08,36.0,0.5,,,0
2026-05-12,A. REGO,0.194,3.0,77.0,1.0,3.0,0.0,-0.018,36.0,0.5,,,0
2026-05-12,P. LOZANO,0.164,3.0,97.0,8.0,3.1,0.0,-0.026,36.0,0.5,,,0
2026-05-12,T. ABED,0.16,3.0,7.0,12.0,1.2,0.0,,36.0,0.5,,,0
2026-05-12,M. LLORENTE,12.365,2.0,120.0,2.0,4.4,0.0,0.036,36.0,0.5,,,0
2026-05-12,M. KUMBULLA,0.16,2.0,19.0,408.0,2.4,3.0,,36.0,0.5,,,0
2026-05-12,O. VLACHODIMOS,3.679,1.0,131.0,17.0,4.2,0.0,0.097,36.0,0.5,Dani,-3.75081,1
2026-05-12,J. AGIRREZABALA,0.193,1.0,76.0,19.0,4.2,0.0,0.014,36.0,0.5,,,0
2026-05-13,ALEMÃO,0.542,4.0,67.0,14.0,2.9,0.0,0.036,37.0,4.0,Dani,-0.66759,0
2026-05-13,T. FERNÁNDEZ,0.199,4.0,3.0,3.0,3.0,0.0,0.009,37.0,4.0,,,0
2026-05-13,T. FERNÁNDEZ,0.199,4.0,3.0,3.0,3.0,0.0,-0.044,37.0,4.0,,,0
2026-05-13,K. TUNDE,0.172,4.0,45.0,12.0,2.4,0.0,0.012,37.0,4.0,,,0
2026-05-13,P. GUEYE,14.951,3.0,133.0,20.0,4.9,0.0,-0.059,37.0,4.0,,,0
2026-05-13,S. DARDER,10.117,3.0,142.0,408.0,4.1,0.0,0.199,37.0,4.0,Maldinillo 💥,-12.44662,1
2026-05-13,A. REINA,2.511,3.0,126.0,1370.0,3.7,0.0,0.032,37.0,4.0,,,0
2026-05-13,A. REGO,0.186,3.0,77.0,1.0,3.0,0.0,-0.008,37.0,4.0,,,0
2026-05-13,J. KALUMBA,0.164,3.0,7.0,408.0,2.3,1.0,-0.045,37.0,4.0,,,0
2026-05-13,S. CARDONA,1.453,2.0,96.0,20.0,3.3,0.0,0.023,37.0,4.0,Dani,-1.55111,0
2026-05-13,M. RUGGERI,0.313,2.0,71.0,2.0,3.0,0.0,0.006,37.0,4.0,Dani,-0.32084,0
2026-05-14,F. VIÑAS,10.158,4.0,149.0,1370.0,4.8,0.0,-0.014,37.0,3.0,,,0
2026-05-14,J. JIMÉNEZ,0.16,4.0,22.0,9.0,2.8,1.0,-0.016,37.0,3.0,,,0
2026-05-14,P. TORRE,5.328,3.0,117.0,408.0,3.5,0.0,0.085,37.0,3.0,Dani,-6.38781,0
2026-05-14,C. ÁLVAREZ,2.941,3.0,129.0,12.0,4.3,1.0,-0.155,37.0,3.0,,,0
2026-05-14,J. JORDAN,0.16,3.0,2.0,17.0,0.7,0.0,-0.013,37.0,3.0,,,0
2026-05-14,S. MOURIÑO,8.348,2.0,108.0,20.0,4.2,0.0,-0.111,37.0,3.0,Dani,-8.62525,0
2026-05-14,A. MARTÍNEZ,6.852,2.0,124.0,222.0,3.9,0.0,0.032,37.0,3.0,,,0
2026-05-14,M. MOREY,0.162,2.0,42.0,408.0,2.3,0.0,-0.009,37.0,3.0,,,0
2026-05-14,J. CRUZ,0.16,2.0,30.0,50.0,2.0,0.0,,37.0,3.0,,,0
2026-05-14,W. SZCZĘSNY,0.33,1.0,38.0,3.0,5.4,0.0,0.082,37.0,3.0,Dani,-0.46233,1
2026-05-15,T. MARTÍNEZ,12.471,4.0,187.0,48.0,5.3,0.0,0.137,37.0,2.0,Maldinillo 💥,-20.18336,1
2026-05-15,J. ARANGO,0.16,4.0,2.0,222.0,1.0,0.0,,37.0,2.0,,,0
2026-05-15,C. PICKEL,0.186,3.0,41.0,8.0,1.8,0.0,-0.021,37.0,2.0,,,0
2026-05-15,I. BENITO,0.179,3.0,26.0,50.0,4.3,0.0,0.019,37.0,2.0,,,0
2026-05-15,A. SÁNCHEZ,0.16,3.0,57.0,408.0,2.0,0.0,0.038,37.0,2.0,,,0
2026-05-15,D. AFFENGRUBER,8.305,2.0,128.0,23.0,3.8,0.0,0.181,37.0,2.0,Maldinillo 💥,-15.41373,1
2026-05-15,R. MARÍN,0.846,2.0,90.0,20.0,4.3,0.0,-0.01,37.0,2.0,,,0
2026-05-15,D. MARTÍNEZ,0.16,2.0,3.0,2.0,3.0,0.0,,37.0,2.0,,,0
2026-05-15,A. BOIRO,0.16,2.0,26.0,1.0,2.0,0.0,,37.0,2.0,,,0
2026-05-15,L. JÚNIOR,2.438,1.0,110.0,20.0,3.9,0.0,-0.095,37.0,2.0,,,0
2026-05-16,T. ASANO,0.162,4.0,42.0,408.0,2.3,0.0,0.002,37.0,1.0,,,0
2026-05-16,J. JIMÉNEZ,0.16,4.0,22.0,9.0,2.8,1.0,-0.017,37.0,1.0,,,0
2026-05-16,PEPELU,4.176,3.0,101.0,19.0,3.5,0.0,0.109,37.0,1.0,Dani,-4.51147,0
2026-05-16,T. MORENTE,0.208,3.0,36.0,23.0,3.3,0.0,0.048,37.0,1.0,,,0
2026-05-16,L. TORRÓ,0.205,3.0,104.0,50.0,3.3,0.0,0.013,37.0,1.0,,,0
2026-05-16,M. NETO,0.19,3.0,81.0,23.0,3.2,0.0,,37.0,1.0,,,0
2026-05-16,B. SANTAMARIA,0.175,3.0,42.0,19.0,2.2,0.0,0.013,37.0,1.0,,,0
2026-05-16,M. VECINO,0.16,3.0,5.0,5.0,1.3,0.0,,37.0,1.0,,,0
2026-05-16,A. ELUSTONDO,0.194,2.0,24.0,16.0,1.7,0.0,-0.003,37.0,1.0,,,0
2026-05-16,A. ESCANDELL,15.126,1.0,200.0,1370.0,5.6,0.0,0.046,37.0,1.0,Dani,-15.24492,0
2026-05-17,F. VIÑAS,10.175,4.0,151.0,1370.0,4.7,0.0,0.028,37.0,0.5,Los marinero,-10.175,0
2026-05-17,G. CARRERA,0.191,4.0,3.0,16.0,1.5,0.0,0.031,37.0,0.5,,,0
2026-05-17,D. RABA,0.16,4.0,24.0,19.0,1.8,0.0,,37.0,0.5,,,0
2026-05-17,B. MÉNDEZ,6.943,3.0,113.0,16.0,4.0,0.0,-0.109,37.0,0.5,,,0
2026-05-17,E. GARCIA,0.16,3.0,2.0,1.0,1.0,4.0,-0.047,37.0,0.5,,,0
2026-05-17,Ó. TREJO,0.16,3.0,13.0,14.0,2.2,0.0,,37.0,0.5,,,0
2026-05-17,U. GÓMEZ,0.16,3.0,55.0,1.0,2.3,0.0,-0.016,37.0,0.5,,,0
2026-05-17,M. KUMBULLA,0.16,2.0,19.0,408.0,2.4,1.0,-0.045,37.0,0.5,,,0
2026-05-17,Á. ODRIOZOLA,0.16,2.0,26.0,16.0,5.2,1.0,,37.0,0.5,,,0
2026-05-17,A. PADILLA,0.16,1.0,0.0,1.0,0.0,0.0,,37.0,0.5,,,0
2026-05-18,I. ASPAS,1.596,4.0,117.0,5.0,3.8,0.0,0.023,38.0,5.0,,,0
2026-05-18,A. GONZÁLEZ,0.196,4.0,53.0,20.0,2.7,0.0,-0.024,38.0,5.0,,,0
2026-05-18,F. DE JONG,15.076,3.0,126.0,3.0,5.3,3.0,-0.08,38.0,5.0,,,0
2026-05-18,I. PALAZÓN,5.545,3.0,127.0,14.0,4.1,4.0,-0.132,38.0,5.0,,,0
2026-05-18,C. PALACIOS,0.162,3.0,7.0,15.0,1.4,0.0,-0.01,38.0,5.0,,,0
2026-05-18,C. BENAVÍDEZ,0.16,3.0,20.0,48.0,1.7,0.0,,38.0,5.0,,,0
2026-05-18,F. PÉREZ,0.16,3.0,75.0,14.0,2.6,0.0,-0.031,38.0,5.0,,,0
2026-05-18,R. ARAÚJO,5.242,2.0,94.0,3.0,4.1,0.0,-0.026,38.0,5.0,,,0
2026-05-18,A. GOROSABEL,0.174,2.0,56.0,1.0,2.4,0.0,-0.008,38.0,5.0,,,0
2026-05-18,A. ABQAR,0.172,2.0,47.0,9.0,2.1,0.0,-0.023,38.0,5.0,,,0
2026-05-19,R. GARCÍA DE HARO,0.875,4.0,122.0,50.0,3.5,0.0,0.03,38.0,4.0,,,0
2026-05-19,T. FERNÁNDEZ,0.185,4.0,3.0,3.0,3.0,0.0,0.025,38.0,4.0,,,0
2026-05-19,T. FERNÁNDEZ,0.185,4.0,3.0,3.0,3.0,0.0,-0.046,38.0,4.0,,,0
2026-05-19,GAVI,10.673,3.0,50.0,3.0,5.0,0.0,0.111,38.0,4.0,Maldinillo 💥,-20.673,1
2026-05-19,A. OROZ,3.318,3.0,103.0,50.0,3.4,0.0,0.012,38.0,4.0,Dani,-4.02379,0
2026-05-19,R. NAVARRO,0.637,3.0,122.0,1.0,3.9,0.0,-0.016,38.0,4.0,,,0
2026-05-19,Ó. VALENTÍN,0.26,3.0,100.0,14.0,3.1,0.0,0.056,38.0,4.0,,,0
2026-05-19,L. KOUROUMA,0.172,3.0,-2.0,222.0,-0.4,0.0,-0.034,38.0,4.0,,,0
2026-05-19,J. JORDAN,0.162,3.0,2.0,17.0,0.7,0.0,-0.031,38.0,4.0,,,0
2026-05-19,C. TÁRREGA,0.758,2.0,89.0,19.0,2.9,0.0,-0.025,38.0,4.0,,,0
2026-05-19,Í. LEKUE,0.16,2.0,7.0,1.0,0.7,0.0,,38.0,4.0,,,0
2026-05-20,G. GARCÍA,1.664,4.0,80.0,15.0,2.8,0.0,0.034,38.0,3.0,,,0
2026-05-20,J. PÉREZ,0.165,4.0,3.0,9.0,1.5,0.0,0.005,38.0,3.0,,,0
2026-05-20,P. GUEYE,14.616,3.0,138.0,20.0,4.8,0.0,-0.034,38.0,3.0,,,0
2026-05-20,T. KUBO,10.2,3.0,102.0,16.0,4.3,0.0,-0.044,38.0,3.0,,,0
2026-05-20,H. BURCIO,0.184,3.0,2.0,5.0,2.0,0.0,0.023,38.0,3.0,,,0
2026-05-20,A. LISO,0.174,3.0,81.0,9.0,3.0,0.0,-0.036,38.0,3.0,,,0
2026-05-20,J. TOLJAN,1.014,2.0,111.0,12.0,3.1,0.0,-0.008,38.0,3.0,,,0
2026-05-20,L. OREJUELA,0.181,2.0,1.0,408.0,1.0,0.0,0.014,38.0,3.0,,,0
2026-05-20,T. LATO,0.172,2.0,24.0,408.0,2.2,0.0,-0.036,38.0,3.0,,,0
2026-05-20,H. MOLDOVAN,0.251,1.0,2.0,1370.0,2.0,0.0,0.032,38.0,3.0,,,0
2026-05-21,RAPHINHA,22.244,4.0,178.0,3.0,8.1,0.0,0.043,38.0,2.0,Maldinillo 💥,-37.480569,0
2026-05-21,A. TCHOUAMÉNI,16.786,3.0,155.0,15.0,4.7,0.0,0.038,38.0,2.0,,,0
2026-05-21,P. BARRIOS,6.509,3.0,122.0,2.0,5.3,3.0,-0.161,38.0,2.0,,,0
2026-05-21,D. ALABA,0.198,2.0,17.0,15.0,1.7,0.0,0.008,38.0,2.0,,,0
2026-05-21,U. ELGEZABAL,0.198,2.0,38.0,12.0,3.2,3.0,0.017,38.0,2.0,,,0
2026-05-21,DAVINCHI,0.186,2.0,28.0,9.0,2.2,0.0,-0.024,38.0,2.0,,,0
2026-05-21,F. MENDY,0.166,2.0,9.0,15.0,1.8,1.0,0.006,38.0,2.0,,,0
2026-05-21,J. BOÑAR,0.16,2.0,22.0,2.0,7.3,0.0,-0.003,38.0,2.0,,,0
2026-05-21,C. BALLESTERO,0.16,2.0,0.0,48.0,0.0,0.0,-0.045,38.0,2.0,,,0
2026-05-21,J. HERRANDO,0.16,2.0,68.0,50.0,2.5,0.0,,38.0,2.0,,,0
2026-05-22,I. CHAIRA,4.989,3.0,142.0,1370.0,4.1,0.0,-0.038,38.0,1.0,,,0
2026-05-22,V. GARCÍA,0.515,3.0,75.0,12.0,3.6,3.0,-0.018,38.0,1.0,,,0
2026-05-22,T. ALEXANDER-ARNOLD,7.102,2.0,54.0,15.0,2.6,3.0,-0.107,38.0,1.0,,,0
2026-05-22,J. MOJICA,2.171,2.0,105.0,408.0,3.0,2.0,-0.1,38.0,1.0,,,0
2026-05-22,J. OTTO,0.243,2.0,106.0,48.0,3.1,0.0,-0.028,38.0,1.0,,,0
2026-05-22,C. BALLESTERO,0.195,2.0,0.0,48.0,0.0,0.0,0.035,38.0,1.0,,,0
2026-05-22,M. RISTIĆ,0.179,2.0,7.0,5.0,1.4,0.0,0.019,38.0,1.0,,,0
2026-05-22,DAVINCHI,0.169,2.0,28.0,9.0,2.2,0.0,-0.017,38.0,1.0,,,0
2026-05-22,J. CRUZ,0.16,2.0,30.0,50.0,2.0,0.0,-0.044,38.0,1.0,,,0
2026-05-22,A. TENAS,1.29,1.0,39.0,20.0,4.3,0.0,0.048,38.0,1.0,Dani,-9.426302,0
2026-05-23,B. IGLESIAS,15.313,4.0,185.0,5.0,5.4,0.0,0.067,38.0,0.5,,,0
2026-05-23,A. DANJUMA,0.168,4.0,90.0,19.0,3.0,0.0,-0.039,38.0,0.5,,,0
2026-05-23,B. MÉNDEZ,6.444,3.0,116.0,16.0,4.0,0.0,-0.025,38.0,0.5,,,0
2026-05-23,L. RIOJA,5.789,3.0,135.0,19.0,3.8,0.0,0.071,38.0,0.5,,,0
2026-05-23,J. KOUNDÉ,11.019,2.0,121.0,3.0,4.0,3.0,-0.089,38.0,0.5,,,0
2026-05-23,Á. CORTÉS,0.362,2.0,6.0,3.0,6.0,0.0,0.028,38.0,0.5,,,0
2026-05-23,H. RINCÓN,0.207,2.0,93.0,222.0,2.9,0.0,,38.0,0.5,,,0
2026-05-23,J. OLAIZOLA,0.205,2.0,3.0,408.0,3.0,0.0,0.015,38.0,0.5,,,0
2026-05-23,X. ESPART,0.203,2.0,7.0,3.0,2.3,0.0,0.019,38.0,0.5,,,0
2026-05-23,H. MOLDOVAN,0.338,1.0,2.0,1370.0,2.0,0.0,0.038,38.0,0.5,,,0
2026-05-24,T. FERNÁNDEZ,0.808,3.0,59.0,1370.0,3.7,0.0,-0.072,,,,,0
2026-05-24,T. FERNÁNDEZ,0.808,3.0,59.0,1370.0,3.7,0.0,-0.012,,,,,0
2026-05-24,M. GÓMEZ,0.393,3.0,81.0,50.0,3.1,0.0,-0.01,,,,,0
2026-05-24,Ó. TREJO,0.325,3.0,23.0,14.0,3.3,0.0,-0.007,,,,,0
2026-05-24,J. CARDOSO,0.166,3.0,45.0,2.0,3.0,1.0,0.006,,,,,0
2026-05-24,Y. HERRERA,0.163,3.0,29.0,16.0,2.1,0.0,-0.022,,,,,0
2026-05-24,F. CALERO,0.668,2.0,101.0,8.0,3.6,0.0,0.006,,,,,0
2026-05-24,T. CORREIA,0.197,2.0,48.0,19.0,2.0,0.0,0.027,,,,,0
2026-05-24,J. DONALD,0.194,2.0,44.0,23.0,2.1,0.0,0.019,,,,,0
2026-05-24,F. CARDOSO,0.18,2.0,10.0,17.0,2.5,0.0,0.006,,,,,0
2026-05-24,V. VALDEPEÑAS,0.16,2.0,2.0,15.0,2.0,4.0,,,,,,0
2026-05-25,K. TUNDE,0.16,4.0,48.0,12.0,2.3,0.0,,,,,,0
2026-05-25,T. FERNÁNDEZ,0.16,4.0,3.0,3.0,3.0,0.0,-0.035,,,,,0
2026-05-25,T. FERNÁNDEZ,0.16,4.0,3.0,3.0,3.0,0.0,-0.005,,,,,0
2026-05-25,T. FERNÁNDEZ,0.773,3.0,59.0,1370.0,3.7,0.0,-0.035,,,,,0
2026-05-25,T. FERNÁNDEZ,0.773,3.0,59.0,1370.0,3.7,0.0,-0.005,,,,,0
2026-05-25,K. SIBO,0.189,3.0,61.0,1370.0,2.3,0.0,0.029,,,,,0
2026-05-25,O. EJARIA,0.173,3.0,19.0,1370.0,2.4,3.0,-0.014,,,,,0
2026-05-25,Y. ENRÍQUEZ,0.208,2.0,66.0,48.0,2.6,0.0,0.042,,,,,0
2026-05-25,I. BALLIU,0.176,2.0,35.0,14.0,2.5,0.0,0.013,,,,,0
2026-05-25,J. HERRANDO,0.174,2.0,70.0,50.0,2.5,0.0,-0.025,,,,,0
2026-05-25,A. ABQAR,0.161,2.0,52.0,9.0,2.3,0.0,-0.024,,,,,0
2026-05-25,L. BERGSTRÖM,0.16,1.0,22.0,408.0,4.4,0.0,,,,,,0
2026-05-27,A. BLANCO,10.824,3.0,160.0,48.0,4.4,0.0,-0.057,,,,,0
2026-05-27,G. RODRÍGUEZ,10.123,3.0,86.0,19.0,5.4,0.0,-0.019,,,,,0
2026-05-27,T. PITARCH,1.067,3.0,28.0,15.0,2.8,0.0,0.001,,,,,0
2026-05-27,M. ROMÁN,0.206,3.0,75.0,5.0,3.9,1.0,0.046,,,,,0
2026-05-27,D. CEBALLOS,0.199,3.0,43.0,15.0,2.7,0.0,0.039,,,,,0
2026-05-27,Á. MORENO,1.506,2.0,106.0,222.0,3.4,0.0,-0.025,,,,,0
2026-05-27,L. PÉTROT,0.164,2.0,55.0,23.0,1.7,0.0,-0.036,,,,,0
2026-05-27,Í. LEKUE,0.163,2.0,11.0,1.0,1.0,0.0,-0.041,,,,,0
2026-05-27,J. SALINAS,0.16,2.0,13.0,8.0,1.2,0.0,-0.008,,,,,0
2026-05-27,A. ELUSTONDO,0.16,2.0,29.0,16.0,1.8,0.0,,,,,,0
2026-05-28,T. FERNÁNDEZ,0.19,4.0,3.0,3.0,3.0,0.0,0.015,,,,,0
2026-05-28,T. FERNÁNDEZ,0.19,4.0,3.0,3.0,3.0,0.0,-0.036,,,,,0
2026-05-28,Ó. VALENTÍN,0.355,3.0,104.0,14.0,3.2,0.0,-0.023,,,,,0
2026-05-28,B. PRADOS,0.205,3.0,4.0,1.0,2.0,0.0,0.045,,,,,0
2026-05-28,T. SEIDU,0.175,3.0,3.0,2.0,3.0,0.0,0.015,,,,,0
2026-05-28,N. SERRANO,0.16,3.0,39.0,1.0,2.4,0.0,,,,,,0
2026-05-28,A. REGO,0.16,3.0,83.0,1.0,2.9,0.0,,,,,,0
2026-05-28,Ó. MINGUEZA,6.996,2.0,125.0,5.0,3.7,0.0,-0.089,,,,,0
2026-05-28,C. TÁRREGA,0.681,2.0,94.0,19.0,2.9,0.0,-0.021,,,,,0
2026-05-28,MARCÃO,0.16,2.0,32.0,17.0,2.5,1.0,,,,,,0
2026-05-28,L. BERGSTRÖM,0.16,1.0,22.0,408.0,4.4,0.0,,,,,,0
2026-05-29,A. GONZÁLEZ,0.169,4.0,53.0,20.0,2.7,0.0,-0.023,,,,,0
2026-05-29,J. JORDAN,0.21,3.0,2.0,17.0,0.7,0.0,0.05,,,,,0
2026-05-29,F. CERVI,0.183,3.0,0.0,5.0,0.0,0.0,0.023,,,,,0
2026-05-29,J. MORCILLO,0.16,3.0,17.0,2.0,3.4,0.0,-0.011,,,,,0
2026-05-29,J. SALAS,0.16,3.0,4.0,408.0,2.0,3.0,,,,,,0
2026-05-29,U. VENCEDOR,0.16,3.0,38.0,12.0,2.4,0.0,-0.028,,,,,0
2026-05-29,A. CATENA,9.804,2.0,142.0,50.0,4.1,0.0,-0.124,,,,,0
2026-05-29,M. MORENO,1.299,2.0,96.0,12.0,3.4,0.0,-0.022,,,,,0
2026-05-29,F. GARCÍA,0.662,2.0,39.0,15.0,3.0,0.0,-0.023,,,,,0
2026-05-29,T. STEGEN,0.16,1.0,8.0,222.0,4.0,0.0,-0.011,,,,,0
2026-05-30,WESLEY,0.16,4.0,5.0,16.0,1.0,0.0,,,,,,0
2026-05-30,A. GÜLER,15.844,3.0,157.0,15.0,4.8,0.0,-0.041,,,,,0
2026-05-30,A. MOLEIRO,15.681,3.0,195.0,20.0,5.3,0.0,-0.039,,,,,0
2026-05-30,T. ALMADA,0.55,3.0,77.0,2.0,2.9,0.0,-0.029,,,,,0
2026-05-30,F. CERVI,0.177,3.0,0.0,5.0,0.0,0.0,-0.006,,,,,0
2026-05-30,K. BARJA,0.16,3.0,71.0,50.0,2.6,0.0,,,,,,0
2026-05-30,M. ALONSO,8.972,2.0,126.0,5.0,3.9,0.0,-0.091,,,,,0
2026-05-30,S. CARDONA,1.325,2.0,100.0,20.0,3.2,0.0,-0.022,,,,,0
2026-05-30,C. STARFELT,0.16,2.0,64.0,5.0,3.4,0.0,,,,,,0
2026-05-30,D. CÁRDENAS,0.242,1.0,24.0,14.0,6.0,0.0,-0.009,,,,,0
2026-05-31,R. LEWANDOWSKI,15.476,4.0,168.0,3.0,5.4,0.0,-0.028,,,,,0
2026-05-31,H. HASSAN,0.594,4.0,127.0,1370.0,3.4,0.0,-0.031,,,,,0
2026-05-31,Á. PÉREZ,1.943,3.0,75.0,48.0,4.7,0.0,-0.023,,,,,0
2026-05-31,C. ÁLVAREZ,1.532,3.0,129.0,12.0,4.3,0.0,-0.032,,,,,0
2026-05-31,M. NETO,0.164,3.0,81.0,23.0,3.2,0.0,-0.023,,,,,0
2026-05-31,P. LOZANO,0.162,3.0,105.0,8.0,3.2,0.0,0.002,,,,,0
2026-05-31,M. VECINO,0.16,3.0,8.0,5.0,1.3,0.0,,,,,,0
2026-05-31,A. BALDE,4.483,2.0,99.0,3.0,3.5,0.0,-0.061,,,,,0
2026-05-31,J. ÁNGEL CARMONA,0.255,2.0,96.0,17.0,2.7,0.0,-0.028,,,,,0
2026-05-31,L. COSTA,0.207,2.0,5.0,20.0,2.5,0.0,0.047,,,,,0
