date,jugador,precio,puntosJugador,equipoLiga,avgPoints,variacion,jornada,detalles,equipo,ganancias,num_pujas,recibe_puja,eficiencia,subida,posicionJugador_2.0,posicionJugador_3.0,posicionJugador_4.0,estado_1.0,estado_2.0,estado_3.0,estado_4.0,estado_5.0,equipoLiga_target_enc,jornada_target_enc,precio_por_punto,precio_por_avgPoint,puntos_por_precio,avgPoints_por_precio,momentum_variacion,variacion_pos,variacion_neg,avgPoints_posicionJugador_2.0,avgPoints_posicionJugador_3.0,avgPoints_posicionJugador_4.0,precio_bin,avgPoints_bin
2025-10-29,A. ZAKHARYAN,-0.6201176993783708,-1.0279832719606588,16.0,-0.8131311377497211,,11.0,-0.6299793097294802,,,0,0,1.3112550243604721,0,False,True,False,False,False,False,False,False,0.12037037037037036,0.325,0.6032377369656652,0.7626303227359175,1.657725510361436,1.3112550243604721,,0,0,-0.0,-0.8131311377497211,-0.0,1,0
2025-10-29,F. UGRINIC,-0.6285276867560047,-1.00155326450141,19.0,-0.6749364957483537,,11.0,-0.6299793097294802,,,0,0,1.0738390429082376,0,False,True,False,False,False,False,False,False,0.22413793103448276,0.325,0.6275535576457376,0.9312411196556005,1.5934936186571422,1.0738390429082376,,0,0,-0.0,-0.6749364957483537,-0.0,1,0
2025-10-29,A. OSAMBELA,-0.6304499695851781,-0.9486932495829125,50.0,-0.3294498907449351,,11.0,-0.6299793097294802,,,0,0,0.5225639292609299,0,False,True,False,False,False,False,False,False,0.18181818181818182,0.325,0.6645463477353716,1.9136503029639371,1.5047899121908825,0.5225639292609299,,0,0,-0.0,-0.3294498907449351,-0.0,0,1
2025-10-29,A. SAN MIGUEL,-0.6217996968538976,-1.2129933241753998,4.0,-2.0568829157620283,,11.0,-0.6299793097294802,,,0,0,3.3079562986690028,0,False,False,False,False,False,False,False,False,0.19230769230769232,0.325,0.5126163492226556,0.30230208748932236,1.9507813868262478,3.3079562986690028,,0,0,-0.0,-0.0,-0.0,1,0
2025-10-29,A. ITURBE,-0.6222802675611909,-1.2129933241753998,23.0,-2.0568829157620283,,11.0,-0.6299793097294802,,,0,0,3.3054016467932024,0,False,False,False,False,False,False,False,False,0.1746031746031746,0.325,0.5130125353301153,0.30253572788627986,1.949274847174821,3.3054016467932024,,0,0,-0.0,-0.0,-0.0,1,0
2025-10-29,U. IZETA,-0.6287679721096513,-1.0808432868791562,1.0,-0.8822284587504049,,11.0,-0.6299793097294802,,,0,0,1.4031087793786856,0,False,False,True,False,False,False,False,False,0.14035087719298245,0.325,0.5817388713807334,0.7127050579453105,1.7189886473405078,1.4031087793786856,,0,0,-0.0,-0.0,-0.8822284587504049,0,0
2025-10-29,P. CISS,1.3153808242456444,-0.15579302580545049,14.0,0.7070099242653208,,11.0,-0.6299793097294802,,,0,0,0.5374940653986781,0,False,True,False,False,False,False,False,False,0.15384615384615385,0.325,-8.443184543272208,1.8604816122360506,-0.11843939374393889,0.5374940653986781,,0,0,0.0,0.7070099242653208,0.0,3,3
2025-10-29,T. ALMADA,0.9523096548855092,-0.5258131302349327,2.0,1.5361777762735256,,11.0,-0.6299793097294802,Maldinillo 💥,-6.77343,1,1,1.6131057322447067,0,False,True,False,False,False,False,False,False,0.2857142857142857,0.325,-1.8111215016283813,0.6199211117833755,-0.5521445418440143,1.6131057322447067,,0,0,0.0,1.5361777762735256,0.0,3,3
2025-10-29,A. BLANCO,0.5635279526851796,-0.2350830481831967,48.0,0.7761072452660043,,11.0,-0.6299793097294802,,,0,0,1.3772269225350402,0,False,True,False,False,False,False,False,False,0.11224489795918367,0.325,-2.39715434266605,0.7260945314297432,-0.4171623251352764,1.3772269225350402,,0,0,0.0,0.7761072452660043,0.0,3,3
2025-10-29,T. ALEXANDER-ARNOLD,0.7483073896394773,-0.9486932495829125,15.0,-0.3294498907449351,,11.0,-0.6299793097294802,Chamacónicos,-7.0,2,1,-0.44025951774195476,0,True,False,False,False,False,False,False,False,0.17857142857142858,0.325,-0.7887778043601249,-2.271391437826481,-1.2677837943791828,-0.44025951774195476,,0,0,-0.3294498907449351,-0.0,-0.0,3,1
2025-10-29,K. SALAS,-0.04823855769927014,-0.7636831973681714,17.0,0.9143018872673718,,11.0,-0.6299793097294802,,,0,0,-18.954149647613807,0,True,False,False,False,False,False,False,False,0.17708333333333334,0.325,0.06316574861311626,-0.05275993149649064,15.831713581546568,-18.954149647613807,,0,0,0.9143018872673718,0.0,0.0,2,3
2025-10-29,N. MARAŠ,-0.6309305402924714,-1.2129933241753998,48.0,-2.0568829157620283,,11.0,-0.6299793097294802,Dani,-0.16,0,1,3.260083391892773,0,True,False,False,False,False,False,False,False,0.11224489795918367,0.325,0.520143885264387,0.306741255031515,1.9225495823402232,3.260083391892773,,0,0,-2.0568829157620283,-0.0,-0.0,0,0
2025-10-29,D. SORIA,0.7879544729911797,-0.12936301834620176,9.0,0.7761072452660043,,11.0,-0.6299793097294802,MuchaSalsa,-6.865,1,1,0.9849633283462096,0,False,False,False,False,False,False,False,False,0.17117117117117117,0.325,-6.091080543304735,1.0152636282341199,-0.16417554389859518,0.9849633283462096,,0,0,0.0,0.0,0.0,3,3
2025-10-29,L. JÚNIOR,0.34630999298858006,-0.4465231078571866,20.0,0.7761072452660043,,11.0,-0.6299793097294802,,,0,0,2.241070196959059,0,False,False,False,False,False,False,False,False,0.2376237623762376,0.325,-0.7755718852320345,0.4462135212464923,-1.2893702969224288,2.241070196959059,,0,0,0.0,0.0,0.0,2,3
2025-10-29,D. CÁRDENAS,-0.6210788407929575,-1.2129933241753998,14.0,-2.0568829157620283,,11.0,-0.6299793097294802,,,0,0,3.3117956891456877,0,False,False,False,False,False,False,False,False,0.15384615384615385,0.325,0.5120220700614664,0.30195162689388605,1.953045567729027,3.3117956891456877,,0,0,-0.0,-0.0,-0.0,1,0
2025-10-30,A. OSAMBELA,-0.6309305402924714,-0.9486932495829125,50.0,-0.3294498907449351,0.06546951736581481,11.0,-0.9462952368252298,,,0,0,0.5221658992099443,1,False,True,False,False,False,False,False,False,0.18181818181818182,0.325,0.6650529089595247,1.9151090139227347,1.5036437335667303,0.5221658992099443,0.06546951736581481,1,0,-0.0,-0.3294498907449351,-0.0,0,1
2025-10-30,A. SILVA,1.1306013872913467,0.029217026409290647,23.0,1.5361777762735256,2.4710610483334077,11.0,-0.9462952368252298,Dani,-8.20886,1,1,1.3587250421024146,1,False,False,True,False,False,False,False,False,0.1746031746031746,0.325,38.69533730491263,0.7359829498712177,0.02584199957271244,1.3587250421024146,2.4710610483334077,1,0,0.0,0.0,1.5361777762735256,3,3
2025-10-30,A. BOAYAR,-0.6309305402924714,-1.1865633167161511,23.0,-1.365909705755191,,11.0,-0.9462952368252298,,,0,0,2.1649163948196417,0,False,False,True,False,False,False,False,False,0.1746031746031746,0.325,0.5317297974189773,0.4619126722262445,1.8806589974628738,2.1649163948196417,,0,0,-0.0,-0.0,-1.365909705755191,0,0
2025-10-30,Y. ASPRILLA,-0.2945310451871181,-0.605103152612679,222.0,-0.2603525697442513,-0.7193333934463075,11.0,-0.9462952368252298,,,0,0,0.8839592903971699,0,False,True,False,False,False,False,False,False,0.10227272727272728,0.325,0.48674598812019937,1.1312820025492527,2.0544700362513115,0.8839592903971699,-0.7193333934463075,0,1,-0.0,-0.2603525697442513,-0.0,2,1
2025-10-30,I. MUÑOZ,-0.6225205529148377,-1.1337033017976537,50.0,-1.0204231007517723,0.6967240325842611,11.0,-0.9462952368252298,,,0,0,1.639182409570626,1,False,True,False,False,False,False,False,False,0.18181818181818182,0.325,0.5491040742598288,0.610061809182896,1.821152920401116,1.639182409570626,0.6967240325842611,1,0,-0.0,-1.0204231007517723,-0.0,1,0
2025-10-30,F. UGRINIC,-0.624442835744011,-1.00155326450141,19.0,-0.6749364957483537,0.3896272413969088,11.0,-0.9462952368252298,,,0,0,1.0808636723453662,1,False,True,False,False,False,False,False,False,0.22413793103448276,0.325,0.623475037575667,0.9251889101663597,1.603917622380438,1.0808636723453662,0.3896272413969088,1,0,-0.0,-0.6749364957483537,-0.0,1,0
2025-10-30,L. KOUROUMA,-0.6292485428169448,-1.1601333092569024,222.0,-1.5732016687572423,-0.5487240650088896,11.0,-0.9462952368252298,,,0,0,2.5001316043516195,0,False,True,False,False,False,False,False,False,0.10227272727272728,0.325,0.5423937750858747,0.3999798343043057,1.843683495470396,2.5001316043516195,-0.5487240650088896,0,1,-0.0,-1.5732016687572423,-0.0,0,0
2025-10-30,I. AKHOMACH,-0.6309305402924714,-0.895833234664415,20.0,-0.3985472117456189,0.0825304502095566,11.0,-0.9462952368252298,,,0,0,0.6316825989172575,1,False,True,False,False,False,False,False,False,0.2376237623762376,0.325,0.7042954203683265,1.5830800085365684,1.4198625638120317,0.6316825989172575,0.0825304502095566,1,0,-0.0,-0.3985472117456189,-0.0,0,1
2025-10-30,P. CUBARSI,1.9067230795701262,-0.39366309293868906,3.0,0.9833992082680559,0.5261147041468431,11.0,-0.9462952368252298,,,0,0,0.5157532853362636,1,True,False,False,False,False,False,False,False,0.30337078651685395,0.325,-4.843552665527003,1.9389085578171752,-0.2064604402685474,0.5157532853362636,0.5261147041468431,1,0,0.9833992082680559,0.0,0.0,3,3
2025-10-30,P. NAVARRO,-0.6189162726101374,-1.0279832719606588,20.0,0.3615233192619022,0.5772975026780686,11.0,-0.9462952368252298,Libre,-0.21,1,1,-0.5841240881603359,1,True,False,False,False,False,False,False,False,0.2376237623762376,0.325,0.60206901372889,-1.711963039924212,1.6609434561622114,-0.5841240881603359,0.5772975026780686,1,0,0.3615233192619022,0.0,0.0,1,2
2025-10-30,I. BALLIU,-0.6242025503903643,-0.9486932495829125,14.0,0.22332867726053457,0.06546951736581481,11.0,-0.9462952368252298,,,0,0,-0.35778295827824985,1,True,False,False,False,False,False,False,False,0.15384615384615385,0.325,0.6579610518213801,-2.7949825479852137,1.519850838226238,-0.35778295827824985,0.06546951736581481,1,0,0.22332867726053457,0.0,0.0,1,2
2025-10-30,J. GALÁN,-0.6287679721096513,-0.895833234664415,2.0,-0.3985472117456189,-1.2141004459148195,11.0,-0.9462952368252298,De la Guettir FC,-0.3895,1,1,0.6338551950469115,0,True,False,False,False,False,False,False,False,0.2857142857142857,0.325,0.7018813878082788,1.5776538669271722,1.4247460098909104,0.6338551950469115,-1.2141004459148195,0,1,-0.3985472117456189,-0.0,-0.0,0,1
2025-10-31,F. UGRINIC,-0.6309305402924714,-1.00155326450141,19.0,-0.6749364957483537,-0.36105380372772994,11.0,-1.1044532003731045,,,0,0,1.06974939774651,0,False,True,False,True,False,False,False,False,0.22413793103448276,0.325,0.6299526870987202,0.9348012428845656,1.587424903321429,1.06974939774651,-0.36105380372772994,0,1,-0.0,-0.6749364957483537,-0.0,0,0
2025-10-31,P. NAVARRO,-0.6258845478658911,-1.0279832719606588,20.0,0.3615233192619022,-0.39517566941521354,11.0,-1.1044532003731045,,,0,0,-0.5776207419009619,0,True,False,False,False,False,False,False,False,0.2376237623762376,0.325,0.6088476085021862,-1.731237746726732,1.6424513401348044,-0.5776207419009619,-0.39517566941521354,0,1,0.3615233192619022,0.0,0.0,1,2
2025-10-31,K. GARCÍA,0.16273198280251575,-0.28794306310169415,8.0,0.637912603264637,0.3043225771781998,11.0,-1.1044532003731045,,,0,0,3.919995764096418,1,False,False,True,False,False,False,False,False,0.0641025641025641,0.325,-0.5651552991236392,0.25510034896529205,-1.7694204219873904,3.919995764096418,0.3043225771781998,1,0,0.0,0.0,0.637912603264637,2,2
2025-10-31,J. MONCAYOLA,1.0275189705769205,-0.050072995968455554,50.0,0.9833992082680559,2.1980861228335384,11.0,-1.1044532003731045,Libre,-7.21078,1,1,0.9570609199117638,1,False,True,False,False,False,False,False,False,0.18181818181818182,0.325,-20.520831069411308,1.0448634868468918,-0.048731895634438256,0.9570609199117638,2.1980861228335384,1,0,0.0,0.9833992082680559,0.0,3,3
2025-10-31,L. RIOJA,0.7151480108362351,-0.28794306310169415,19.0,0.3615233192619022,-1.0605520503211434,11.0,-1.1044532003731045,,,0,0,0.5055216658122301,0,False,True,False,False,False,False,False,False,0.22413793103448276,0.325,-2.483652451235171,1.9781463451651073,-0.40263365919362415,0.5055216658122301,-1.0605520503211434,0,1,0.0,0.3615233192619022,0.0,3,2
2025-10-31,B. DÍAZ,-0.1652575249252038,-0.7108231824496739,15.0,-0.3985472117456189,0.18489604727200734,11.0,-1.1044532003731045,,,0,0,2.4116882036942506,1,False,True,False,False,False,False,False,False,0.17857142857142858,0.325,0.2324878556204934,0.41465084864658835,4.301332021663878,2.4116882036942506,0.18489604727200734,1,0,-0.0,-0.3985472117456189,-0.0,2,1
2025-10-31,P. TORRE,-0.21331459565453997,-0.49938312277568403,408.0,-0.19125524874356753,-0.4463584679464389,11.0,-1.1044532003731045,Los marinero,-1.898,0,1,0.8965919315021261,0,False,True,False,False,False,False,False,False,0.10833333333333334,0.325,0.427157052537017,1.1153456566632975,2.341074985133305,0.8965919315021261,-0.4463584679464389,0,1,-0.0,-0.19125524874356753,-0.0,2,1
2025-10-31,N. GUDELJ,-0.2760290729563237,-0.4200931003979378,17.0,0.5688152822639532,0.8161505624904536,11.0,-1.1044532003731045,Los marinero,-1.737,3,1,-2.060715332943536,1,False,True,False,False,False,False,False,False,0.17708333333333334,0.325,0.657067992220876,-0.48526928915905276,1.5219216505721491,-2.060715332943536,0.8161505624904536,1,0,0.0,0.5688152822639532,0.0,2,2
2025-10-31,A. OSAMBELA,-0.6309305402924714,-0.9486932495829125,50.0,-0.3294498907449351,,11.0,-1.1044532003731045,,,0,0,0.5221658992099443,0,False,True,False,False,False,False,False,False,0.18181818181818182,0.325,0.6650529089595247,1.9151090139227347,1.5036437335667303,0.5221658992099443,,0,0,-0.0,-0.3294498907449351,-0.0,0,1
2025-10-31,D. HANCKO,1.098643435256338,-0.15579302580545049,2.0,0.7070099242653208,1.583892540458834,11.0,-1.1044532003731045,Dani,-7.58883,2,1,0.6435293363137637,1,True,False,False,False,False,False,False,False,0.2857142857142857,0.325,-7.051987607044142,1.5539271000628112,-0.14180477396137775,0.6435293363137637,1.583892540458834,1,0,0.7070099242653208,0.0,0.0,3,3
2025-10-31,Í. LEKUE,-0.6198774140247241,-1.1601333092569024,1.0,-1.5732016687572423,0.8843942938654207,11.0,-1.1044532003731045,Chamacónicos,-0.20601,0,1,2.5379279371879675,1,True,False,False,False,True,False,False,False,0.14035087719298245,0.325,0.534316137115234,0.3940231061015244,1.871555818238682,2.5379279371879675,0.8843942938654207,1,0,-1.5732016687572423,-0.0,-0.0,1,0
2025-10-31,P. LÓPEZ,0.5642488087461197,-0.3408030780201916,4.0,1.190691171270107,-0.08807887822786128,11.0,-1.1044532003731045,Los marinero,-5.684,1,1,2.110219893412228,0,False,False,False,False,False,False,False,False,0.19230769230769232,0.325,-1.655649554791416,0.47388302565577267,-0.6039932539410635,2.110219893412228,-0.08807887822786128,0,1,0.0,0.0,0.0,3,3
2025-10-31,C. RIVERO,-0.6309305402924714,-1.2129933241753998,19.0,-2.0568829157620283,-0.4463584679464389,11.0,-1.1044532003731045,,,0,0,3.260083391892773,0,False,False,False,False,False,False,False,False,0.22413793103448276,0.325,0.520143885264387,0.306741255031515,1.9225495823402232,3.260083391892773,-0.4463584679464389,0,1,-0.0,-0.0,-0.0,0,0
2025-11-01,P. GARCÍA,-0.5348163988337991,-0.7372531899089226,4.0,0.016036714258483527,-0.3781147365714717,12.0,0.635284398653518,Los marinero,-0.58,0,1,-0.029985513306932936,0,False,False,True,False,False,False,False,False,0.19230769230769232,0.32941176470588235,0.7254185286311164,-33.347420350184585,1.3785190021015716,-0.029985513306932936,-0.3781147365714717,0,1,0.0,0.0,0.016036714258483527,2,1
2025-11-01,R. NTEKA,-0.6309305402924714,-1.0544132794199075,14.0,-0.6749364957483537,-0.19044447529031205,12.0,0.635284398653518,,,0,0,1.06974939774651,0,False,False,True,False,False,False,False,False,0.15384615384615385,0.32941176470588235,0.5983717684315877,0.9348012428845656,1.6712060730761276,1.06974939774651,-0.19044447529031205,0,1,-0.0,-0.0,-0.6749364957483537,0,0
2025-11-01,A. REINA,-0.42236285332715234,-0.4200931003979378,1370.0,0.22332867726053457,0.04840858452207302,12.0,0.635284398653518,,,0,0,-0.5287614766846593,1,False,True,False,False,False,False,False,False,0.09649122807017543,0.32941176470588235,1.0054053692679856,-1.8912079151685126,0.994628414210842,-0.5287614766846593,0.04840858452207302,1,0,0.0,0.22332867726053457,0.0,2,2
2025-11-01,F. UGRINIC,-0.6309305402924714,-1.00155326450141,19.0,-0.6749364957483537,,12.0,0.635284398653518,,,0,0,1.06974939774651,0,False,True,False,True,False,False,False,False,0.22413793103448276,0.32941176470588235,0.6299526870987202,0.9348012428845656,1.587424903321429,1.06974939774651,,0,0,-0.0,-0.6749364957483537,-0.0,0,0
2025-11-01,A. CATENA,1.7003179607876273,-0.07650300342770429,50.0,0.9143018872673718,-1.964781491039458,12.0,0.635284398653518,,,0,0,0.5377237496921436,0,True,False,False,False,False,False,False,False,0.18181818181818182,0.32941176470588235,-22.225796509949667,1.8596878391902083,-0.04499332489491638,0.5377237496921436,-1.964781491039458,0,1,0.9143018872673718,0.0,0.0,3,3
2025-11-01,A. LAPORTE,1.462435460677413,-0.5522431376941814,1.0,0.8452045662666884,1.7203800032087684,12.0,0.635284398653518,Maldinillo 💥,-9.072,0,1,0.5779427612705871,1,True,False,False,False,False,False,False,False,0.14035087719298245,0.32941176470588235,-2.6481779655272795,1.7302719232399961,-0.37761855133068667,0.5779427612705871,1.7203800032087684,1,0,0.8452045662666884,0.0,0.0,3,3
2025-11-01,J. FOYTH,1.0539503594780553,-0.4465231078571866,20.0,1.2597884922707905,2.010415861552379,12.0,0.635284398653518,Maldinillo 💥,-7.572,3,1,1.1953004101580849,1,True,False,False,False,False,False,False,False,0.2376237623762376,0.32941176470588235,-2.3603542600294842,0.8366083111062413,-0.4236657639289129,1.1953004101580849,2.010415861552379,1,0,1.2597884922707905,0.0,0.0,3,3
2025-11-01,D. ĆALETA-CAR,0.19661221766669779,-0.5522431376941814,16.0,0.08513403525916731,-1.828294028289524,12.0,0.635284398653518,,,0,0,0.433002604145811,0,True,False,False,False,False,False,False,False,0.12037037037037036,0.32941176470588235,-0.3560253813438209,2.3094160596536155,-2.808779309183342,0.433002604145811,-1.828294028289524,0,1,0.08513403525916731,0.0,0.0,2,2
2025-11-01,M. RUBIO,-0.5076641538717241,-0.6315331600719277,8.0,1.7434697392755767,-0.8899427218837255,12.0,0.635284398653518,,,0,0,-3.4343042743577077,0,True,False,False,False,False,False,False,False,0.0641025641025641,0.32941176470588235,0.8038611269042961,-0.2911801973130113,1.2440003873739929,-3.4343042743577077,-0.8899427218837255,0,1,1.7434697392755767,0.0,0.0,2,3
2025-11-01,M. RUGGERI,-0.5165547119566513,-0.7372531899089226,2.0,0.016036714258483527,-0.7875771248212746,12.0,0.635284398653518,,,0,0,-0.031045589039982186,0,True,False,False,False,False,False,False,False,0.2857142857142857,0.32941176470588235,0.7006485962699744,-32.20874892963051,1.4272536869714574,-0.031045589039982186,-0.7875771248212746,0,1,0.016036714258483527,0.0,0.0,2,1
2025-11-01,P. NAVARRO,-0.6290082574632979,-1.0279832719606588,20.0,0.3615233192619022,-0.12220074391534486,12.0,0.635284398653518,,,0,0,-0.574752222605312,0,True,False,False,False,False,False,False,False,0.2376237623762376,0.32941176470588235,0.6118862889178017,-1.7398781325347579,1.6342947712660387,-0.574752222605312,-0.12220074391534486,0,1,0.3615233192619022,0.0,0.0,0,2
2025-11-01,DAVINCHI,-0.6309305402924714,-0.7108231824496739,9.0,-0.19125524874356753,,12.0,0.635284398653518,,,0,0,0.3031324997953178,0,True,False,False,True,False,False,False,False,0.17117117117117117,0.32941176470588235,0.8876067121570749,3.298909929778444,1.1266284696705868,0.3031324997953178,,0,0,-0.19125524874356753,-0.0,-0.0,0,1
2025-11-02,I. WILLIAMS,0.9056942962780532,-0.6315331600719277,1.0,-0.3985472117456189,-2.6472188047891296,12.0,0.3189684715577685,,,0,0,-0.4400455797699791,0,False,False,True,True,False,False,False,False,0.14035087719298245,0.32941176470588235,-1.4341222087168135,-2.2724950572510596,-0.6972909792810095,-0.4400455797699791,-2.6472188047891296,0,1,-0.0,-0.0,-0.3985472117456189,3,1
2025-11-02,D. RABA,-0.2851599163948976,-0.7108231824496739,19.0,-0.3985472117456189,-1.0605520503211434,12.0,0.3189684715577685,,,0,0,1.397631947772229,0,False,False,True,False,False,False,False,False,0.22413793103448276,0.32941176470588235,0.4011691298267649,0.7155002556564439,2.4927264819077313,1.397631947772229,-1.0605520503211434,0,1,-0.0,-0.0,-0.3985472117456189,2,1
2025-11-02,ALEMÃO,-0.3358601260143473,-0.5522431376941814,14.0,0.08513403525916731,0.4749319056156177,12.0,0.3189684715577685,,,0,0,-0.2534813815228309,1,False,False,True,False,False,False,False,False,0.15384615384615385,0.32941176470588235,0.6081754779102688,-3.9450283304860907,1.644270156501838,-0.2534813815228309,0.4749319056156177,1,0,0.0,0.0,0.08513403525916731,2,2
2025-11-02,J. JIMÉNEZ,-0.6217996968538976,-1.1865633167161511,9.0,-1.365909705755191,0.06546951736581481,12.0,0.3189684715577685,,,0,0,2.1967072505398564,1,False,False,True,False,False,False,False,False,0.17117117117117117,0.32941176470588235,0.5240345897506234,0.45522785983717234,1.9082756569284913,2.1967072505398564,0.06546951736581481,1,0,-0.0,-0.0,-1.365909705755191,1,0
2025-11-02,S. COSTA,0.45323697536135293,-0.39366309293868906,408.0,0.637912603264637,0.2531397786469745,12.0,0.3189684715577685,,,0,0,1.4074562105173305,1,False,True,False,False,False,False,False,False,0.10833333333333334,0.32941176470588235,-1.1513350751603668,0.7104989971084354,-0.8685571693873034,1.4074562105173305,0.2531397786469745,1,0,0.0,0.637912603264637,0.0,3,2
2025-11-02,P. MARTÍNEZ,-0.23277770929992112,-0.5258131302349327,12.0,-0.05306060674220026,-1.4529535057272045,12.0,0.3189684715577685,,,0,0,0.22794637359459505,0,False,True,False,True,False,False,False,False,0.125,0.32941176470588235,0.442701291801534,4.387098276678037,2.258873457814239,0.22794637359459505,-1.4529535057272045,0,1,-0.0,-0.05306060674220026,-0.0,2,1
2025-11-02,M. AGUADO,-0.4795507674950624,-0.5522431376941814,23.0,-0.12215792774288405,-0.6681505949150821,12.0,0.3189684715577685,,,0,0,0.25473461989352714,0,False,True,False,False,False,False,False,False,0.1746031746031746,0.32941176470588235,0.8683704751277532,3.92569440273106,1.151586707212547,0.25473461989352714,-0.6681505949150821,0,1,-0.0,-0.12215792774288405,-0.0,2,1
2025-11-02,A. OSAMBELA,-0.6220399822075442,-0.9486932495829125,50.0,-0.3294498907449351,0.7308458982717445,12.0,0.3189684715577685,,,0,0,0.5296290106702889,1,False,True,False,False,False,False,False,False,0.18181818181818182,0.32941176470588235,0.6556815263126907,1.8881228611849783,1.5251347210043174,0.5296290106702889,0.7308458982717445,1,0,-0.0,-0.3294498907449351,-0.0,1,1
2025-11-02,D. COSTAS,-0.6085840024033301,-0.7901132048274201,1370.0,0.1542313562598511,-0.0539570125403777,12.0,0.3189684715577685,,,0,0,-0.25342698637783573,0,True,False,False,False,False,False,False,False,0.09649122807017543,0.32941176470588235,0.7702500969925655,-3.9458905845799706,1.2982833922525219,-0.25342698637783573,-0.0539570125403777,0,1,0.1542313562598511,0.0,0.0,1,2
2025-11-02,F. MENDY,-0.6189162726101374,-1.2129933241753998,15.0,-2.0568829157620283,0.7990896296467117,12.0,0.3189684715577685,,,0,0,3.3233675218379775,1,True,False,False,False,False,False,False,False,0.17857142857142858,0.32941176470588235,0.5102392325778984,0.3009002451075773,1.9598697557742768,3.3233675218379775,0.7990896296467117,1,0,-2.0568829157620283,-0.0,-0.0,1,0
2025-11-02,O. VLACHODIMOS,0.5798673567331538,-0.20865304072394794,17.0,1.6743724182748931,1.327978547802707,12.0,0.3189684715577685,Chamacónicos,-6.5,3,1,2.887504377214038,1,False,False,False,False,False,False,False,False,0.17708333333333334,0.32941176470588235,-2.779111839602534,0.3463190172539834,-0.359828292579115,2.887504377214038,1.327978547802707,1,0,0.0,0.0,0.0,3,3
2025-11-02,A. ITURBE,-0.6292485428169448,-1.2129933241753998,23.0,-2.0568829157620283,-0.13926167675908666,12.0,0.3189684715577685,,,0,0,3.2687976921673876,0,False,False,False,False,False,False,False,False,0.1746031746031746,0.32941176470588235,0.5187572338882788,0.30592351364216375,1.92768861479412,3.2687976921673876,-0.13926167675908666,0,1,-0.0,-0.0,-0.0,0,0
2025-11-03,G. KOYALIPOU,-0.539381820553086,-0.6315331600719277,12.0,0.08513403525916731,0.32138351002194165,12.0,0.0026525444620189103,Libre,-0.55325,1,1,-0.15783660081177914,1,False,False,True,False,False,False,False,False,0.125,0.32941176470588235,0.854084486357201,-6.335603420038586,1.1708483802304055,-0.15783660081177914,0.32138351002194165,1,0,0.0,0.0,0.08513403525916731,2,2
2025-11-03,O. SANCET,1.7135336552381946,-0.6315331600719277,1.0,-0.3985472117456189,-1.2311613787585611,12.0,0.0026525444620189103,,,0,0,-0.23258777435710384,0,False,True,False,False,False,False,False,False,0.14035087719298245,0.32941176470588235,-2.7132959547824664,-4.299460400672171,-0.36855581422958716,-0.23258777435710384,-1.2311613787585611,0,1,-0.0,-0.3985472117456189,-0.0,3,1
2025-11-03,D. CEBALLOS,0.02408733374838086,-0.5258131302349327,15.0,0.22332867726053457,-1.5382581699459135,12.0,0.0026525444620189103,,,0,0,9.271238085346853,0,False,True,False,False,False,False,False,False,0.17857142857142858,0.32941176470588235,-0.04580977190012457,0.10785549884747639,-21.828538898846674,9.271238085346853,-1.5382581699459135,0,1,0.0,0.22332867726053457,0.0,2,2
2025-11-03,J. MUÑOZ,-0.6196371286710775,-0.9751232570421612,9.0,-0.4676445327463027,0.9014552267091624,12.0,0.0026525444620189103,Libre,-0.207,0,1,0.7547083055812959,1,False,True,False,False,False,False,False,False,0.17117117117117117,0.32941176470588235,0.6354455804861054,1.3250202029570919,1.5737030362214202,0.7547083055812959,0.9014552267091624,1,0,-0.0,-0.4676445327463027,-0.0,1,1
2025-11-03,J. ANDER OLASAGASTI,-0.6222802675611909,-0.7108231824496739,12.0,-0.3985472117456189,0.7137849654280027,12.0,0.0026525444620189103,Chamacónicos,-0.216,0,1,0.6404635868837272,1,False,True,False,False,False,False,False,False,0.125,0.32941176470588235,0.8754373216331756,1.5613754420989836,1.142289675237776,0.6404635868837272,0.7137849654280027,1,0,-0.0,-0.3985472117456189,-0.0,1,1
2025-11-03,I. MUÑOZ,-0.629729113524238,-1.1337033017976537,50.0,-1.0204231007517723,-0.36105380372772994,12.0,0.0026525444620189103,,,0,0,1.6204185248154666,0,False,True,False,False,False,False,False,False,0.18181818181818182,0.32941176470588235,0.5554624988638629,0.6171261020907912,1.800306001034235,1.6204185248154666,-0.36105380372772994,0,1,-0.0,-1.0204231007517723,-0.0,0,0
2025-11-03,V. CHUST,0.1548025661321753,-0.4200931003979378,23.0,0.5688152822639532,0.3555053757094252,12.0,0.0026525444620189103,Dani,-3.46291,0,1,3.6744326792722846,1,True,False,False,False,False,False,False,False,0.1746031746031746,0.32941176470588235,-0.36849673199171445,0.2721486197899321,-2.713717202349534,3.6744326792722846,0.3555053757094252,1,0,0.5688152822639532,0.0,0.0,2,2
2025-11-03,D. DJENÉ,-0.004746908689220881,-0.3143730705609429,9.0,0.08513403525916731,0.7820286968029699,12.0,0.0026525444620189103,Jotabetrbb,-3.001,2,1,-17.93840565296326,1,True,False,False,False,False,False,False,False,0.17117117117117117,0.32941176470588235,0.015099651444070203,-0.05575740557069583,66.24085947438496,-17.93840565296326,0.7820286968029699,1,0,0.08513403525916731,0.0,0.0,2,2
2025-11-03,J. AIDOO,-0.6232414089757776,-1.1865633167161511,5.0,-1.365909705755191,0.6455412340530357,12.0,0.0026525444620189103,,,0,0,2.191625713101471,1,True,False,False,False,False,False,False,False,0.16049382716049382,0.32941176470588235,0.5252496225403634,0.4562833565301837,1.903861334450583,2.191625713101471,0.6455412340530357,1,0,-1.365909705755191,-0.0,-0.0,1,0
2025-11-03,L. ROMÁN,1.337487076781139,0.10850704878703685,408.0,1.397983134272158,-2.6874826063003603,12.0,0.0026525444620189103,,,0,0,1.045230352734515,0,False,False,False,True,False,False,False,False,0.10833333333333334,0.32941176470588235,12.326155448672347,0.9567255049553793,0.08112748866380548,1.045230352734515,-3.500265446976219,0,1,0.0,0.0,0.0,3,3
2025-11-04,A. SØRLOTH,0.9648044932751368,-0.6843931749904252,2.0,-0.6749364957483537,-0.5657849978526314,12.0,-0.3136633826337306,,,0,0,-0.6995570614520534,0,False,False,True,False,False,False,False,False,0.2857142857142857,0.32941176470588235,-1.409724611899069,-1.4294765934711773,-0.7093587046930862,-0.6995570614520534,-0.5657849978526314,0,1,-0.0,-0.0,-0.6749364957483537,3,0
2025-11-04,R. MIR,0.9381328190203553,0.3199471084610267,23.0,1.6052750972742091,1.7886237345837355,12.0,-0.3136633826337306,Maldinillo 💥,-7.16025,3,1,1.7111365827857214,1,False,False,True,False,False,False,False,False,0.1746031746031746,0.32941176470588235,2.932140538454318,0.5844058979096017,0.3410463432553055,1.7111365827857214,1.7886237345837355,1,0,0.0,0.0,1.6052750972742091,3,3
2025-11-04,S. ALTIMIRA,1.0140629907727066,-0.39366309293868906,4.0,0.9833992082680559,-2.681340670476613,12.0,-0.3136633826337306,,,0,0,0.9697605054674269,0,False,True,False,False,False,False,False,False,0.19230769230769232,0.32941176470588235,-2.5759731733444853,1.0311803701553544,-0.38820340384902313,0.9697605054674269,-2.681340670476613,0,1,0.0,0.9833992082680559,0.0,3,3
2025-11-04,S. COSTA,0.41743445766799747,-0.3143730705609429,408.0,0.5688152822639532,-2.084208020945651,12.0,-0.3136633826337306,,,0,0,1.362642467991672,0,False,True,False,False,False,False,False,False,0.10833333333333334,0.32941176470588235,-1.3278356977550756,0.7338651699746728,-0.7531058150095528,1.362642467991672,-2.084208020945651,0,1,0.0,0.5688152822639532,0.0,3,2
2025-11-04,J. GUERRA,0.23722044243298687,-0.3408030780201916,19.0,0.016036714258483527,-2.408365744976744,12.0,-0.3136633826337306,,,0,0,0.06760229637762939,0,False,True,False,False,False,False,False,False,0.22413793103448276,0.32941176470588235,-0.6960651290950526,14.79141220560801,-1.4366453324153685,0.06760229637762939,-2.408365744976744,0,1,0.0,0.016036714258483527,0.0,2,1
2025-11-04,A. REGO,-0.44374824980170696,-0.605103152612679,1.0,0.5688152822639532,-0.7363943262900493,12.0,-0.3136633826337306,,,0,0,-1.2818452002083036,0,False,True,False,False,False,False,False,False,0.14035087719298245,0.32941176470588235,0.7333443582801905,-0.780125786898256,1.3636211895016264,-1.2818452002083036,-0.7363943262900493,0,1,0.0,0.5688152822639532,0.0,2,2
2025-11-04,A. OSAMBELA,-0.621559411500251,-0.9486932495829125,50.0,-0.3294498907449351,0.5943584355218103,12.0,-0.3136633826337306,,,0,0,0.5300385042650204,1,False,True,False,False,False,False,False,False,0.18181818181818182,0.32941176470588235,0.6551749650885377,1.886664150226181,1.5263139103741812,0.5300385042650204,0.5943584355218103,1,0,-0.0,-0.3294498907449351,-0.0,1,1
2025-11-04,K. SIBO,-0.6285276867560047,-0.8165432122866688,1370.0,-0.3294498907449351,-0.4463584679464389,12.0,-0.3136633826337306,,,0,0,0.5241621361303124,0,False,True,False,False,False,False,False,False,0.09649122807017543,0.32941176470588235,0.7697430424274788,1.9078154591287466,1.2991384924338982,0.5241621361303124,-0.4463584679464389,0,1,-0.0,-0.3294498907449351,-0.0,1,1
2025-11-04,C. AZPILICUETA,-0.13378014359748852,-0.5258131302349327,17.0,0.4997179612632697,1.2767957492714819,12.0,-0.3136633826337306,De la Guettir FC,-2.99997,2,1,-3.7353951283079607,1,True,False,False,False,False,False,False,False,0.17708333333333334,0.32941176470588235,0.2544257462027656,-0.2677107613833536,3.9304566922403588,-3.7353951283079607,1.2767957492714819,1,0,0.4997179612632697,0.0,0.0,2,2
2025-11-04,A. RUIBAL,-0.2755485022490303,-0.36723308547944034,4.0,0.7070099242653208,-0.8216989905087583,12.0,-0.3136633826337306,,,0,0,-2.565836810330981,0,True,False,False,False,False,False,False,False,0.19230769230769232,0.32941176470588235,0.7503388542133719,-0.38973726259656055,1.3327396636952553,-2.565836810330981,-0.8216989905087583,0,1,0.7070099242653208,0.0,0.0,2,3
2025-11-04,J. MARTIN,-0.5158338558957113,-0.8694032272051663,16.0,0.9143018872673718,0.7649677639592282,12.0,-0.3136633826337306,De la Guettir FC,-0.923005,2,1,-1.7724770278150355,1,True,False,False,False,False,False,False,False,0.12037037037037036,0.32941176470588235,0.5933201454451554,-0.5641826828715512,1.6854359261305725,-1.7724770278150355,0.7649677639592282,1,0,0.9143018872673718,0.0,0.0,2,3
2025-11-04,J. LETACEK,-0.623001123622131,-1.2129933241753998,9.0,-2.0568829157620283,0.6626021668967774,12.0,-0.3136633826337306,,,0,0,3.3015770587705244,1,False,False,False,False,False,False,False,False,0.17117117117117117,0.32941176470588235,0.5136068144913045,0.3028861884817161,1.9470193956351736,3.3015770587705244,0.6626021668967774,1,0,-0.0,-0.0,-0.0,1,0
2025-11-04,A. SAN MIGUEL,-0.6309305402924714,-1.2129933241753998,4.0,-2.0568829157620283,-0.5316631321651478,12.0,-0.3136633826337306,,,0,0,3.260083391892773,0,False,False,False,False,False,False,False,False,0.19230769230769232,0.32941176470588235,0.520143885264387,0.306741255031515,1.9225495823402232,3.260083391892773,-0.5316631321651478,0,1,-0.0,-0.0,-0.0,0,0
2025-11-05,N. PÉPÉ,2.940670956311794,0.4785271532165191,20.0,1.9507617022776278,0.2531397786469745,12.0,-0.6299793097294802,De la Guettir FC,-15.48785,0,1,0.6633727703256922,1,False,False,True,False,False,False,False,False,0.2376237623762376,0.32941176470588235,6.145241270645224,1.5074467811376502,0.16272714547075504,0.6633727703256922,0.2531397786469745,1,0,0.0,0.0,1.9507617022776278,3,3
2025-11-05,RODRYGO,0.790597611881293,-0.605103152612679,15.0,-0.2603525697442513,-0.36105380372772994,12.0,-0.6299793097294802,,,0,0,-0.32931068412164477,0,False,False,True,False,False,False,False,False,0.17857142857142858,0.32941176470588235,-1.3065523043798328,-3.036653908627911,-0.7653734063266154,-0.32931068412164477,-0.36105380372772994,0,1,-0.0,-0.0,-0.2603525697442513,3,1
2025-11-05,R. BARDGHJI,0.10914834893930593,-0.6315331600719277,3.0,0.08513403525916731,-0.8216989905087583,12.0,-0.6299793097294802,,,0,0,0.7799774903513838,0,False,False,True,False,False,False,False,False,0.30337078651685395,0.32941176470588235,-0.17283102245636167,1.2820614757137,-5.78595443957344,0.7799774903513838,-0.8216989905087583,0,1,0.0,0.0,0.08513403525916731,2,2
2025-11-05,G. KOYALIPOU,-0.5441875276260196,-0.6315331600719277,12.0,0.08513403525916731,-0.17338354244657025,12.0,-0.6299793097294802,,,0,0,-0.1564427469944163,0,False,False,True,False,False,False,False,False,0.125,0.32941176470588235,0.8616940862743078,-6.392051474101218,1.160508627119,-0.1564427469944163,-0.17338354244657025,0,1,0.0,0.0,0.08513403525916731,2,2
2025-11-05,L. MILLA,2.5646243778547384,0.4520971457572704,9.0,1.8816643812769442,2.078659592927346,12.0,-0.6299793097294802,MuchaSalsa,-16.409,4,1,0.7336995093025717,1,False,True,False,False,False,False,False,False,0.17117117117117117,0.32941176470588235,5.672715984178521,1.362954541957041,0.17628194342186587,0.7336995093025717,2.078659592927346,1,0,0.0,1.8816643812769442,0.0,3,3
2025-11-05,M. MARTÍN,-0.22893314364157422,-0.050072995968455554,9.0,0.7070099242653208,1.174430152209031,12.0,-0.6299793097294802,Maldinillo 💥,-2.015778,2,1,-3.0882946929997095,1,False,True,False,False,False,False,False,False,0.17117117117117117,0.32941176470588235,4.572079447078521,-0.3238042522178373,0.21872418251083142,-3.0882946929997095,1.174430152209031,1,0,0.0,0.7070099242653208,0.0,2,3
2025-11-05,P. FERNÁNDEZ,-0.6268456892804779,-0.6579631675311765,17.0,-0.2603525697442513,-0.2245663409777956,12.0,-0.6299793097294802,,,0,0,0.4153382395934412,0,False,True,False,False,False,False,False,False,0.17708333333333334,0.32941176470588235,0.9527078002562752,2.407689302185661,1.0496430436164623,0.4153382395934412,-0.2245663409777956,0,1,-0.0,-0.2603525697442513,-0.0,1,1
2025-11-05,J. MUÑOZ,-0.623721979683071,-0.9751232570421612,9.0,-0.4676445327463027,0.40668817424065057,12.0,-0.6299793097294802,,,0,0,0.7497655970846534,1,False,True,False,False,False,False,False,False,0.17117117117117117,0.32941176470588235,0.6396346459930135,1.3337551703541703,1.5633965968847914,0.7497655970846534,0.40668817424065057,1,0,-0.0,-0.4676445327463027,-0.0,1,1
2025-11-05,S. CAZORLA,-0.6309305402924714,-0.7108231824496739,1370.0,-0.19125524874356753,,12.0,-0.6299793097294802,Chamacónicos,-0.166666,0,1,0.3031324997953178,0,False,True,False,False,False,True,False,False,0.09649122807017543,0.32941176470588235,0.8876067121570749,3.298909929778444,1.1266284696705868,0.3031324997953178,,0,0,-0.0,-0.19125524874356753,-0.0,0,1
2025-11-05,Y. BERCHICHE,0.897524594254066,-0.28794306310169415,1.0,0.1542313562598511,0.014286718834589441,12.0,-0.6299793097294802,,,0,0,0.1718406218688759,1,True,False,False,False,False,True,False,False,0.14035087719298245,0.32941176470588235,-3.117031893798309,5.819301578599462,-0.32081877658430874,0.1718406218688759,0.014286718834589441,1,0,0.1542313562598511,0.0,0.0,3,2
2025-11-05,R. ASENCIO,-0.027093446578362202,-0.6315331600719277,15.0,0.4997179612632697,-0.8046380576650164,12.0,-0.6299793097294802,,,0,0,-18.444918210612148,0,True,False,False,False,False,False,False,False,0.17857142857142858,0.32941176470588235,0.042901135193616144,-0.054217367517676425,23.310303786897983,-18.444918210612148,-0.8046380576650164,0,1,0.4997179612632697,0.0,0.0,2,2
2025-11-05,J. PACHECO,-0.38583947957285686,-0.6315331600719277,48.0,0.4997179612632697,-0.8899427218837255,12.0,-0.6299793097294802,,,0,0,-1.2951480677004619,0,True,False,False,True,False,False,False,False,0.11224489795918367,0.32941176470588235,0.6109577690056387,-0.7721129464398748,1.6367811753018193,-1.2951480677004619,-0.8899427218837255,0,1,0.4997179612632697,0.0,0.0,2,2
2025-11-05,M. RUGGERI,-0.5357775402483858,-0.6315331600719277,2.0,0.08513403525916731,0.0825304502095566,12.0,-0.6299793097294802,Dani,-0.59582,1,1,-0.15889840047811576,1,True,False,False,False,False,False,False,False,0.2857142857142857,0.32941176470588235,0.8483772864193708,-6.293267379491611,1.1787249209887938,-0.15889840047811576,0.0825304502095566,1,0,0.08513403525916731,0.0,0.0,2,2
2025-11-05,A. SAN MIGUEL,-0.6275665453414179,-1.2129933241753998,4.0,-2.0568829157620283,0.3384444428656835,12.0,-0.6299793097294802,Libre,-0.17402,0,1,3.2775587044744645,1,False,False,False,False,False,False,False,False,0.19230769230769232,0.32941176470588235,0.5173705825121702,0.30510577225281243,1.9328551944570007,3.2775587044744645,0.3384444428656835,1,0,-0.0,-0.0,-0.0,1,0
2025-11-06,A. FEBAS,1.518902518784383,0.0820770413277881,23.0,1.0524965292687394,2.573426645395858,12.0,-0.9462952368252298,Maldinillo 💥,-10.01,1,1,0.6929317868136082,1,False,True,False,False,False,False,False,False,0.1746031746031746,0.32941176470588235,18.50558924424708,1.4431411728250758,0.05403703415834894,0.6929317868136082,2.573426645395858,1,0,0.0,1.0524965292687394,0.0,3,3
2025-11-06,T. ALMADA,1.1587147736680081,-0.2350830481831967,2.0,2.1711821562698126,2.624609443927083,12.0,-0.9462952368252298,Maldinillo 💥,-8.36,2,1,1.922085671821086,1,False,True,False,False,False,False,False,False,0.2857142857142857,0.32941176470588235,-4.928980254438804,0.5202674899629165,-0.2028824095826558,1.922085671821086,2.624609443927083,1,0,0.0,2.2271509862803627,0.0,3,3
2025-11-06,J. JORDAN,-0.628287401402358,-1.2129933241753998,17.0,-2.0568829157620283,,12.0,-0.9462952368252298,,,0,0,3.2737982410107738,0,False,True,False,False,False,True,False,False,0.17708333333333334,0.32941176470588235,0.5179648616733595,0.3054562328482487,1.9306375587120062,3.2737982410107738,,0,0,-0.0,-2.0568829157620283,-0.0,1,0
2025-11-06,A. OSAMBELA,-0.6309305402924714,-0.9486932495829125,50.0,-0.3294498907449351,,12.0,-0.9462952368252298,,,0,0,0.5221658992099443,0,False,True,False,False,False,False,False,False,0.18181818181818182,0.32941176470588235,0.6650529089595247,1.9151090139227347,1.5036437335667303,0.5221658992099443,,0,0,-0.0,-0.3294498907449351,-0.0,0,1
2025-11-06,S. GÓMEZ,0.872775202828458,-0.20865304072394794,16.0,0.3615233192619022,1.0720645551465806,12.0,-0.9462952368252298,,,0,0,0.4142222463104424,1,True,False,False,False,False,False,False,False,0.12037037037037036,0.32941176470588235,-4.182921958492427,2.41415350593935,-0.239068205626773,0.4142222463104424,1.0720645551465806,1,0,0.3615233192619022,0.0,0.0,3,2
2025-11-06,N. VIDAL,-0.4824341917388226,-0.6579631675311765,1370.0,-0.2603525697442513,0.7308458982717445,12.0,-0.9462952368252298,De la Guettir FC,-1.175557,2,1,0.5396655416802244,1,True,False,False,False,False,False,False,False,0.09649122807017543,0.32941176470588235,0.7332248198236463,1.8530104973545103,1.3638430746435486,0.5396655416802244,0.7308458982717445,1,0,-0.2603525697442513,-0.0,-0.0,2,1
2025-11-06,U. ELGEZABAL,-0.55139608823542,-0.6843931749904252,12.0,-0.3294498907449351,-0.12220074391534486,12.0,-0.9462952368252298,,,0,0,0.5974842681302148,0,True,False,False,False,False,False,False,False,0.125,0.32941176470588235,0.8056726952542,1.6736923502417258,1.2412028862655036,0.5974842681302148,-0.12220074391534486,0,1,-0.3294498907449351,-0.0,-0.0,2,1
2025-11-06,I. BALLIU,-0.6263651185731846,-0.895833234664415,14.0,0.016036714258483527,0.42374910708439234,12.0,-0.9462952368252298,Libre,-0.179,0,1,-0.025602862269655687,1,True,False,False,False,False,False,False,False,0.15384615384615385,0.32941176470588235,0.699199129408226,-39.05575997164645,1.4302116103091331,-0.025602862269655687,0.42374910708439234,1,0,0.016036714258483527,0.0,0.0,1,1
2025-11-06,DAVINCHI,-0.6309305402924714,-0.7108231824496739,9.0,-0.19125524874356753,-0.19044447529031205,12.0,-0.9462952368252298,,,0,0,0.3031324997953178,0,True,False,False,True,False,False,False,False,0.17117117117117117,0.32941176470588235,0.8876067121570749,3.298909929778444,1.1266284696705868,0.3031324997953178,-0.19044447529031205,0,1,-0.19125524874356753,-0.0,-0.0,0,1
2025-11-06,L. JÚNIOR,0.4813503617380146,-0.28794306310169415,20.0,0.9833992082680559,2.6478123125945703,12.0,-0.9462952368252298,Maldinillo 💥,-5.17,1,1,2.042996626658119,1,False,False,False,False,False,False,False,False,0.2376237623762376,0.32941176470588235,-1.6716917165659582,0.4894755539921624,-0.5981972546250178,2.042996626658119,2.999949966489403,1,0,0.0,0.0,0.0,3,3
2025-11-06,L. BERGSTRÖM,-0.5468306665161331,-1.107273294338405,408.0,0.7070099242653208,1.327978547802707,12.0,-0.9462952368252298,,,0,0,-1.2929253249365578,1,False,False,False,False,False,False,False,False,0.10833333333333334,0.32941176470588235,0.4938538328034879,-0.7734401941304705,2.0248961644544154,-1.2929253249365578,1.327978547802707,1,0,0.0,0.0,0.0,2,3
2025-11-07,H. DURO,0.9463025210443423,-0.3143730705609429,19.0,0.08513403525916731,-0.6852115277588239,12.0,-1.1044532003731045,,,0,0,0.08996482985206822,0,False,False,True,False,False,False,False,False,0.22413793103448276,0.32941176470588235,-3.010135472136021,11.11531249342432,-0.33221166736651275,0.08996482985206822,-0.6852115277588239,0,1,0.0,0.0,0.08513403525916731,3,2
2025-11-07,R. BARDGHJI,0.07502782872147716,-0.6315331600719277,3.0,0.08513403525916731,-0.7363943262900493,12.0,-1.1044532003731045,,,0,0,1.1346843168137783,0,False,False,True,False,False,False,False,False,0.30337078651685395,0.32941176470588235,-0.11880286304490328,0.8812802918690069,-8.417206703523416,1.1346843168137783,-0.7363943262900493,0,1,0.0,0.0,0.08513403525916731,2,2
2025-11-07,G. KOYALIPOU,-0.5511558028817733,-0.6315331600719277,12.0,0.08513403525916731,-0.10513981107160308,12.0,-1.1044532003731045,,,0,0,-0.15446483422449495,0,False,False,True,False,False,False,False,False,0.125,0.32941176470588235,0.8727280061541126,-6.473901152492036,1.1458362637318724,-0.15446483422449495,-0.10513981107160308,0,1,0.0,0.0,0.08513403525916731,2,2
2025-11-07,A. LISO,0.7249997103357492,0.0820770413277881,9.0,2.1580536652796787,1.4644660105526415,12.0,-1.1044532003731045,Maldinillo 💥,-6.14411,2,1,2.97662282879734,1,False,True,False,False,False,False,False,False,0.17117117117117117,0.32941176470588235,8.833053257696287,0.3359505771563905,0.11320960125649818,2.97662282879734,1.4644660105526415,1,0,0.0,2.1580536652796787,0.0,3,3
2025-11-07,PEPELU,0.591160768354548,-0.6315331600719277,19.0,-0.3985472117456189,1.191491085052773,12.0,-1.1044532003731045,Dani,-5.26982,1,1,-0.6741762290463125,1,False,True,False,False,False,False,False,False,0.22413793103448276,0.32941176470588235,-0.9360738941421738,-1.483292905395547,-1.068291614712755,-0.6741762290463125,1.191491085052773,1,0,-0.0,-0.3985472117456189,-0.0,3,1
2025-11-07,Y. ASPRILLA,-0.39785374725519096,-0.605103152612679,222.0,-0.2603525697442513,-0.6340287292275985,12.0,-1.1044532003731045,,,0,0,0.6543942992487514,0,False,True,False,False,False,False,False,False,0.10227272727272728,0.32941176470588235,0.6574984827559421,1.52814038204575,1.5209223934918648,0.6543942992487514,-0.6340287292275985,0,1,-0.0,-0.2603525697442513,-0.0,2,1
2025-11-07,P. DÍAZ,-0.4341368356558397,-0.39366309293868906,14.0,-0.12215792774288405,0.03134765167833123,12.0,-1.1044532003731045,Chamacónicos,-1.219,0,1,0.28138181119819944,1,False,True,False,False,False,False,False,False,0.15384615384615385,0.32941176470588235,1.1028159516579474,3.553927261248835,0.9067740108208082,0.28138181119819944,0.03134765167833123,1,0,-0.0,-0.12215792774288405,-0.0,2,1
2025-11-07,C. EJUKE,-0.5372192523702658,-0.7372531899089226,17.0,-0.4676445327463027,0.44081003992813417,12.0,-1.1044532003731045,Libre,-0.55,0,1,0.8704926362479379,1,False,True,False,False,False,False,False,False,0.17708333333333334,0.32941176470588235,0.7286777302575824,1.1487793901807426,1.3723532040396633,0.8704926362479379,0.44081003992813417,1,0,-0.0,-0.4676445327463027,-0.0,2,1
2025-11-07,Y. SANTIAGO,-0.6309305402924714,-1.1601333092569024,23.0,-0.6749364957483537,-0.3439928708839881,12.0,-1.1044532003731045,,,0,0,1.06974939774651,0,False,True,False,False,False,False,False,False,0.1746031746031746,0.32941176470588235,0.5438436075421434,0.9348012428845656,1.8387684125855246,1.06974939774651,-0.3439928708839881,0,1,-0.0,-0.6749364957483537,-0.0,0,0
2025-11-07,A. ELUSTONDO,-0.6254039771585979,-1.107273294338405,16.0,-1.1586177427531397,0.2702007114907163,12.0,-1.1044532003731045,,,0,0,1.852593903561355,1,True,False,False,False,False,False,False,False,0.12037037037037036,0.32941176470588235,0.5648149785345046,0.5397850333773826,1.7704957200061555,1.852593903561355,0.2702007114907163,1,0,-1.1586177427531397,-0.0,-0.0,1,0
2025-11-07,D. ALABA,-0.6309305402924714,-1.0544132794199075,15.0,-0.6749364957483537,-0.2245663409777956,12.0,-1.1044532003731045,Chamacónicos,-0.160001,0,1,1.06974939774651,0,True,False,False,False,False,True,False,False,0.17857142857142858,0.32941176470588235,0.5983717684315877,0.9348012428845656,1.6712060730761276,1.06974939774651,-0.2245663409777956,0,1,-0.6749364957483537,-0.0,-0.0,0,0
2025-11-07,C. RIVERO,-0.6254039771585979,-1.2129933241753998,19.0,-2.0568829157620283,0.0825304502095566,12.0,-1.1044532003731045,,,0,0,3.2888921077847972,1,False,False,False,False,False,False,False,False,0.22413793103448276,0.32941176470588235,0.5155877450286024,0.3040543904665037,1.939538774961401,3.2888921077847972,0.0825304502095566,1,0,-0.0,-0.0,-0.0,1,0
2025-11-07,A. SAN MIGUEL,-0.6309305402924714,-1.2129933241753998,4.0,-2.0568829157620283,0.04840858452207302,12.0,-1.1044532003731045,,,0,0,3.260083391892773,1,False,False,False,False,False,False,False,False,0.19230769230769232,0.32941176470588235,0.520143885264387,0.306741255031515,1.9225495823402232,3.260083391892773,0.04840858452207302,1,0,-0.0,-0.0,-0.0,0,0
2025-11-08,D. RABA,-0.3615706588545421,-0.7108231824496739,19.0,-0.3985472117456189,-0.5146021993214059,13.0,2.849495888323765,,,0,0,1.1022695129016693,0,False,False,True,False,False,False,False,False,0.22413793103448276,0.17424242424242425,0.5086654127878758,0.9072239258551094,1.9659370332720172,1.1022695129016693,-0.5146021993214059,0,1,-0.0,-0.0,-0.3985472117456189,2,1
2025-11-08,G. RASPADORI,-0.6309305402924714,-0.9222632421236637,2.0,-0.9513257797510886,,13.0,2.849495888323765,,,0,0,1.5078161965757626,0,False,False,True,False,False,False,False,False,0.2857142857142857,0.17424242424242425,0.6841118626299261,0.6632125576057765,1.4617531486893809,1.5078161965757626,,0,0,-0.0,-0.0,-0.9513257797510886,0,0
2025-11-08,A. BAENA,3.028855681100126,-0.3408030780201916,2.0,1.7434697392755767,0.3896272413969088,13.0,2.849495888323765,De la Guettir FC,-16.899899,3,1,0.5756197545280757,1,False,True,False,False,False,False,False,False,0.2857142857142857,0.17424242424242425,-8.887433136251811,1.7372563891485986,-0.11251872039597688,0.5756197545280757,0.3896272413969088,1,0,0.0,1.7434697392755767,0.0,3,3
2025-11-08,C. ÁLVAREZ,1.1291596751694666,0.10850704878703685,12.0,1.0524965292687394,0.5602365698343267,13.0,2.849495888323765,De la Guettir FC,-7.889989,0,1,0.9321051931876557,1,False,True,False,False,False,False,False,False,0.125,0.17424242424242425,10.406229655696878,1.0728383143606912,0.09609531324738342,0.9321051931876557,0.5602365698343267,1,0,0.0,1.0524965292687394,0.0,3,3
2025-11-08,L. AGOUMÉ,0.9503873720563358,-0.15579302580545049,17.0,0.9833992082680559,-2.118329886633134,13.0,2.849495888323765,,,0,0,1.03473404892391,0,False,True,False,True,False,False,False,False,0.17708333333333334,0.17424242424242425,-6.100359547562196,0.9664299072400425,-0.16392564385900923,1.03473404892391,-2.118329886633134,0,1,0.0,0.9833992082680559,0.0,3,3
2025-11-08,Y. ASPRILLA,-0.4077054467547048,-0.605103152612679,222.0,-0.2603525697442513,-0.599906863540115,13.0,2.849495888323765,,,0,0,0.6385816289634247,0,False,True,False,False,False,False,False,False,0.10227272727272728,0.17424242424242425,0.6737795345700477,1.5659803670675088,1.4841710887120614,0.6385816289634247,-0.599906863540115,0,1,-0.0,-0.2603525697442513,-0.0,2,1
2025-11-08,J. MUÑOZ,-0.6299693988778847,-0.9751232570421612,9.0,-0.4676445327463027,-0.03689607969663593,13.0,2.849495888323765,,,0,0,0.7423301447807267,0,False,True,False,False,False,False,False,False,0.17117117117117117,0.17424242424242425,0.6460414520624022,1.3471145322555846,1.5478923367887578,0.7423301447807267,-0.03689607969663593,0,1,-0.0,-0.4676445327463027,-0.0,0,1
2025-11-08,L. BELTRÁN,-0.6309305402924714,-0.9222632421236637,19.0,-1.0895204217524561,,13.0,2.849495888323765,,,0,0,1.7268495959903891,0,False,True,False,False,False,False,False,False,0.22413793103448276,0.17424242424242425,0.6841118626299261,0.5790906776839649,1.4617531486893809,1.7268495959903891,,0,0,-0.0,-1.0895204217524561,-0.0,0,0
2025-11-08,Y. SANTIAGO,-0.6309305402924714,-1.1601333092569024,23.0,-0.6749364957483537,,13.0,2.849495888323765,,,0,0,1.06974939774651,0,False,True,False,False,False,False,False,False,0.1746031746031746,0.17424242424242425,0.5438436075421434,0.9348012428845656,1.8387684125855246,1.06974939774651,,0,0,-0.0,-0.6749364957483537,-0.0,0,0
2025-11-08,R. VEIGA,1.0099781397607126,-0.36723308547944034,20.0,0.1542313562598511,1.430344144865158,13.0,2.849495888323765,De la Guettir FC,-7.335333,1,1,0.1527074671031246,1,True,False,False,False,False,False,False,False,0.2376237623762376,0.17424242424242425,-2.7502448170947105,6.548419308715602,-0.3636046241177282,0.1527074671031246,1.430344144865158,1,0,0.1542313562598511,0.0,0.0,3,2
2025-11-08,I. BALLIU,-0.6275665453414179,-0.895833234664415,14.0,0.016036714258483527,0.04840858452207302,13.0,2.849495888323765,,,0,0,-0.025553847526410947,1,True,False,False,False,False,False,False,False,0.15384615384615385,0.17424242424242425,0.7005402586082523,-39.13067256510395,1.4274735783607273,-0.025553847526410947,0.04840858452207302,1,0,0.016036714258483527,0.0,0.0,1,1
2025-11-08,Ø. NYLAND,-0.5970503054282894,-0.895833234664415,17.0,0.016036714258483527,-0.5316631321651478,13.0,2.849495888323765,,,0,0,-0.026859949609990243,0,False,False,False,False,False,False,False,False,0.17708333333333334,0.17424242424242425,0.6664755769275802,-37.22789269128333,1.5004342631665821,-0.026859949609990243,-0.5316631321651478,0,1,0.0,0.0,0.0,1,1
2025-11-09,P. DURÁN,-0.2918879062970046,-0.2615130556424454,5.0,0.7070099242653208,0.7820286968029699,13.0,2.533179961228015,,,0,0,-2.4222050013641745,1,False,False,True,False,False,False,False,False,0.16049382716049382,0.17424242424242425,1.1161546857942595,-0.41284780231693774,0.8959396601927295,-2.4222050013641745,0.7820286968029699,1,0,0.0,0.0,0.7070099242653208,2,3
2025-11-09,U. IZETA,-0.6309305402924714,-1.0808432868791562,1.0,-0.8822284587504049,,13.0,2.533179961228015,,,0,0,1.3982994968684495,0,False,False,True,False,False,False,False,False,0.14035087719298245,0.17424242424242425,0.583739688899693,0.7151563171544527,1.7130966579534768,1.3982994968684495,,0,0,-0.0,-0.0,-0.8822284587504049,0,0
2025-11-09,D. CEBALLOS,-0.012916610713207988,-0.5258131302349327,15.0,0.22332867726053457,0.3555053757094252,13.0,2.533179961228015,,,0,0,-17.2913757018203,1,False,True,False,False,False,False,False,False,0.17857142857142858,0.17424242424242425,0.02456506795960917,-0.05783651716891874,40.711441519154526,-17.2913757018203,0.3555053757094252,1,0,0.0,0.22332867726053457,0.0,2,2
2025-11-09,A. SÁNCHEZ,-0.6309305402924714,-0.895833234664415,408.0,-1.0204231007517723,-2.6301578719453875,13.0,2.533179961228015,,,0,0,1.6173328962830757,0,False,True,False,False,False,False,False,False,0.10833333333333334,0.17424242424242425,0.7042954203683265,0.6183034842421071,1.4198625638120317,1.6173328962830757,-2.6301578719453875,0,1,-0.0,-1.0204231007517723,-0.0,0,0
2025-11-09,R. ARAÚJO,1.5571078900142055,0.05564703386853938,3.0,1.6052750972742091,2.6478123125945703,13.0,2.533179961228015,Dani,-9.5402,0,1,1.0309331014477505,1,True,False,False,False,False,False,False,False,0.30337078651685395,0.17424242424242425,27.98136397222322,0.9699938176729883,0.03573740682196716,1.0309331014477505,2.658731309614567,1,0,1.6052750972742091,0.0,0.0,3,3
2025-11-09,D. BLIND,0.25259870506637444,-0.20865304072394794,222.0,0.1542313562598511,0.11665231589704018,13.0,2.533179961228015,,,0,0,0.6105761533621921,1,True,False,False,False,False,False,False,False,0.10227272727272728,0.17424242424242425,-1.2106217805967643,1.6377802375060357,-0.8260225033482173,0.6105761533621921,0.11665231589704018,1,0,0.1542313562598511,0.0,0.0,2,2
2025-11-09,U. EGILUZ,-0.6309305402924714,-1.2129933241753998,1.0,-2.0568829157620283,-0.5487240650088896,13.0,2.533179961228015,,,0,0,3.260083391892773,0,True,False,False,True,False,False,False,False,0.14035087719298245,0.17424242424242425,0.520143885264387,0.306741255031515,1.9225495823402232,3.260083391892773,-0.5487240650088896,0,1,-2.0568829157620283,-0.0,-0.0,0,0
2025-11-09,P. ESPINO,-0.6309305402924714,-0.6843931749904252,14.0,-0.05306060674220026,-0.03689607969663593,13.0,2.533179961228015,,,0,0,0.08409910038069177,0,True,False,False,False,False,False,False,False,0.15384615384615385,0.17424242424242425,0.9218845032839517,11.890976564488351,1.0847378847932376,0.08409910038069177,-0.03689607969663593,0,1,-0.05306060674220026,-0.0,-0.0,0,1
2025-11-09,D. CALVO,-0.6309305402924714,-0.7108231824496739,1370.0,0.1542313562598511,,13.0,2.533179961228015,,,0,0,-0.24445099874124798,0,True,False,False,False,False,False,False,False,0.09649122807017543,0.17424242424242425,0.8876067121570749,-4.090779364282537,1.1266284696705868,-0.24445099874124798,,0,0,0.1542313562598511,0.0,0.0,0,2
2025-11-09,A. SIVERA,1.2120581221775715,0.21422707862403179,48.0,1.0524965292687394,1.0379426894590968,13.0,2.533179961228015,,,0,0,0.8683541173947326,1,False,False,False,False,False,False,False,False,0.11224489795918367,0.17424242424242425,5.657792993161843,1.1516018693361614,0.17674639355805838,0.8683541173947326,1.0379426894590968,1,0,0.0,0.0,0.0,3,3
2025-11-10,T. ASANO,-0.6097854291715635,-0.605103152612679,408.0,0.22332867726053457,-0.4292975351026971,13.0,2.2168640341322656,,,0,0,-0.36624201369645143,0,False,False,True,False,False,False,False,False,0.10833333333333334,0.17424242424242425,1.0077396461715817,-2.7304272170697352,0.9923230631434057,-0.36624201369645143,-0.4292975351026971,0,1,0.0,0.0,0.22332867726053457,1,2
2025-11-10,E. ÁVILA,-0.623721979683071,-1.107273294338405,4.0,-1.365909705755191,0.611419368365552,13.0,2.2168640341322656,,,0,0,2.189937087652953,1,False,False,True,False,False,False,False,False,0.19230769230769232,0.17424242424242425,0.5632959326014246,0.45663518876118747,1.7752702416728705,2.189937087652953,0.611419368365552,1,0,-0.0,-0.0,-1.365909705755191,1,0
2025-11-10,M. GÓMEZ,0.4885589223474151,-0.2350830481831967,50.0,0.4997179612632697,2.334573585583473,13.0,2.2168640341322656,Chamacónicos,-5.219,3,1,1.0228386292151082,1,False,True,False,False,False,False,False,False,0.18181818181818182,0.17424242424242425,-2.0782485354504265,0.9776673694997635,-0.4811754657518328,1.0228386292151082,2.334573585583473,1,0,0.0,0.4997179612632697,0.0,3,2
2025-11-10,B. PRADOS,-0.6258845478658911,-1.107273294338405,1.0,-0.6749364957483537,0.32138351002194165,13.0,2.2168640341322656,,,0,0,1.0783739212345829,1,False,True,False,True,False,False,False,False,0.14035087719298245,0.17424242424242425,0.5652489916582416,0.9273249841037388,1.769136284399765,1.0783739212345829,0.32138351002194165,1,0,-0.0,-0.6749364957483537,-0.0,1,0
2025-11-10,D. VAN DE BEEK,-0.6309305402924714,-1.107273294338405,222.0,-0.6749364957483537,,13.0,2.2168640341322656,,,0,0,1.06974939774651,0,False,True,False,True,False,False,False,False,0.10227272727272728,0.17424242424242425,0.5698061294574812,0.9348012428845656,1.754987242830826,1.06974939774651,,0,0,-0.0,-0.6749364957483537,-0.0,0,0
2025-11-10,P. CHAVARRÍA,1.8754859835960576,0.4520971457572704,14.0,1.6052750972742091,1.1573692193652894,13.0,2.2168640341322656,De la Guettir FC,-11.411211,3,1,0.8559244139334179,1,True,False,False,False,False,False,False,False,0.15384615384615385,0.17424242424242425,4.148404502864293,1.1683261133587364,0.24105586960162187,0.8559244139334179,1.1573692193652894,1,0,1.6052750972742091,0.0,0.0,3,3
2025-11-10,A. RAȚIU,0.9818647533840512,0.05564703386853938,14.0,0.7070099242653208,1.0550036223028385,13.0,2.2168640341322656,Dani,-7.15424,2,1,0.7200678115399936,1,True,False,False,False,False,False,False,False,0.15384615384615385,0.17424242424242425,17.644194864163,1.3887547132377627,0.05667478845936829,0.7200678115399936,1.0550036223028385,1,0,0.7070099242653208,0.0,0.0,3,3
2025-11-10,J. IGLESIAS,0.6863137683986336,0.0820770413277881,9.0,1.0524965292687394,0.6626021668967774,13.0,2.2168640341322656,Libre,-5.642,0,1,1.533547838005164,1,True,False,False,False,False,False,False,False,0.17117117117117117,0.17424242424242425,8.36172205496182,0.6520811206801358,0.11959095899873617,1.533547838005164,0.6626021668967774,1,0,1.0524965292687394,0.0,0.0,3,3
2025-11-10,J. RUEDA,-0.022768310212721996,-0.20865304072394794,5.0,1.6743724182748931,-1.811233095445782,13.0,2.2168640341322656,,,0,0,-73.5428297251944,0,True,False,False,True,False,False,False,False,0.16049382716049382,0.17424242424242425,0.10912095627593243,-0.01359810778421231,9.164588999510187,-73.5428297251944,-1.811233095445782,0,1,1.6743724182748931,0.0,0.0,2,3
2025-11-10,M. DIARRA,-0.6309305402924714,-1.0808432868791562,48.0,-0.8822284587504049,-0.41223660225895525,13.0,2.2168640341322656,,,0,0,1.3982994968684495,0,True,False,False,False,False,False,False,False,0.11224489795918367,0.17424242424242425,0.583739688899693,0.7151563171544527,1.7130966579534768,1.3982994968684495,-0.41223660225895525,0,1,-0.8822284587504049,-0.0,-0.0,0,0
2025-11-11,RODRYGO,0.7064977381049548,-0.5786731451534302,15.0,-0.3985472117456189,-1.1287957816961103,13.0,1.900548107036516,,,0,0,-0.5641159569720452,0,False,False,True,False,False,False,False,False,0.17857142857142858,0.17424242424242425,-1.2208946707079407,-1.7726871245633438,-0.8190717321103901,-0.5641159569720452,-1.1287957816961103,0,1,-0.0,-0.0,-0.3985472117456189,3,1
2025-11-11,R. BARDGHJI,-0.013637466774148057,-0.6315331600719277,3.0,0.08513403525916731,-1.811233095445782,13.0,1.900548107036516,,,0,0,-6.24311536625924,0,False,False,True,False,False,False,False,False,0.30337078651685395,0.17424242424242425,0.02159425542571709,-0.16018630558656613,46.312081460073294,-6.24311536625924,-1.811233095445782,0,1,0.0,0.0,0.08513403525916731,2,2
2025-11-11,J. LUIS MORALES,-0.3351392699534072,-0.3408030780201916,12.0,-0.12215792774288405,-0.39517566941521354,13.0,1.900548107036516,,,0,0,0.3645000845766349,0,False,False,True,False,False,False,False,False,0.125,0.17424242424242425,0.9833838804631675,2.743514233255837,1.016902898220403,0.3645000845766349,-0.39517566941521354,0,1,-0.0,-0.0,-0.12215792774288405,2,1
2025-11-11,P. GUEYE,1.8440086022683426,0.18779707116478303,20.0,1.2597884922707905,-1.1117348488523686,13.0,1.900548107036516,,,0,0,0.6831789220192274,0,False,True,False,False,False,False,False,False,0.2376237623762376,0.17424242424242425,9.819102990947767,1.4637434377583893,0.10184169916131194,0.6831789220192274,-1.1117348488523686,0,1,0.0,1.2597884922707905,0.0,3,3
2025-11-11,P. LOZANO,0.5596833870268327,0.0027870189500419124,8.0,0.5688152822639532,-0.6340287292275985,13.0,1.900548107036516,,,0,0,1.0163143647540818,0,False,True,False,False,False,False,False,False,0.0641025641025641,0.17424242424242425,200.74590490800608,0.9839440333867193,0.0049796260439694835,1.0163143647540818,-0.6340287292275985,0,1,0.0,0.5688152822639532,0.0,3,2
2025-11-11,L. RIOJA,0.5500719728809654,0.0027870189500419124,19.0,0.5688152822639532,0.6284803012092939,13.0,1.900548107036516,Los marinero,-5.325,0,1,1.0340724054934498,1,False,True,False,False,False,False,False,False,0.22413793103448276,0.17424242424242425,197.29850576255808,0.9670468128859053,0.0050666349510776944,1.0340724054934498,0.6284803012092939,1,0,0.0,0.5688152822639532,0.0,3,2
2025-11-11,J. GUERRA,0.100017505500732,-0.2615130556424454,19.0,0.016036714258483527,-1.077612983164885,13.0,1.900548107036516,,,0,0,0.16033747133290407,0,False,True,False,False,False,False,False,False,0.22413793103448276,0.17424242424242425,-0.38245848840514557,6.236394032760958,-2.6146467029596985,0.16033747133290407,-1.077612983164885,0,1,0.0,0.016036714258483527,0.0,2,1
2025-11-11,A. REBBACH,-0.5225618457978183,-0.36723308547944034,48.0,0.43062064026258595,-0.27574913950902097,13.0,1.900548107036516,,,0,0,-0.8240583727721451,0,False,True,False,False,False,False,False,False,0.11224489795918367,0.17424242424242425,1.4229743708684575,-1.2135057715148008,0.702756604197485,-0.8240583727721451,-0.27574913950902097,0,1,0.0,0.43062064026258595,0.0,2,2
2025-11-11,C. EJUKE,-0.55211694429636,-0.7108231824496739,17.0,-0.6058391747476699,-0.4292975351026971,13.0,1.900548107036516,,,0,0,1.0973042546702343,0,False,True,False,False,False,False,False,False,0.17708333333333334,0.17424242424242425,0.7767300429393252,0.9113274258861542,1.2874527348699867,1.0973042546702343,-0.4292975351026971,0,1,-0.0,-0.6058391747476699,-0.0,2,0
2025-11-11,A. ALMEIDA,-0.5924848837090025,-0.8694032272051663,19.0,-0.5367418537469861,0.49199283845935954,13.0,1.900548107036516,,,0,0,0.9059180654618548,1,False,True,False,False,False,False,False,False,0.22413793103448276,0.17424242424242425,0.6814853530035698,1.103856506492598,1.467387132562364,0.9059180654618548,0.49199283845935954,1,0,-0.0,-0.5367418537469861,-0.0,1,1
2025-11-11,Y. ENRÍQUEZ,-0.26281337850575626,-0.4200931003979378,48.0,0.22332867726053457,-0.2075054081340538,13.0,1.900548107036516,,,0,0,-0.8497646820529919,0,True,False,False,False,False,False,False,False,0.11224489795918367,0.17424242424242425,0.6256089516008579,-1.176795586370549,1.5984524883737037,-0.8497646820529919,-0.2075054081340538,0,1,0.22332867726053457,0.0,0.0,2,2
2025-11-11,F. CALERO,-0.2625730931521095,-0.3143730705609429,8.0,0.9143018872673718,-0.9923083189461761,13.0,1.900548107036516,,,0,0,-3.4820984830924564,0,True,False,False,False,False,False,False,False,0.0641025641025641,0.17424242424242425,0.8352303456334177,-0.2871839264741648,1.197282874912471,-3.4820984830924564,-0.9923083189461761,0,1,0.9143018872673718,0.0,0.0,2,3
2025-11-11,V. ROSIER,-0.29236847700429797,-0.4729531153164353,50.0,0.3615233192619022,-1.2823441772897866,13.0,1.900548107036516,,,0,0,-1.2365373979561602,0,True,False,False,True,False,False,False,False,0.18181818181818182,0.17424242424242425,0.6181777552864621,-0.808710400454402,1.6176666439184089,-1.2365373979561602,-1.2823441772897866,0,1,0.3615233192619022,0.0,0.0,2,2
2025-11-11,J. RODRÍGUEZ,-0.4031400250354179,-0.4729531153164353,5.0,-0.12215792774288405,0.18489604727200734,13.0,1.900548107036516,,,0,0,0.3030168754616396,1,True,False,False,False,False,False,False,False,0.16049382716049382,0.17424242424242425,0.8523907854089866,3.300181434522872,1.1731762145202485,0.3030168754616396,0.18489604727200734,1,0,-0.12215792774288405,-0.0,-0.0,2,1
2025-11-11,V. PARADA,-0.5360178256020324,-0.6315331600719277,48.0,-0.5367418537469861,-0.03689607969663593,13.0,1.900548107036516,,,0,0,1.001352621989318,0,True,False,False,False,False,False,False,False,0.11224489795918367,0.17424242424242425,0.848757766415226,0.9986529288018486,1.1781965227726112,1.001352621989318,-0.03689607969663593,0,1,-0.5367418537469861,-0.0,-0.0,2,1
2025-11-12,G. MIKAUTADZE,1.6856605542151797,-0.3408030780201916,20.0,1.190691171270107,-2.220695483695585,13.0,1.5842321799407666,,,0,0,0.706364316308131,0,False,False,True,False,False,True,False,False,0.2376237623762376,0.17424242424242425,-4.946156913149188,1.415698024130865,-0.20217764186884166,0.706364316308131,-2.220695483695585,0,1,0.0,0.0,1.190691171270107,3,3
2025-11-12,R. GARCÍA DE HARO,-0.4132320098885785,-0.3143730705609429,50.0,-0.12215792774288405,-0.12220074391534486,13.0,1.5842321799407666,,,0,0,0.29561655543668436,0,False,False,True,False,False,False,False,False,0.18181818181818182,0.17424242424242425,1.3144679460590663,3.3827963548522555,0.7607683427381425,0.29561655543668436,-0.12220074391534486,0,1,-0.0,-0.0,-0.12215792774288405,2,1
2025-11-12,V. TSYGANKOV,0.41983731120446444,-0.5786731451534302,222.0,0.7070099242653208,2.6478123125945703,13.0,1.5842321799407666,Chamacónicos,-4.893,2,1,1.6840052596367312,1,False,True,False,False,False,False,False,False,0.10227272727272728,0.17424242424242425,-0.7255184385851993,0.5938201190324346,-1.3783238206472586,1.6840052596367312,3.017010899333145,1,0,0.0,0.7070099242653208,0.0,3,3
2025-11-12,D. VAN DE BEEK,-0.6258845478658911,-1.107273294338405,222.0,-0.6749364957483537,0.457870972771876,13.0,1.5842321799407666,,,0,0,1.0783739212345829,1,False,True,False,True,False,False,False,False,0.10227272727272728,0.17424242424242425,0.5652489916582416,0.9273249841037388,1.769136284399765,1.0783739212345829,0.457870972771876,1,0,-0.0,-0.6749364957483537,-0.0,1,0
2025-11-12,A. OSAMBELA,-0.6309305402924714,-0.9486932495829125,50.0,-0.3294498907449351,-0.03689607969663593,13.0,1.5842321799407666,,,0,0,0.5221658992099443,0,False,True,False,False,False,False,False,False,0.18181818181818182,0.17424242424242425,0.6650529089595247,1.9151090139227347,1.5036437335667303,0.5221658992099443,-0.03689607969663593,0,1,-0.0,-0.3294498907449351,-0.0,0,1
2025-11-12,Á. CARRERAS,2.2772430948933082,0.3992371308387729,15.0,1.4670804552728416,1.7203800032087684,13.0,1.5842321799407666,Libre,-12.73614,1,1,0.6442350464593372,1,True,False,False,False,False,False,False,False,0.17857142857142858,0.17424242424242425,5.703971938023483,1.552226760626455,0.1753159144134163,0.6442350464593372,1.7203800032087684,1,0,1.4670804552728416,0.0,0.0,3,3
2025-11-12,J. ARAMBURU,-0.1246493001589147,-0.39366309293868906,16.0,-0.12215792774288405,0.9355770923966461,13.0,1.5842321799407666,Libre,-2.28194,1,1,0.9800208072404062,1,True,False,False,False,False,False,False,False,0.12037037037037036,0.17424242424242425,0.3166403430627704,1.0204030378144138,3.1581906246359246,0.9800208072404062,0.9355770923966461,1,0,-0.12215792774288405,-0.0,-0.0,2,1
2025-11-12,C. LENGLET,-0.366136080573829,-0.895833234664415,2.0,-0.3985472117456189,-0.8558208561962418,13.0,1.5842321799407666,,,0,0,1.0885250632662449,0,True,False,False,False,False,False,False,False,0.2857142857142857,0.17424242424242425,0.40871054468249424,0.9186791136971679,2.446728768137735,1.0885250632662449,-0.8558208561962418,0,1,-0.3985472117456189,-0.0,-0.0,2,1
2025-11-12,A. ELUSTONDO,-0.6232414089757776,-1.107273294338405,16.0,-1.365909705755191,0.6455412340530357,13.0,1.5842321799407666,,,0,0,2.191625713101471,1,True,False,False,False,False,False,False,False,0.12037037037037036,0.17424242424242425,0.5628619194776875,0.4562833565301837,1.7766391241512702,2.191625713101471,0.6455412340530357,1,0,-1.365909705755191,-0.0,-0.0,1,0
2025-11-12,DAVINCHI,-0.6234816943294244,-0.7108231824496739,9.0,-0.19125524874356753,-0.0027742140091523483,13.0,1.5842321799407666,,,0,0,0.3067540831384833,0,True,False,False,True,False,False,False,False,0.17117117117117117,0.17424242424242425,0.8771275147614949,3.2599625808333523,1.1400885206464806,0.3067540831384833,-0.0027742140091523483,0,1,-0.19125524874356753,-0.0,-0.0,1,1
2025-11-12,I. VILLAR,-0.6263651185731846,-1.2129933241753998,5.0,-2.0568829157620283,-0.15632260960282846,13.0,1.5842321799407666,,,0,0,3.2838453780645507,0,False,False,False,False,False,False,False,False,0.16049382716049382,0.17424242424242425,0.5163801172435214,0.3045216712604187,1.936562597069764,3.2838453780645507,-0.15632260960282846,0,1,-0.0,-0.0,-0.0,1,0
2025-11-12,A. SAN MIGUEL,-0.6222802675611909,-1.2129933241753998,4.0,-2.0568829157620283,0.7137849654280027,13.0,1.5842321799407666,,,0,0,3.3054016467932024,1,False,False,False,False,False,False,False,False,0.19230769230769232,0.17424242424242425,0.5130125353301153,0.30253572788627986,1.949274847174821,3.3054016467932024,0.7137849654280027,1,0,-0.0,-0.0,-0.0,1,0
2025-11-13,T. ASANO,-0.6246831210976578,-0.605103152612679,408.0,0.22332867726053457,0.5431756369905849,13.0,1.267916252845017,,,0,0,-0.35750771427252226,1,False,False,True,False,False,False,False,False,0.10833333333333334,0.17424242424242425,1.0323597733051075,-2.7971343923490632,0.9686577095394124,-0.35750771427252226,0.5431756369905849,1,0,0.0,0.0,0.22332867726053457,1,2
2025-11-13,F. LÓPEZ,2.3726363802910404,0.29351710100177797,3.0,2.1711821562698126,2.1980861228335384,13.0,1.267916252845017,Maldinillo 💥,-13.86,2,1,1.2007847886713474,1,False,True,False,False,False,False,False,False,0.30337078651685395,0.17424242424242425,8.083441437489638,0.8327880540840383,0.12370921213665342,1.2007847886713474,2.1980861228335384,1,0,0.0,2.8490268752865164,0.0,3,3
2025-11-13,H. ÁLVAREZ,-0.3284112800513001,-0.5522431376941814,5.0,0.43062064026258595,-1.077612983164885,13.0,1.267916252845017,,,0,0,-1.3112276515683974,0,False,True,False,False,False,True,False,False,0.16049382716049382,0.17424242424242425,0.5946871084892955,-0.7626446266170933,1.6815647110922256,-1.3112276515683974,-1.077612983164885,0,1,0.0,0.43062064026258595,0.0,2,2
2025-11-13,C. EJUKE,-0.5701383458198612,-0.7108231824496739,17.0,-0.6058391747476699,-0.599906863540115,13.0,1.267916252845017,,,0,0,1.0626196989016203,0,False,True,False,False,False,False,False,False,0.17708333333333334,0.17424242424242425,0.8020829398641157,0.9410736556132707,1.246757799083492,1.0626196989016203,-0.599906863540115,0,1,-0.0,-0.6058391747476699,-0.0,2,0
2025-11-13,N. TENAGLIA,1.8091672259895737,0.3199471084610267,48.0,1.6052750972742091,0.9696989580841295,13.0,1.267916252845017,,,0,0,0.8873000720517078,1,True,False,False,False,False,False,False,False,0.11224489795918367,0.17424242424242425,5.654564531391661,1.1270131219555164,0.1768476274703658,0.8873000720517078,0.9696989580841295,1,0,1.6052750972742091,0.0,0.0,3,3
2025-11-13,Y. ENRÍQUEZ,-0.2664176588104564,-0.4200931003979378,48.0,0.22332867726053457,-0.08807887822786128,13.0,1.267916252845017,,,0,0,-0.8382684410865724,0,True,False,False,False,False,False,False,False,0.11224489795918367,0.17424242424242425,0.6341886899517719,-1.1929344190994184,1.5768274486799838,-0.8382684410865724,-0.08807887822786128,0,1,0.22332867726053457,0.0,0.0,2,2
2025-11-13,V. ROSIER,-0.3284112800513001,-0.4729531153164353,50.0,0.3615233192619022,-1.1458567145398522,13.0,1.267916252845017,,,0,0,-1.1008282664155018,0,True,False,False,True,False,False,False,False,0.18181818181818182,0.17424242424242425,0.6943858995779559,-0.9084071597777805,1.4401288389710472,-1.1008282664155018,-1.1458567145398522,0,1,0.3615233192619022,0.0,0.0,2,2
2025-11-13,J. PACHECO,-0.4202002851443323,-0.6315331600719277,48.0,0.4997179612632697,0.42374910708439234,13.0,1.267916252845017,,,0,0,-1.1892403888588814,1,True,False,False,False,False,False,False,False,0.11224489795918367,0.17424242424242425,0.6653664084129524,-0.8408732061758926,1.5029372547718765,-1.1892403888588814,0.42374910708439234,1,0,0.4997179612632697,0.0,0.0,2,2
2025-11-13,J. COPETE,-0.5843151816850153,-0.8429732197459175,19.0,-0.9513257797510886,0.11665231589704018,13.0,1.267916252845017,,,0,0,1.628106606975898,1,True,False,False,False,False,False,False,False,0.22413793103448276,0.17424242424242425,0.693160661760758,0.6142120904680941,1.442671162481449,1.628106606975898,0.11665231589704018,1,0,-0.9513257797510886,-0.0,-0.0,1,0
2025-11-13,Á. ODRIOZOLA,-0.6208385554393109,-0.8429732197459175,16.0,2.1711821562698126,0.18489604727200734,13.0,1.267916252845017,,,0,0,-12.268494322873252,1,True,False,False,False,False,False,False,False,0.12037037037037036,0.17424242424242425,0.7364875625752406,-0.08150971530165563,1.3577999790129018,-12.268494322873252,0.18489604727200734,1,0,7.616742024333694,0.0,0.0,1,3
2025-11-13,I. BALLIU,-0.6309305402924714,-0.895833234664415,14.0,0.016036714258483527,-0.3781147365714717,13.0,1.267916252845017,,,0,0,-0.02541759932662149,0,True,False,False,False,False,False,False,False,0.15384615384615385,0.17424242424242425,0.7042954203683265,-39.34042782678497,1.4198625638120317,-0.02541759932662149,-0.3781147365714717,0,1,0.016036714258483527,0.0,0.0,0,1
2025-11-13,J. CRUZ,-0.6292485428169448,-0.8165432122866688,50.0,-0.7440338167490376,0.06546951736581481,13.0,1.267916252845017,,,0,0,1.1824183109531592,1,True,False,False,False,False,False,False,False,0.18181818181818182,0.17424242424242425,0.7706258578534215,0.8457268666809228,1.297650219866191,1.1824183109531592,0.06546951736581481,1,0,-0.7440338167490376,-0.0,-0.0,0,0
2025-11-13,M. RUBIO,-0.6309305402924714,-0.5786731451534302,8.0,1.2597884922707905,,13.0,1.267916252845017,,,0,0,-1.9967181940582581,0,True,False,False,False,False,False,False,False,0.0641025641025641,0.17424242424242425,1.0903074315512205,-0.5008221962188375,0.9171755452838404,-1.9967181940582581,,0,0,1.2597884922707905,0.0,0.0,0,3
2025-11-14,S. RONDÓN,-0.175589795132011,-0.36723308547944034,1370.0,-0.05306060674220026,-0.7534552591337911,13.0,0.9516003257492676,,,0,0,0.3021867466105015,0,False,False,True,False,False,False,False,False,0.09649122807017543,0.17424242424242425,0.47814393696773394,3.3092931876624325,2.0914380396730183,0.3021867466105015,-0.7534552591337911,0,1,-0.0,-0.0,-0.05306060674220026,2,1
2025-11-14,A. BLANCO,0.6310481370598969,0.0027870189500419124,48.0,0.8452045662666884,0.8843942938654207,13.0,0.9516003257492676,Libre,-5.52439,1,1,1.3393641107007244,1,False,True,False,False,False,False,False,False,0.11224489795918367,0.17424242424242425,226.34284356295726,0.7466208958458064,0.0044164848446300595,1.3393641107007244,0.8843942938654207,1,0,0.0,0.8452045662666884,0.0,3,3
2025-11-14,S. COLOMBATTO,-0.25848824214011595,-0.49938312277568403,1370.0,0.29242599826121835,0.5602365698343267,13.0,0.9516003257492676,Libre,-1.71,0,1,-1.1312976061801359,1,False,True,False,False,False,False,False,False,0.09649122807017543,0.17424242424242425,0.5176161307164484,-0.883941098725824,1.9319449526448491,-1.1312976061801359,0.5602365698343267,1,0,0.0,0.29242599826121835,0.0,2,2
2025-11-14,M. ROMÁN,-0.6309305402924714,-0.7372531899089226,5.0,1.0524965292687394,-0.5316631321651478,13.0,0.9516003257492676,,,0,0,-1.6681680949363187,0,False,True,False,False,False,False,False,False,0.16049382716049382,0.17424242424242425,0.855786593689758,-0.5994603528721186,1.168519054547936,-1.6681680949363187,-0.5316631321651478,0,1,0.0,1.0524965292687394,0.0,0,3
2025-11-14,F. UGRINIC,-0.6309305402924714,-1.00155326450141,19.0,-0.6749364957483537,,13.0,0.9516003257492676,,,0,0,1.06974939774651,0,False,True,False,False,False,True,False,False,0.22413793103448276,0.17424242424242425,0.6299526870987202,0.9348012428845656,1.587424903321429,1.06974939774651,,0,0,-0.0,-0.6749364957483537,-0.0,0,0
2025-11-14,A. PEDROSA,-0.5304912624681588,-0.49938312277568403,23.0,0.29242599826121835,0.42374910708439234,13.0,0.9516003257492676,,,0,0,-0.5512372590981732,1,True,False,False,False,False,False,False,False,0.1746031746031746,0.17424242424242425,1.062295261030897,-1.8140981018253421,0.9413615255674144,-0.5512372590981732,0.42374910708439234,1,0,0.29242599826121835,0.0,0.0,2,2
2025-11-14,V. PARADA,-0.5477918079307199,-0.6315331600719277,48.0,-0.5367418537469861,-0.3439928708839881,13.0,0.9516003257492676,,,0,0,0.9798299751953283,0,True,False,False,False,False,False,False,False,0.11224489795918367,0.17424242424242425,0.867401286212138,1.020588993937367,1.152872868490701,0.9798299751953283,-0.3439928708839881,0,1,-0.5367418537469861,-0.0,-0.0,2,1
2025-11-14,D. LÓPEZ,-0.6234816943294244,-1.1601333092569024,408.0,-0.6749364957483537,0.6284803012092939,13.0,0.9516003257492676,,,0,0,1.0825299033104336,1,True,False,False,False,False,False,False,False,0.10833333333333334,0.17424242424242425,0.5374229209500958,0.9237648608747737,1.8607365389311166,1.0825299033104336,0.6284803012092939,1,0,-0.6749364957483537,-0.0,-0.0,1,0
2025-11-14,D. LÓPEZ,-0.6234816943294244,-1.1601333092569024,408.0,-0.6749364957483537,-0.9923083189461761,13.0,0.9516003257492676,,,0,0,1.0825299033104336,0,True,False,False,False,False,False,False,False,0.10833333333333334,0.17424242424242425,0.5374229209500958,0.9237648608747737,1.8607365389311166,1.0825299033104336,-0.9923083189461761,0,1,-0.6749364957483537,-0.0,-0.0,1,0
2025-11-14,D. LÓPEZ,-0.6234816943294244,-1.1601333092569024,408.0,-0.6749364957483537,-0.12220074391534486,13.0,0.9516003257492676,,,0,0,1.0825299033104336,0,True,False,False,False,False,False,False,False,0.10833333333333334,0.17424242424242425,0.5374229209500958,0.9237648608747737,1.8607365389311166,1.0825299033104336,-0.12220074391534486,0,1,-0.6749364957483537,-0.0,-0.0,1,0
2025-11-14,J. DONALD,-0.6254039771585979,-0.6843931749904252,23.0,-0.3294498907449351,-0.12220074391534486,13.0,0.9516003257492676,,,0,0,0.5267801765858702,0,True,False,False,False,False,False,False,False,0.1746031746031746,0.17424242424242425,0.9138093625447243,1.8983338378965622,1.0943235001851739,0.5267801765858702,-0.12220074391534486,0,1,-0.3294498907449351,-0.0,-0.0,1,1
2025-11-14,B. DIABY,-0.6309305402924714,-1.1337033017976537,23.0,-1.0204231007517723,-0.36105380372772994,13.0,0.9516003257492676,,,0,0,1.6173328962830757,0,True,False,False,False,False,False,False,False,0.1746031746031746,0.17424242424242425,0.5565222362978686,0.6183034842421071,1.7968778277081754,1.6173328962830757,-0.36105380372772994,0,1,-1.0204231007517723,-0.0,-0.0,0,0
2025-11-14,J. MUSSO,-0.6309305402924714,-1.2129933241753998,2.0,-2.0568829157620283,-0.15632260960282846,13.0,0.9516003257492676,,,0,0,3.260083391892773,0,False,False,False,False,False,False,False,False,0.2857142857142857,0.17424242424242425,0.520143885264387,0.306741255031515,1.9225495823402232,3.260083391892773,-0.15632260960282846,0,1,-0.0,-0.0,-0.0,0,0
2025-11-15,A. BUDIMIR,2.059784849843062,0.10850704878703685,50.0,1.0524965292687394,-1.5382581699459135,13.0,0.635284398653518,,,0,0,0.5109737642624016,0,False,False,True,False,False,True,False,False,0.18181818181818182,0.17424242424242425,18.982783976566527,1.9570448315201008,0.052678800951712595,0.5109737642624016,-1.5382581699459135,0,1,0.0,0.0,1.0524965292687394,3,3
2025-11-15,B. MAYORAL,1.5768112890132333,-0.10293301088695302,9.0,1.190691171270107,2.6478123125945703,13.0,0.635284398653518,Dani,-9.70708,1,1,0.7551255019804797,1,False,False,True,False,False,False,False,False,0.17117117117117117,0.17424242424242425,-15.318959334671849,1.3242812265501458,-0.06527917850727073,0.7551255019804797,2.846401570895727,1,0,0.0,0.0,1.190691171270107,3,3
2025-11-15,J. PUADO,0.44987298041029955,-0.28794306310169415,8.0,0.9833992082680559,-1.3676488415084953,13.0,0.635284398653518,,,0,0,2.185943733334309,0,False,False,True,False,False,True,False,False,0.0641025641025641,0.17424242424242425,-1.5623732620524264,0.4574668345887444,-0.6400527161830538,2.185943733334309,-1.3676488415084953,0,1,0.0,0.0,0.9833992082680559,3,3
2025-11-15,R. GARCÍA DE HARO,-0.42668798969279265,-0.3143730705609429,50.0,-0.12215792774288405,-0.2075054081340538,13.0,0.635284398653518,,,0,0,0.286294006364796,0,False,False,True,False,False,False,False,False,0.18181818181818182,0.17424242424242425,1.3572706663522662,3.4929495819581,0.7367767899070138,0.286294006364796,-0.2075054081340538,0,1,-0.0,-0.0,-0.12215792774288405,2,1
2025-11-15,M. DOMÈNECH,-0.6309305402924714,-0.8165432122866688,408.0,-0.6058391747476699,-0.5657849978526314,13.0,0.635284398653518,,,0,0,0.9602326980391968,0,False,False,True,False,False,False,False,False,0.10833333333333334,0.17424242424242425,0.7726857605139543,1.0414176038927432,1.2941908091799839,0.9602326980391968,-0.5657849978526314,0,1,-0.0,-0.0,-0.6058391747476699,0,0
2025-11-15,A. DADIE,-0.6309305402924714,-1.2129933241753998,16.0,-2.0568829157620283,,13.0,0.635284398653518,,,0,0,3.260083391892773,0,False,True,False,False,False,False,False,False,0.12037037037037036,0.17424242424242425,0.520143885264387,0.306741255031515,1.9225495823402232,3.260083391892773,,0,0,-0.0,-2.0568829157620283,-0.0,0,0
2025-11-15,U. ELGEZABAL,-0.5934460251235892,-0.6315331600719277,12.0,-0.3985472117456189,-0.3269319380402464,13.0,0.635284398653518,,,0,0,0.6715823620943129,0,True,False,False,False,False,False,False,False,0.125,0.17424242424242425,0.9396924854246526,1.4890268873070345,1.0641814040658717,0.6715823620943129,-0.3269319380402464,0,1,-0.3985472117456189,-0.0,-0.0,1,1
2025-11-15,D. CALVO,-0.628287401402358,-0.7108231824496739,1370.0,0.1542313562598511,0.28726164433445806,13.0,0.635284398653518,,,0,0,-0.24547937997002822,1,True,False,False,False,False,False,False,False,0.09649122807017543,0.17424242424242425,0.8838882872747723,-4.073641981737072,1.1313680844644909,-0.24547937997002822,0.28726164433445806,1,0,0.1542313562598511,0.0,0.0,1,2
2025-11-15,A. NYOM,-0.6309305402924714,-1.2129933241753998,9.0,-2.0568829157620283,,13.0,0.635284398653518,,,0,0,5.450417386039036,0,True,False,False,False,False,False,False,False,0.17117117117117117,0.17424242424242425,0.46000528633007287,0.18347253153890025,2.173893091604319,5.450417386039036,,0,0,-3.4388293357757025,-0.0,-0.0,0,0
2025-11-15,A. PADILLA,-0.6302096842315315,-1.2129933241753998,1.0,-2.0568829157620283,-0.7022724606025658,13.0,0.635284398653518,,,0,0,3.263812396159164,0,False,False,False,False,False,False,False,False,0.14035087719298245,0.17424242424242425,0.5195496061031978,0.30639079443607875,1.9247486658399648,3.263812396159164,-0.7022724606025658,0,1,-0.0,-0.0,-0.0,0,0
2025-11-16,T. MARTÍNEZ,0.7495088164077107,0.26708709354252924,48.0,1.190691171270107,-0.7193333934463075,13.0,0.3189684715577685,,,0,0,1.5886265198992495,0,False,False,True,False,False,False,False,False,0.11224489795918367,0.17424242424242425,2.806223244423152,0.6294732043196458,0.35634902665136264,1.5886265198992495,-0.7193333934463075,0,1,0.0,0.0,1.190691171270107,3,3
2025-11-16,J. MONCAYOLA,1.419664667728304,0.13493705624628557,50.0,0.9143018872673718,-2.0671470881019087,13.0,0.3189684715577685,,,0,0,0.6440262014157204,0,False,True,False,True,False,False,False,False,0.18181818181818182,0.17424242424242425,10.520861995649081,1.552729065497469,0.0950484746610847,0.6440262014157204,-2.0671470881019087,0,1,0.0,0.9143018872673718,0.0,3,3
2025-11-16,S. AMRABAT,1.4292760818741712,-0.1822230332646992,4.0,1.8125670602762602,2.6478123125945703,13.0,0.3189684715577685,Los marinero,-9.994909,2,1,1.2681705200922215,1,False,True,False,False,False,False,False,False,0.19230769230769232,0.17424242424242425,-7.843596387699052,0.7885365041996437,-0.1274931471130533,1.2681705200922215,2.846401570895727,1,0,0.0,1.8125670602762602,0.0,3,3
2025-11-16,B. SANTAMARIA,-0.30390217397933866,-0.39366309293868906,19.0,-0.2603525697442513,-0.8216989905087583,13.0,0.3189684715577685,,,0,0,0.8567014280831698,0,False,True,False,False,False,False,False,False,0.22413793103448276,0.17424242424242425,0.7719873958671197,1.167276134643121,1.2953654893266486,0.8567014280831698,-0.8216989905087583,0,1,-0.0,-0.2603525697442513,-0.0,2,1
2025-11-16,I. MUÑOZ,-0.5968100200746428,-0.9222632421236637,50.0,-0.12215792774288405,0.2531397786469745,13.0,0.3189684715577685,,,0,0,0.20468512310287432,1,False,True,False,False,False,False,False,False,0.18181818181818182,0.17424242424242425,0.6471153136448343,4.885601096081991,1.5453238994415943,0.20468512310287432,0.2531397786469745,1,0,-0.0,-0.12215792774288405,-0.0,1,1
2025-11-16,G. DIANGANA,-0.6306902549388248,-1.00155326450141,23.0,-0.6749364957483537,-0.15632260960282846,13.0,0.3189684715577685,,,0,0,1.070156959965682,0,False,True,False,False,False,False,False,False,0.1746031746031746,0.17424242424242425,0.629712774153422,0.9344452305616692,1.588029693955319,1.070156959965682,-0.15632260960282846,0,1,-0.0,-0.6749364957483537,-0.0,0,0
2025-11-16,Á. SANCRIS,-0.6309305402924714,-0.7901132048274201,9.0,-0.4676445327463027,0.03134765167833123,13.0,0.3189684715577685,,,0,0,0.7411992986245708,1,False,True,False,False,False,False,False,False,0.17117117117117117,0.17424242424242425,0.7985328367763692,1.3491698187019558,1.2523002243026347,0.7411992986245708,0.03134765167833123,1,0,-0.0,-0.4676445327463027,-0.0,0,1
2025-11-16,Y. ENRÍQUEZ,-0.27843192649279047,-0.4200931003979378,48.0,0.22332867726053457,-0.10513981107160308,13.0,0.3189684715577685,,,0,0,-0.8020972385275502,0,True,False,False,False,False,False,False,False,0.11224489795918367,0.17424242424242425,0.662787817788152,-1.2467305281956507,1.5087874960212633,-0.8020972385275502,-0.10513981107160308,0,1,0.22332867726053457,0.0,0.0,2,2
2025-11-16,V. ROSIER,-0.37574749471969626,-0.4729531153164353,50.0,0.3615233192619022,-0.9411255204149508,13.0,0.3189684715577685,,,0,0,-0.9621468845147725,0,True,False,False,True,False,False,False,False,0.18181818181818182,0.17424242424242425,0.7944725957474512,-1.0393422370224845,1.258702667790033,-0.9621468845147725,-0.9411255204149508,0,1,0.3615233192619022,0.0,0.0,2,2
2025-11-16,J. CRUZ,-0.6309305402924714,-0.8165432122866688,50.0,-0.7440338167490376,,13.0,0.3189684715577685,,,0,0,1.1792660974538234,0,True,False,False,False,False,False,False,False,0.18181818181818182,0.17424242424242425,0.7726857605139543,0.8479875162620474,1.2941908091799839,1.1792660974538234,,0,0,-0.7440338167490376,-0.0,-0.0,0,0
2025-11-16,J. AGIRREZABALA,1.7197810744330082,0.13493705624628557,19.0,0.9143018872673718,1.9592330630211534,13.0,0.3189684715577685,,,0,0,0.5316382237376247,1,False,False,False,False,False,False,False,False,0.22413793103448276,0.17424242424242425,12.744967003927393,1.880975219900064,0.07846171805853526,0.5316382237376247,1.9592330630211534,1,0,0.0,0.0,0.0,3,3
2025-11-16,A. REMIRO,0.9888330286398049,-0.10293301088695302,16.0,0.3615233192619022,-1.811233095445782,13.0,0.3189684715577685,,,0,0,0.3656056616085484,0,False,False,False,False,False,False,False,False,0.12037037037037036,0.17424242424242425,-9.606661913229395,2.735177070960629,-0.10409533643228579,0.3656056616085484,-1.811233095445782,0,1,0.0,0.0,0.0,3,2
2025-11-17,B. IGLESIAS,2.367109817157167,0.6106771905127628,5.0,1.9507617022776278,1.0550036223028385,13.0,0.0026525444620189103,Dani,-13.33184,1,1,0.8241108477635353,1,False,False,True,False,False,False,False,False,0.16049382716049382,0.17424242424242425,3.8761983871891617,1.2134278630575774,0.25798420001568356,0.8241108477635353,1.0550036223028385,1,0,0.0,0.0,1.9507617022776278,3,3
2025-11-17,P. MILLA,1.754622450711777,0.26708709354252924,8.0,1.8125670602762602,0.20195698011574914,13.0,0.0026525444620189103,,,0,0,1.033023387178017,1,False,False,True,False,False,False,False,False,0.0641025641025641,0.17424242424242425,6.56945215130821,0.9680312089601472,0.1522190378990907,1.033023387178017,0.20195698011574914,1,0,0.0,0.0,1.8125670602762602,3,3
2025-11-17,S. RONDÓN,-0.2128340249472466,-0.36723308547944034,1370.0,-0.05306060674220026,-0.7534552591337911,13.0,0.0026525444620189103,,,0,0,0.24930626605223516,0,False,False,True,False,False,False,False,False,0.09649122807017543,0.17424242424242425,0.5795627162299308,4.011225073365873,1.7254516096384185,0.24930626605223516,-0.7534552591337911,0,1,-0.0,-0.0,-0.05306060674220026,2,1
2025-11-17,Á. BERENGUER,0.4936049147739954,-0.36723308547944034,1.0,0.1542313562598511,-1.572380035633397,13.0,0.0026525444620189103,,,0,0,0.31245848488356986,0,False,True,False,False,False,False,False,False,0.14035087719298245,0.17424242424242425,-1.3441225162272212,3.200397936878877,-0.7439803180794204,0.31245848488356986,-1.572380035633397,0,1,0.0,0.1542313562598511,0.0,3,2
2025-11-17,A. ALMEIDA,-0.5410638180286127,-0.8694032272051663,19.0,-0.5367418537469861,0.3384444428656835,13.0,0.0026525444620189103,Jotabetrbb,-0.634,1,1,0.9920139323242166,1,False,True,False,False,False,False,False,False,0.22413793103448276,0.17424242424242425,0.6223400413499626,1.0080540995742135,1.606843416764207,0.9920139323242166,0.3384444428656835,1,0,-0.0,-0.5367418537469861,-0.0,2,1
2025-11-17,J. MOJICA,1.4645980288602334,0.029217026409290647,408.0,0.637912603264637,1.3109176149589652,13.0,0.0026525444620189103,,,0,0,0.4355544355106308,1,True,False,False,False,False,False,False,False,0.10833333333333334,0.17424242424242425,50.12652149546027,2.295919104663846,0.01994882273821228,0.4355544355106308,1.3109176149589652,1,0,0.637912603264637,0.0,0.0,3,2
2025-11-17,S. GÓMEZ,0.7444628239811304,-0.15579302580545049,16.0,0.22332867726053457,-1.6918065655395895,13.0,0.0026525444620189103,,,0,0,0.2999859362759246,0,True,False,False,False,False,False,False,False,0.12037037037037036,0.17424242424242425,-4.77856822345194,3.33347020025756,-0.20926876603932779,0.2999859362759246,-1.6918065655395895,0,1,0.22332867726053457,0.0,0.0,3,2
2025-11-17,M. MOREY,-0.6299693988778847,-0.4200931003979378,408.0,0.22332867726053457,0.0825304502095566,13.0,0.0026525444620189103,,,0,0,-0.3545077461954173,1,True,False,False,False,False,False,False,False,0.10833333333333334,0.17424242424242425,1.4995982982806337,-2.8208046803514053,0.6668478945074356,-0.3545077461954173,0.0825304502095566,1,0,0.22332867726053457,0.0,0.0,0,2
2025-11-17,J. CARLOS MARTÍN,-0.621559411500251,-1.2129933241753998,222.0,-2.0568829157620283,0.7649677639592282,13.0,0.0026525444620189103,,,0,0,3.309235105993249,1,False,False,False,True,False,False,False,False,0.10227272727272728,0.17424242424242425,0.512418256168926,0.3021852672908436,1.951535530261117,3.309235105993249,0.7649677639592282,1,0,-0.0,-0.0,-0.0,1,0
2025-11-17,S. DIMITRIEVSKI,-0.6309305402924714,-1.2129933241753998,19.0,-2.0568829157620283,-0.4804803336339225,13.0,0.0026525444620189103,,,0,0,3.260083391892773,0,False,False,False,False,False,False,False,False,0.22413793103448276,0.17424242424242425,0.520143885264387,0.306741255031515,1.9225495823402232,3.260083391892773,-0.4804803336339225,0,1,-0.0,-0.0,-0.0,0,0
2025-11-18,R. FERNÁNDEZ,1.7351593370663958,0.26708709354252924,8.0,1.190691171270107,0.9867598909278714,13.0,-0.3136633826337306,,,0,0,0.6862139168551922,1,False,False,True,False,False,False,False,False,0.0641025641025641,0.17424242424242425,6.496580637691741,1.4572694596752978,0.1539264630691643,0.6862139168551922,0.9867598909278714,1,0,0.0,0.0,1.190691171270107,3,3
2025-11-18,R. FERNÁNDEZ,1.7351593370663958,0.26708709354252924,8.0,1.190691171270107,0.611419368365552,13.0,-0.3136633826337306,,,0,0,0.6862139168551922,1,False,False,True,False,False,False,False,False,0.0641025641025641,0.17424242424242425,6.496580637691741,1.4572694596752978,0.1539264630691643,0.6862139168551922,0.611419368365552,1,0,0.0,0.0,1.190691171270107,3,3
2025-11-18,H. DURO,0.6637269451558455,-0.2615130556424454,19.0,0.016036714258483527,-1.5553191027896551,13.0,-0.3136633826337306,,,0,0,0.024161577609509953,0,False,False,True,False,False,False,False,False,0.22413793103448276,0.17424242424242425,-2.5380357457146516,41.38538288302222,-0.39400639607097043,0.024161577609509953,-1.5553191027896551,0,1,0.0,0.0,0.016036714258483527,3,1
2025-11-18,A. TCHOUAMÉNI,2.230147165578559,0.26708709354252924,15.0,1.4670804552728416,-1.009369251789918,13.0,-0.3136633826337306,,,0,0,0.6578399040550933,0,False,True,False,False,False,True,False,False,0.17857142857142858,0.17424242424242425,8.34985616917231,1.5201249784483206,0.11976203987919333,0.6578399040550933,-1.009369251789918,0,1,0.0,1.4670804552728416,0.0,3,3
2025-11-18,ISCO,2.062908559440469,-1.2129933241753998,4.0,-2.0568829157620283,1.1403082865215475,13.0,-0.3136633826337306,Maldinillo 💥,-17.6498,4,1,-0.9970785710644168,1,False,True,False,False,False,True,False,False,0.19230769230769232,0.17424242424242425,-1.7006773401001094,-1.0029299901138018,-0.5880012134436009,-0.9970785710644168,1.1403082865215475,1,0,-0.0,-2.0568829157620283,-0.0,3,0
2025-11-18,J. MONCAYOLA,1.3209073873795178,0.13493705624628557,50.0,0.9143018872673718,-2.6874826063003603,13.0,-0.3136633826337306,,,0,0,0.6921766081606979,0,False,True,False,True,False,False,False,False,0.18181818181818182,0.17424242424242425,9.788990771948209,1.4447153189326434,0.10215474255105629,0.6921766081606979,-3.346717051382543,0,1,0.0,0.9143018872673718,0.0,3,3
2025-11-18,M. ARAMBARRI,1.3151405388919977,0.18779707116478303,9.0,0.9833992082680559,2.1810251899897968,13.0,-0.3136633826337306,Libre,-8.26278,0,1,0.7477516139415431,1,False,True,False,False,False,False,False,False,0.17117117117117117,0.17424242424242425,7.0029501939773935,1.3373401061285068,0.14279609122756584,0.7477516139415431,2.1810251899897968,1,0,0.0,0.9833992082680559,0.0,3,3
2025-11-18,I. BENITO,-0.6309305402924714,-0.5522431376941814,50.0,1.397983134272158,-0.07101794538411951,13.0,-0.3136633826337306,,,0,0,-2.2157515934728846,0,False,True,False,True,False,False,False,False,0.18181818181818182,0.17424242424242425,1.1424889504572102,-0.45131452126311655,0.8752849604064911,-2.2157515934728846,-0.07101794538411951,0,1,0.0,1.397983134272158,0.0,0,3
2025-11-18,Á. CARRERAS,2.3851312186806677,0.3992371308387729,15.0,1.4670804552728416,1.2085520178965148,13.0,-0.3136633826337306,,,0,0,0.6150939741547556,1,True,False,False,False,False,False,False,False,0.17857142857142858,0.17424242424242425,5.974206956809624,1.625766047350855,0.16738574394823708,0.6150939741547556,1.2085520178965148,1,0,1.4670804552728416,0.0,0.0,3,3
2025-11-18,N. TENAGLIA,1.8408848926709354,0.3199471084610267,48.0,1.6052750972742091,0.40668817424065057,13.0,-0.3136633826337306,,,0,0,0.8720122760814473,1,True,False,False,False,False,False,False,False,0.11224489795918367,0.17424242424242425,5.753698315410345,1.1467715091483606,0.17380061943807745,0.8720122760814473,0.40668817424065057,1,0,1.6052750972742091,0.0,0.0,3,3
2025-11-18,S. GÓMEZ,0.7197134325555221,-0.15579302580545049,16.0,0.22332867726053457,-1.6576846998521058,13.0,-0.3136633826337306,,,0,0,0.31030179076380543,0,True,False,False,False,False,False,False,False,0.12037037037037036,0.17424242424242425,-4.619706489048957,3.222650215519321,-0.21646505719257184,0.31030179076380543,-1.6576846998521058,0,1,0.22332867726053457,0.0,0.0,3,2
2025-11-18,J. LUIS GAYÀ,-0.1268118683417348,-0.8165432122866688,19.0,-1.0204231007517723,0.9526380252403879,13.0,-0.3136633826337306,Dani,-2.6011,2,1,8.046811082484641,1,True,False,False,False,False,False,False,False,0.22413793103448276,0.17424242424242425,0.15530350597136566,0.12427393354995848,6.439063330803925,8.046811082484641,0.9526380252403879,1,0,-1.0204231007517723,-0.0,-0.0,2,0
2025-11-18,Y. ENRÍQUEZ,-0.2841987749803108,-0.4200931003979378,48.0,0.22332867726053457,-0.01983514685289414,13.0,-0.3136633826337306,,,0,0,-0.7858213431685267,0,True,False,False,False,False,False,False,False,0.11224489795918367,0.17424242424242425,0.6765153991496144,-1.2725526605618422,1.4781716726214402,-0.7858213431685267,-0.01983514685289414,0,1,0.22332867726053457,0.0,0.0,2,2
2025-11-18,V. PARADA,-0.5807109013803151,-0.6315331600719277,48.0,-0.5367418537469861,-0.39517566941521354,13.0,-0.3136633826337306,,,0,0,0.9242856932027173,0,True,False,False,False,False,False,False,False,0.11224489795918367,0.17424242424242425,0.9195270456443194,1.08192044135708,1.0875191874132137,0.9242856932027173,-0.39517566941521354,0,1,-0.5367418537469861,-0.0,-0.0,2,1
2025-11-18,M. KUMBULLA,-0.6217996968538976,-0.9486932495829125,408.0,-0.3294498907449351,-0.03689607969663593,13.0,-0.3136633826337306,Chamacónicos,-0.199999,0,1,0.5298336783461369,0,True,False,False,False,False,True,False,False,0.10833333333333334,0.17424242424242425,0.6554282457006142,1.8873935057055797,1.5257240878486829,0.5298336783461369,-0.03689607969663593,0,1,-0.3294498907449351,-0.0,-0.0,1,1
2025-12-23,M. ARAMBARRI,1.9396421730197215,0.8221172501867526,9.0,1.0524965292687394,-1.31646604297727,18.0,1.900548107036516,,,0,0,0.5426237897304413,0,False,True,False,False,False,False,False,False,0.17117117117117117,0.1791044776119403,2.359322606667729,1.842894751845506,0.4238497377364747,0.5426237897304413,-1.31646604297727,0,1,0.0,1.0524965292687394,0.0,3,3
2025-12-23,M. RYAN,1.3564696197192265,0.5049571606757678,12.0,1.121593850269423,-1.162917647383594,18.0,1.900548107036516,,,0,0,0.8268471384227841,0,False,False,False,False,False,False,False,False,0.125,0.1791044776119403,2.6863010153235485,1.2094114192779892,0.37225808899590324,0.8268471384227841,-1.162917647383594,0,1,0.0,0.0,0.0,3,3
2025-12-23,A. SIVERA,0.7199537179091688,0.8221172501867526,48.0,1.0524965292687394,0.04840858452207302,18.0,1.900548107036516,,,0,0,1.461892676146786,1,False,False,False,False,False,False,False,False,0.11224489795918367,0.1791044776119403,0.8757301248885108,0.6840431429890222,1.1419013303701593,1.461892676146786,0.04840858452207302,1,0,0.0,0.0,0.0,3,3
2025-12-23,S. BECKER,-0.623001123622131,-0.7108231824496739,50.0,-0.6058391747476699,0.2190179129594909,18.0,1.900548107036516,,,0,0,0.9724543411409181,1,False,False,True,False,False,False,False,False,0.18181818181818182,0.1791044776119403,0.8764514375101672,1.028329262812812,1.140967963725173,0.9724543411409181,0.2190179129594909,1,0,-0.0,-0.0,-0.6058391747476699,1,0
2025-12-23,T. FERNÁNDEZ,-0.6309305402924714,-1.1337033017976537,3.0,0.016036714258483527,-0.4804803336339225,18.0,1.900548107036516,,,0,0,-0.02541759932662149,0,False,False,True,False,False,False,False,False,0.30337078651685395,0.1791044776119403,0.5565222362978686,-39.34042782678497,1.7968778277081754,-0.02541759932662149,-0.4804803336339225,0,1,0.0,0.0,0.016036714258483527,0,1
2025-12-23,V. TSYGANKOV,0.8619623619143574,0.10850704878703685,222.0,1.0524965292687394,1.413283212021416,18.0,1.900548107036516,Maldinillo 💥,-6.43482,1,1,1.2210455522508774,1,False,True,False,False,False,False,False,False,0.10227272727272728,0.1791044776119403,7.943764278777941,0.818968537164393,0.12588359735621552,1.2210455522508774,1.413283212021416,1,0,0.0,1.0524965292687394,0.0,3,3
2025-12-23,F. MASTANTUONO,0.333574869245306,-0.28794306310169415,15.0,0.3615233192619022,-2.6874826063003603,18.0,1.900548107036516,,,0,0,1.0837813900622533,0,False,True,False,False,False,False,False,False,0.17857142857142858,0.1791044776119403,-1.1584791247657882,0.9226899864616065,-0.8632011174943406,1.0837813900622533,-2.8178281332265476,0,1,0.0,0.3615233192619022,0.0,2,2
2025-12-23,C. GALLAGHER,-0.2786722118464372,0.4520971457572704,2.0,0.3615233192619022,0.6455412340530357,18.0,1.900548107036516,Jotabetrbb,-1.826,1,1,-1.297311325653261,1,False,True,False,False,False,False,False,False,0.2857142857142857,0.1791044776119403,-0.6163975996399135,-0.7708256319115183,-1.6223317175883964,-1.297311325653261,0.6455412340530357,1,0,0.0,0.3615233192619022,0.0,2,2
2025-12-23,Ó. MINGUEZA,1.7082473774579676,0.42566713829802166,5.0,0.9833992082680559,-1.4529535057272045,18.0,1.900548107036516,,,0,0,0.5756769456040376,0,True,False,False,False,False,False,False,False,0.16049382716049382,0.1791044776119403,4.013096644461507,1.7370825866169963,0.2491833997415844,0.5756769456040376,-1.4529535057272045,0,1,0.9833992082680559,0.0,0.0,3,3
2025-12-23,A. MARTÍNEZ,0.5457468365153253,0.1613670637055343,222.0,0.3615233192619022,-0.7534552591337911,18.0,1.900548107036516,,,0,0,0.6624365596578048,0,True,False,False,False,False,False,False,False,0.10227272727272728,0.1791044776119403,3.3820002792572907,1.5095715763452284,0.29568062923691113,0.6624365596578048,-0.7534552591337911,0,1,0.3615233192619022,0.0,0.0,3,2
2025-12-23,A. BRETONES,0.41262875059506393,0.21422707862403179,50.0,0.43062064026258595,1.4644660105526415,18.0,1.900548107036516,Maldinillo 💥,-4.61904,0,1,1.043600563559891,1,True,False,False,False,False,False,False,True,0.18181818181818182,0.1791044776119403,1.9261188974169134,0.9582164759380178,0.5191750675153438,1.043600563559891,1.4644660105526415,1,0,0.43062064026258595,0.0,0.0,3,2
2025-12-23,C. LENGLET,-0.32720985328306673,-0.4465231078571866,2.0,0.1542313562598511,-1.009369251789918,18.0,1.900548107036516,,,0,0,-0.4713544719599207,0,True,False,False,False,False,True,False,False,0.2857142857142857,0.1791044776119403,0.732796534651583,-2.1215383154218475,1.3646425008888792,-0.4713544719599207,-1.009369251789918,0,1,0.1542313562598511,0.0,0.0,2,2
2025-12-23,J. DONALD,-0.6309305402924714,-0.4465231078571866,23.0,-0.2603525697442513,-0.0027742140091523483,18.0,1.900548107036516,,,0,0,0.412649199502631,0,True,False,False,False,False,False,False,False,0.1746031746031746,0.1791044776119403,1.412988358673307,2.4233790520727316,0.707722620897094,0.412649199502631,-0.0027742140091523483,0,1,-0.2603525697442513,-0.0,-0.0,0,1
2025-12-23,C. RIVERO,-0.624442835744011,-1.2129933241753998,19.0,-2.0568829157620283,0.5602365698343267,18.0,1.900548107036516,,,0,0,3.29395437336656,1,False,False,False,False,False,False,False,False,0.22413793103448276,0.1791044776119403,0.5147953728136831,0.3035871096725886,1.942524114724217,3.29395437336656,0.5602365698343267,1,0,-0.0,-0.0,-0.0,1,0
2025-12-24,L. BOYÉ,0.5310894299428778,0.21422707862403179,48.0,1.0524965292687394,-1.2994051101335284,18.0,1.5842321799407666,,,0,0,1.9817651946429202,0,False,False,True,False,False,True,False,False,0.11224489795918367,0.1791044776119403,2.4790841301197246,0.5045992177405598,0.4033721312716429,1.9817651946429202,-1.2994051101335284,0,1,0.0,0.0,1.0524965292687394,3,3
2025-12-24,J. ARANGO,-0.6234816943294244,-1.2129933241753998,222.0,-2.0568829157620283,0.49199283845935954,18.0,1.5842321799407666,,,0,0,3.2990322466588626,1,False,False,True,False,False,False,False,False,0.10227272727272728,0.1791044776119403,0.5140030005987641,0.3031198288786736,1.945518658729309,3.2990322466588626,0.49199283845935954,1,0,-0.0,-0.0,-2.0568829157620283,1,0
2025-12-24,M. ARAMBARRI,1.9249847664472741,0.8221172501867526,9.0,1.0524965292687394,-0.9411255204149508,18.0,1.5842321799407666,,,0,0,0.5467554865152129,0,False,True,False,False,False,False,False,False,0.17117117117117117,0.1791044776119403,2.3414937766069466,1.8289684421252057,0.4270770540314386,0.5467554865152129,-0.9411255204149508,0,1,0.0,1.0524965292687394,0.0,3,3
2025-12-24,C. ÁLVAREZ,1.2122984075312182,0.6106771905127628,12.0,0.9143018872673718,-0.9070036547274671,18.0,1.5842321799407666,,,0,0,0.7541881828757946,0,False,True,False,False,False,False,False,False,0.125,0.1791044776119403,1.9851673538779864,1.3259264784282616,0.503734627534277,0.7541881828757946,-0.9070036547274671,0,1,0.0,0.9143018872673718,0.0,3,3
2025-12-24,B. SANTAMARIA,-0.623721979683071,-0.2615130556424454,19.0,-0.3985472117456189,0.611419368365552,18.0,1.5842321799407666,,,0,0,0.6389831747332457,1,False,True,False,False,False,False,False,False,0.22413793103448276,0.1791044776119403,2.3850601386264962,1.564992869838581,0.4192789150291643,0.6389831747332457,0.611419368365552,1,0,-0.0,-0.3985472117456189,-0.0,1,1
2025-12-24,D. FERNÁNDEZ,-0.6290082574632979,-0.8694032272051663,3.0,0.22332867726053457,-0.2075054081340538,18.0,1.5842321799407666,,,0,0,-0.3550494443596553,0,False,True,False,False,False,False,False,False,0.30337078651685395,0.1791044776119403,0.7234951070752906,-2.8165009916237063,1.3821831415925996,-0.3550494443596553,-0.2075054081340538,0,1,0.0,0.22332867726053457,0.0,0,2
2025-12-24,D. RICO,-0.38103377249992326,-0.050072995968455554,9.0,-0.12215792774288405,-0.6169677963838568,18.0,1.5842321799407666,,,0,0,0.3205969054614814,0,True,False,False,False,False,False,False,False,0.17117117117117117,0.1791044776119403,7.609718069556636,3.119215418563271,0.1314138824330803,0.3205969054614814,-0.6169677963838568,0,1,-0.12215792774288405,-0.0,-0.0,2,1
2025-12-24,J. SÁNCHEZ,-0.49300674729927657,-0.3143730705609429,17.0,-0.2603525697442513,-0.5487240650088896,18.0,1.5842321799407666,,,0,0,0.5280923623517225,0,True,False,False,False,False,False,False,False,0.17708333333333334,0.1791044776119403,1.5682269306544656,1.8936192617681051,0.6376661373282213,0.5280923623517225,-0.5487240650088896,0,1,-0.2603525697442513,-0.0,-0.0,2,1
2025-12-24,M. DIAKHABY,-0.5437069569187262,-0.3408030780201916,19.0,1.190691171270107,0.9696989580841295,18.0,1.5842321799407666,,,0,0,-2.189954250304624,1,True,False,False,False,False,False,False,False,0.22413793103448276,0.1791044776119403,1.595374535499496,-0.45663100004995916,0.6268150526648272,-2.189954250304624,0.9696989580841295,1,0,1.190691171270107,0.0,0.0,2,3
2025-12-24,M. RYAN,1.346377634866066,0.5049571606757678,12.0,1.121593850269423,-0.6169677963838568,18.0,1.5842321799407666,,,0,0,0.833044896305114,0,False,False,False,False,False,False,False,False,0.125,0.1791044776119403,2.6663152310762857,1.200413531269912,0.37504840584907195,0.833044896305114,-0.6169677963838568,0,1,0.0,0.0,0.0,3,3
2025-12-24,J. AGIRREZABALA,1.0003667256148456,0.7428272278090065,19.0,0.9833992082680559,-0.9752473861024343,18.0,1.5842321799407666,,,0,0,0.9830377201180092,0,False,False,False,False,False,False,False,False,0.22413793103448276,0.1791044776119403,1.3466999343380588,1.017252912094325,0.7425541716196915,0.9830377201180092,-0.9752473861024343,0,1,0.0,0.0,0.0,3,3
2025-12-24,A. SIVERA,0.7223565714456356,0.8221172501867526,48.0,1.0524965292687394,0.2702007114907163,18.0,1.5842321799407666,,,0,0,1.4570298296485011,1,False,False,False,False,False,False,False,False,0.11224489795918367,0.1791044776119403,0.8786528839148685,0.6863261445825141,1.1381029045510944,1.4570298296485011,0.2702007114907163,1,0,0.0,0.0,0.0,3,3
2025-12-24,P. CAMPOS,-0.6309305402924714,-0.9222632421236637,12.0,1.7434697392755767,,18.0,1.5842321799407666,,,0,0,-2.7633350920094504,0,False,False,False,False,False,False,False,False,0.125,0.1791044776119403,0.6841118626299261,-0.3618819209748408,1.4617531486893809,-2.7633350920094504,,0,0,0.0,0.0,0.0,0,3
2025-12-25,Á. FORÉS,-0.6275665453414179,-0.6315331600719277,1370.0,-0.5367418537469861,0.3384444428656835,18.0,1.267916252845017,,,0,0,0.855276166340489,1,False,False,True,False,False,False,False,False,0.09649122807017543,0.1791044776119403,0.9937206448361107,1.1692170271004674,1.006322231613833,0.855276166340489,0.3384444428656835,1,0,-0.0,-0.0,-0.5367418537469861,1,1
2025-12-25,M. JAUREGIZAR,0.8761391977795115,0.5578171755942654,1.0,0.4997179612632697,0.7820286968029699,18.0,1.267916252845017,Maldinillo 💥,-6.4321,0,1,0.5703630109995571,1,False,True,False,False,False,False,False,False,0.14035087719298245,0.1791044776119403,1.5706537293198208,1.753263865682956,0.6366757021399045,0.5703630109995571,0.7820286968029699,1,0,0.0,0.4997179612632697,0.0,3,2
2025-12-25,S. COLOMBATTO,-0.5187172801394714,-0.15579302580545049,1370.0,0.08513403525916731,-0.7875771248212746,18.0,1.267916252845017,,,0,0,-0.1641244713512301,0,False,True,False,False,False,False,False,False,0.09649122807017543,0.1791044776119403,3.3295496188439944,-6.092876787569264,0.30034342813293075,-0.1641244713512301,-0.7875771248212746,0,1,0.0,0.08513403525916731,0.0,2,2
2025-12-25,B. DÍAZ,-0.5708592018808012,-0.5522431376941814,15.0,-0.6058391747476699,-1.1970395130710776,18.0,1.267916252845017,,,0,0,1.0612778668180947,0,False,True,False,False,False,False,True,False,0.17857142857142858,0.1791044776119403,1.0337117777074256,0.9422635048023553,0.9673910891964259,1.0612778668180947,-1.1970395130710776,0,1,-0.0,-0.6058391747476699,-0.0,2,0
2025-12-25,D. VIVIAN,0.8989663063759462,-0.050072995968455554,1.0,-0.12215792774288405,-1.3505879086647539,18.0,1.267916252845017,,,0,0,-0.13588695259157496,0,True,False,False,False,False,False,False,False,0.14035087719298245,0.1791044776119403,-17.953474571740234,-7.3591103098801804,-0.0557005751080286,-0.13588695259157496,-1.3505879086647539,0,1,-0.12215792774288405,-0.0,-0.0,3,1
2025-12-25,R. ARAÚJO,0.699529462849201,0.3199471084610267,3.0,1.6052750972742091,-1.487075371414688,18.0,1.267916252845017,,,0,0,2.2947894087927105,0,True,False,False,False,False,True,False,False,0.30337078651685395,0.1791044776119403,2.186384117768309,0.43576893970888625,0.4573740894111687,2.2947894087927105,-1.487075371414688,0,1,1.6052750972742091,0.0,0.0,3,3
2025-12-25,D. RICO,-0.3906451866457905,-0.050072995968455554,9.0,-0.12215792774288405,-0.5828459306963732,18.0,1.267916252845017,,,0,0,0.3127089354426987,0,True,False,False,False,False,False,False,False,0.17117117117117117,0.1791044776119403,7.801669957232979,3.197896295067445,0.12818057372976685,0.3127089354426987,-0.5828459306963732,0,1,-0.12215792774288405,-0.0,-0.0,2,1
2025-12-25,A. DE LA FUENTE,-0.5869583205751289,-0.10293301088695302,12.0,0.1542313562598511,0.6967240325842611,18.0,1.267916252845017,,,0,0,-0.26276417527040613,1,True,False,False,False,False,False,False,False,0.125,0.1791044776119403,5.702388552573472,-3.8056756364807125,0.17536711321036824,-0.26276417527040613,0.6967240325842611,1,0,0.1542313562598511,0.0,0.0,1,2
2025-12-25,F. GARCÍA,-0.6044991513913366,-1.0279832719606588,15.0,-1.2277150637538237,-0.5146021993214059,18.0,1.267916252845017,,,0,0,2.030965786955786,0,True,False,False,False,False,False,False,False,0.17857142857142858,0.1791044776119403,0.5880443348875873,0.49237780134491343,1.7005565188158347,2.030965786955786,-0.5146021993214059,0,1,-1.2277150637538237,-0.0,-0.0,1,0
2025-12-25,D. FOULQUIER,-0.6309305402924714,-0.605103152612679,19.0,-0.4676445327463027,,18.0,1.267916252845017,,,0,0,0.7411992986245708,0,True,False,False,False,False,False,False,False,0.22413793103448276,0.1791044776119403,1.0426843427481987,1.3491698187019558,0.9590661301611898,0.7411992986245708,,0,0,-0.4676445327463027,-0.0,-0.0,0,1
2025-12-26,S. AMRABAT,1.1582342029607149,-0.02364298850920682,4.0,1.8125670602762602,-1.6747456326958476,18.0,0.9516003257492676,,,0,0,1.5649386719061233,0,False,True,False,False,False,False,True,False,0.19230769230769232,0.1791044776119403,-48.99055773204812,0.6390017723164471,-0.02041294242203131,1.5649386719061233,-1.6747456326958476,0,1,0.0,1.8125670602762602,0.0,3,3
2025-12-26,B. MENDY,-0.14291098703606248,0.13493705624628557,17.0,0.637912603264637,1.0379426894590968,18.0,0.9516003257492676,Jotabetrbb,-2.991,2,1,-4.463737045218985,1,False,True,False,False,False,False,False,False,0.17708333333333334,0.1791044776119403,-1.0590858577006987,-0.2240287498255092,-0.9442101216637506,-4.463737045218985,1.0379426894590968,1,0,0.0,0.637912603264637,0.0,2,2
2025-12-26,H. SOTELO,-0.38487833815827016,0.0027870189500419124,5.0,0.5688152822639532,-0.8046380576650164,18.0,0.9516003257492676,,,0,0,-1.4779131579579872,0,False,True,False,False,False,True,False,False,0.16049382716049382,0.1791044776119403,-138.04724611089327,-0.6766303113307707,-0.007241317359391599,-1.4779131579579872,-0.8046380576650164,0,1,0.0,0.5688152822639532,0.0,2,2
2025-12-26,L. ASTIAZARAN,-0.6220399822075442,-1.2129933241753998,16.0,-2.0568829157620283,0.44081003992813417,18.0,0.9516003257492676,,,0,0,3.3066784793171475,1,False,True,False,False,False,False,False,False,0.12037037037037036,0.1791044776119403,0.5128144422763854,0.30241890768780105,1.9500278260224582,3.3066784793171475,0.44081003992813417,1,0,-0.0,-2.0568829157620283,-0.0,1,0
2025-12-26,F. BELTRÁN,-0.6232414089757776,-0.6315331600719277,5.0,-0.5367418537469861,-0.4804803336339225,18.0,0.9516003257492676,,,0,0,0.8612115742447739,0,False,True,False,False,False,False,False,False,0.16049382716049382,0.1791044776119403,0.9868720049107146,1.1611588807241549,1.0133058623553923,0.8612115742447739,-0.4804803336339225,0,1,-0.0,-0.5367418537469861,-0.0,1,1
2025-12-26,H. ÁLVAREZ,-0.6302096842315315,-0.4729531153164353,5.0,0.08513403525916731,-0.5316631321651478,18.0,0.9516003257492676,,,0,0,-0.13508864188848602,0,False,True,False,False,False,False,False,False,0.16049382716049382,0.1791044776119403,1.332502094445398,-7.402471641822345,0.7504706411546017,-0.13508864188848602,-0.5316631321651478,0,1,0.0,0.08513403525916731,0.0,0,2
2025-12-26,A. CATENA,1.788502685575959,0.7692572352682552,50.0,1.190691171270107,0.9696989580841295,18.0,0.9516003257492676,Dani,-10.50159,0,1,0.6657471163592621,1,True,False,False,False,False,False,False,False,0.18181818181818182,0.1791044776119403,2.3249704762046175,1.5020697445824052,0.43011218901711584,0.6657471163592621,0.9696989580841295,1,0,1.190691171270107,0.0,0.0,3,3
2025-12-26,N. MOLINA,-0.4617696513252081,-0.4729531153164353,2.0,-0.5367418537469861,-0.8558208561962418,18.0,0.9516003257492676,,,0,0,1.1623609619375763,0,True,False,False,False,False,False,False,False,0.2857142857142857,0.1791044776119403,0.9763560334564834,0.860321416008481,1.024220925260148,1.1623609619375763,-0.8558208561962418,0,1,-0.5367418537469861,-0.0,-0.0,2,1
2025-12-26,J. CABELLO,-0.629729113524238,-0.9222632421236637,12.0,-0.5367418537469861,-0.5146021993214059,18.0,0.9516003257492676,,,0,0,0.8523390368315312,0,True,False,False,False,False,False,False,False,0.125,0.1791044776119403,0.682809167243127,1.1732461002886239,1.464541954403575,0.8523390368315312,-0.5146021993214059,0,1,-0.5367418537469861,-0.0,-0.0,0,1
2025-12-26,D. CALVO,-0.6309305402924714,-0.4465231078571866,1370.0,0.1542313562598511,-0.24162727382153742,18.0,0.9516003257492676,,,0,0,-0.24445099874124798,0,True,False,False,False,False,False,False,False,0.09649122807017543,0.1791044776119403,1.412988358673307,-4.090779364282537,0.707722620897094,-0.24445099874124798,-0.24162727382153742,0,1,0.1542313562598511,0.0,0.0,0,2
2025-12-27,A. SØRLOTH,0.8814254755597384,0.0820770413277881,2.0,-0.05306060674220026,-0.36105380372772994,18.0,0.635284398653518,Maldinillo 💥,-6.46435,0,1,-0.060198562459228167,0,False,False,True,False,False,False,False,False,0.2857142857142857,0.1791044776119403,10.738870729622608,-16.61198658788227,0.09311842065518414,-0.060198562459228167,-0.36105380372772994,0,1,-0.0,-0.0,-0.05306060674220026,3,1
2025-12-27,G. GURUZETA,-0.16621866633979052,-0.36723308547944034,1.0,-0.6749364957483537,-1.1458567145398522,18.0,0.635284398653518,,,0,0,4.060558126045486,0,False,False,True,False,False,False,False,False,0.14035087719298245,0.1791044776119403,0.45262566347595556,0.24627341040270953,2.2093505074768887,4.060558126045486,-1.1458567145398522,0,1,-0.0,-0.0,-0.6749364957483537,2,0
2025-12-27,J. ARANGO,-0.6294888281705914,-1.2129933241753998,222.0,-2.0568829157620283,-0.3439928708839881,18.0,0.635284398653518,,,0,0,3.267549940941213,0,False,False,True,False,False,False,False,False,0.10227272727272728,0.1791044776119403,0.5189553269420084,0.3060403338406425,1.9269527858871933,3.267549940941213,-0.3439928708839881,0,1,-0.0,-0.0,-2.0568829157620283,0,0
2025-12-27,A. BARRENETXEA,2.02374204679606,1.1392773396977374,16.0,2.019859023278312,-0.27574913950902097,18.0,0.635284398653518,Maldinillo 💥,-11.21389,0,1,0.9980807723965268,0,False,True,False,False,False,True,False,False,0.12037037037037036,0.1791044776119403,1.776336805747558,1.0019219270013806,0.5629555301012217,0.9980807723965268,-0.27574913950902097,0,1,0.0,2.019859023278312,0.0,3,3
2025-12-27,C. MARTÍN,-0.6227608382684843,-1.2129933241753998,2.0,-2.0568829157620283,0.5090537713031014,18.0,0.635284398653518,,,0,0,3.30285093765996,1,False,True,False,False,False,False,False,False,0.2857142857142857,0.1791044776119403,0.5134087214375748,0.30276936828323736,1.9477706326535047,3.30285093765996,0.5090537713031014,1,0,-0.0,-2.0568829157620283,-0.0,1,0
2025-12-27,P. DÍAZ,-0.6309305402924714,-0.2350830481831967,14.0,-0.2603525697442513,,18.0,0.635284398653518,,,0,0,0.412649199502631,0,False,True,False,False,False,False,False,False,0.15384615384615385,0.1791044776119403,2.6838737588367216,2.4233790520727316,0.37259794187829987,0.412649199502631,,0,0,-0.0,-0.2603525697442513,-0.0,0,1
2025-12-27,J. HERNANDEZ,-0.6309305402924714,-1.2129933241753998,8.0,-2.0568829157620283,,18.0,0.635284398653518,,,0,0,3.260083391892773,0,False,True,False,False,False,False,False,False,0.0641025641025641,0.1791044776119403,0.520143885264387,0.306741255031515,1.9225495823402232,3.260083391892773,,0,0,-0.0,-2.0568829157620283,-0.0,0,0
2025-12-27,A. MATTURRO,-0.6258845478658911,-0.9751232570421612,12.0,-0.8131311377497211,0.2531397786469745,18.0,0.635284398653518,Libre,-0.181,0,1,1.2991732096526554,1,True,False,False,False,False,False,False,False,0.125,0.1791044776119403,0.6418523865554941,0.769722482059245,1.5579947106248304,1.2991732096526554,0.2531397786469745,1,0,-0.8131311377497211,-0.0,-0.0,1,0
2025-12-27,H. RINCÓN,-0.6309305402924714,-0.39366309293868906,222.0,-0.6058391747476699,-0.03689607969663593,18.0,0.635284398653518,,,0,0,0.9602326980391968,0,True,False,False,False,False,False,False,False,0.10227272727272728,0.1791044776119403,1.6027210940798806,1.0414176038927432,0.6239414511423954,0.9602326980391968,-0.03689607969663593,0,1,-0.6058391747476699,-0.0,-0.0,0,0
2025-12-27,J. AIDOO,-0.6309305402924714,-1.107273294338405,5.0,-0.6749364957483537,-0.2586882066652792,18.0,0.635284398653518,,,0,0,1.06974939774651,0,True,False,False,False,False,False,False,False,0.16049382716049382,0.1791044776119403,0.5698061294574812,0.9348012428845656,1.754987242830826,1.06974939774651,-0.2586882066652792,0,1,-0.6749364957483537,-0.0,-0.0,0,0
2025-12-28,G. KOYALIPOU,-0.6280471160487112,-0.49938312277568403,12.0,-0.3294498907449351,0.3043225771781998,18.0,0.3189684715577685,,,0,0,0.5245632165001447,1,False,False,True,False,False,True,False,False,0.125,0.1791044776119403,1.2576483766737117,1.9063567481699488,0.7951376658731728,0.5245632165001447,0.3043225771781998,1,0,-0.0,-0.0,-0.3294498907449351,1,1
2025-12-28,M. ARAMBARRI,1.8560228699506764,0.8221172501867526,9.0,1.0524965292687394,-1.162917647383594,18.0,0.3189684715577685,,,0,0,0.5670705782984943,0,False,True,False,False,False,False,False,False,0.17117117117117117,0.1791044776119403,2.2576105925504777,1.7634462963919881,0.4429454079211817,0.5670705782984943,-1.162917647383594,0,1,0.0,1.0524965292687394,0.0,3,3
2025-12-28,Á. BERENGUER,1.0025292937976658,0.5842471830535141,1.0,0.9143018872673718,2.3516345184272147,18.0,0.3189684715577685,Maldinillo 💥,-8.21945,3,1,0.9119942738128366,1,False,True,False,False,False,False,False,False,0.14035087719298245,0.1791044776119403,1.7159305289715197,1.0964958196664796,0.5827725971654568,0.9119942738128366,2.3516345184272147,1,0,0.0,0.9143018872673718,0.0,3,3
2025-12-28,P. GUEYE,0.5563193920757791,0.3199471084610267,20.0,1.0524965292687394,-1.828294028289524,18.0,0.3189684715577685,,,0,0,1.891889177999741,0,False,True,False,False,False,False,True,False,0.2376237623762376,0.1791044776119403,1.7387800626536447,0.5285707344722245,0.5751130338171122,1.891889177999741,-1.828294028289524,0,1,0.0,1.0524965292687394,0.0,3,3
2025-12-28,A. LISO,0.030815323650487933,0.3463771159202754,9.0,0.8452045662666884,-1.5553191027896551,18.0,0.3189684715577685,,,0,0,27.427170607786167,0,False,True,False,False,False,False,False,False,0.17117117117117117,0.1791044776119403,0.08896440691299501,0.036458969131735165,11.240053156528651,27.427170607786167,-1.5553191027896551,0,1,0.0,0.8452045662666884,0.0,2,3
2025-12-28,O. EJARIA,-0.6213191261466041,-0.7636831973681714,1370.0,-0.3985472117456189,0.7820286968029699,18.0,0.3189684715577685,,,0,0,0.6414543451635581,1,False,True,False,False,False,True,False,False,0.09649122807017543,0.1791044776119403,0.8135833574329951,1.5589638236059185,1.2291339415840177,0.6414543451635581,0.7820286968029699,1,0,-0.0,-0.3985472117456189,-0.0,1,1
2025-12-28,R. BRUGUÉ,-0.6290082574632979,-0.39366309293868906,12.0,-0.6058391747476699,-0.4463584679464389,18.0,0.3189684715577685,,,0,0,0.9631672251142829,0,False,True,False,True,False,False,False,False,0.125,0.1791044776119403,1.5978380157656247,1.0382446727218506,0.6258482525722829,0.9631672251142829,-0.4463584679464389,0,1,-0.0,-0.6058391747476699,-0.0,0,0
2025-12-28,H. ÁLVAREZ,-0.6309305402924714,-0.4729531153164353,5.0,0.08513403525916731,,18.0,0.3189684715577685,,,0,0,-0.13493429903393472,0,False,True,False,False,False,False,False,False,0.16049382716049382,0.1791044776119403,1.3340262573312276,-7.410938849931739,0.7496132057744433,-0.13493429903393472,,0,0,0.0,0.08513403525916731,0.0,0,2
2025-12-28,R. VEIGA,1.3884275717542354,-0.2350830481831967,20.0,-0.2603525697442513,-2.6874826063003603,18.0,0.3189684715577685,,,0,0,-0.18751599833133953,0,True,False,False,False,True,False,False,False,0.2376237623762376,0.1791044776119403,-5.9061403560353956,-5.332894950923922,-0.16931591078263158,-0.18751599833133953,-3.1078639915701576,0,1,-0.2603525697442513,-0.0,-0.0,3,1
2025-12-28,M. RUGGERI,-0.36853893411029587,-0.15579302580545049,2.0,0.22332867726053457,0.5772975026780686,18.0,0.3189684715577685,Maldinillo 💥,-1.52228,0,1,-0.6059855895151809,1,True,False,False,False,False,False,False,False,0.2857142857142857,0.1791044776119403,2.365582783874438,-1.6502013464173926,0.4227326725037342,-0.6059855895151809,0.5772975026780686,1,0,0.22332867726053457,0.0,0.0,2,2
2025-12-28,I. BALLIU,-0.624442835744011,-0.7372531899089226,14.0,-0.4676445327463027,0.16783511442826554,18.0,0.3189684715577685,,,0,0,0.7489000671921874,1,True,False,False,False,False,True,False,False,0.15384615384615385,0.1791044776119403,0.8469867492982996,1.3352966351889488,1.1806595069507138,0.7489000671921874,0.16783511442826554,1,0,-0.4676445327463027,-0.0,-0.0,1,1
2025-12-28,V. PARADA,-0.6309305402924714,-0.4465231078571866,48.0,-0.6058391747476699,,18.0,0.3189684715577685,,,0,0,0.9602326980391968,0,True,False,False,False,False,False,False,True,0.11224489795918367,0.1791044776119403,1.412988358673307,1.0414176038927432,0.707722620897094,0.9602326980391968,,0,0,-0.6058391747476699,-0.0,-0.0,0,0
2025-12-28,M. MOREY,-0.6309305402924714,-0.36723308547944034,408.0,-0.05306060674220026,,18.0,0.3189684715577685,,,0,0,0.08409910038069177,0,True,False,False,False,False,False,False,False,0.10833333333333334,0.1791044776119403,1.7180703027862045,11.890976564488351,0.5820508662650462,0.08409910038069177,,0,0,-0.05306060674220026,-0.0,-0.0,0,1
2025-12-28,M. RYAN,1.2942357131247366,0.5049571606757678,12.0,1.121593850269423,-0.9752473861024343,18.0,0.3189684715577685,,,0,0,0.8666064243854636,0,False,False,False,False,False,False,False,False,0.125,0.1791044776119403,2.5630553457987615,1.153924443228179,0.39015827286851257,0.8666064243854636,-0.9752473861024343,0,1,0.0,0.0,0.0,3,3
2025-12-29,B. IGLESIAS,2.556935246538045,1.0335573098607425,5.0,1.6052750972742091,-1.9306596253519743,18.0,0.0026525444620189103,,,0,0,0.627811936823871,0,False,False,True,False,False,True,False,False,0.16049382716049382,0.1791044776119403,2.4739148455809485,1.592832068501968,0.40421708255734723,0.627811936823871,-1.9306596253519743,0,1,0.0,0.0,1.6052750972742091,3,3
2025-12-29,A. BUDIMIR,1.9542995795921692,0.7692572352682552,50.0,1.190691171270107,1.0379426894590968,18.0,0.0026525444620189103,Maldinillo 💥,-11.519,2,1,0.6092671637638182,1,False,False,True,False,False,False,False,False,0.18181818181818182,0.1791044776119403,2.540498742806006,1.6413138733477395,0.3936227841823527,0.6092671637638182,1.0379426894590968,1,0,0.0,0.0,1.190691171270107,3,3
2025-12-29,G. GARCÍA,-0.6268456892804779,-0.7901132048274201,15.0,-1.2277150637538237,-0.2245663409777956,18.0,0.0026525444620189103,,,0,0,1.95856339656168,0,False,False,True,False,False,False,False,False,0.17857142857142858,0.1791044776119403,0.7933628735900826,0.5105795459928612,1.2604608738639065,1.95856339656168,-0.2245663409777956,0,1,-0.0,-0.0,-1.2277150637538237,1,0
2025-12-29,A. BOAYAR,-0.6309305402924714,-1.1337033017976537,23.0,-1.0204231007517723,0.03134765167833123,18.0,0.0026525444620189103,,,0,0,1.6173328962830757,1,False,False,True,False,False,False,False,False,0.1746031746031746,0.1791044776119403,0.5565222362978686,0.6183034842421071,1.7968778277081754,1.6173328962830757,0.03134765167833123,1,0,-0.0,-0.0,-1.0204231007517723,0,0
2025-12-29,M. BUENO,-0.625163691804951,-1.0279832719606588,17.0,-0.4676445327463027,0.5090537713031014,18.0,0.0026525444620189103,,,0,0,0.748036533332041,1,False,True,False,False,False,False,False,False,0.17708333333333334,0.1791044776119403,0.608146374560121,1.3368381000237273,1.6443452007551767,0.748036533332041,0.5090537713031014,1,0,-0.0,-0.4676445327463027,-0.0,1,1
2025-12-29,H. SOLOZÁBAL,-0.6309305402924714,-1.1601333092569024,9.0,-0.6749364957483537,-0.36105380372772994,18.0,0.0026525444620189103,,,0,0,1.06974939774651,0,False,True,False,False,False,False,False,False,0.17117117117117117,0.1791044776119403,0.5438436075421434,0.9348012428845656,1.8387684125855246,1.06974939774651,-0.36105380372772994,0,1,-0.0,-0.6749364957483537,-0.0,0,0
2025-12-29,U. GÓMEZ,-0.6309305402924714,-0.6843931749904252,1.0,-0.8131311377497211,-0.17338354244657025,18.0,0.0026525444620189103,,,0,0,1.2887827971611363,0,False,True,False,False,False,False,False,False,0.14035087719298245,0.1791044776119403,0.9218845032839517,0.7759281214671566,1.0847378847932376,1.2887827971611363,-0.17338354244657025,0,1,-0.0,-0.8131311377497211,-0.0,0,0
2025-12-29,S. MOURIÑO,0.654355816363625,-0.20865304072394794,20.0,0.5688152822639532,-1.725928431227073,18.0,0.0026525444620189103,,,0,0,0.8692738702180239,0,True,False,False,False,False,True,False,False,0.2376237623762376,0.1791044776119403,-3.136110311182409,1.1503816553197366,-0.31886737557571304,0.8692738702180239,-1.725928431227073,0,1,0.5688152822639532,0.0,0.0,3,2
2025-12-29,A. FRANCÉS,-0.6227608382684843,-0.8694032272051663,222.0,-0.9513257797510886,0.15077418158452377,18.0,0.0026525444620189103,,,0,0,1.527596548929915,1,True,False,False,False,False,False,False,False,0.10227272727272728,0.1791044776119403,0.7163092280893384,0.6546248468703064,1.3960489642724023,1.527596548929915,0.15077418158452377,1,0,-0.9513257797510886,-0.0,-0.0,1,0
2025-12-29,W. SZCZĘSNY,-0.4387022573751267,-0.3143730705609429,3.0,1.8816643812769442,-0.599906863540115,18.0,0.0026525444620189103,,,0,0,-4.289170248873853,0,False,False,False,False,False,False,False,False,0.30337078651685395,0.1791044776119403,1.395487380899766,-0.23314573448623083,0.7165994290554935,-4.289170248873853,-0.599906863540115,0,1,0.0,0.0,0.0,2,3
2025-12-30,A. SÁNCHEZ,0.5531956824783723,0.10850704878703685,17.0,0.8452045662666884,2.6478123125945703,18.0,-0.3136633826337306,Libre,-5.44401,1,1,1.527855450036493,1,False,False,True,False,False,False,False,False,0.17708333333333334,0.1791044776119403,5.098199522176469,0.6545102216042694,0.19614551609549652,1.527855450036493,3.0511327650206277,1,0,0.0,0.0,0.8452045662666884,3,3
2025-12-30,A. SÁNCHEZ,0.5531956824783723,0.10850704878703685,17.0,0.8452045662666884,-0.15632260960282846,18.0,-0.3136633826337306,Libre,-5.44401,1,1,1.527855450036493,0,False,False,True,False,False,False,False,False,0.17708333333333334,0.1791044776119403,5.098199522176469,0.6545102216042694,0.19614551609549652,1.527855450036493,-0.15632260960282846,0,1,0.0,0.0,0.8452045662666884,3,3
2025-12-30,M. ARAMBARRI,1.8190189254890876,0.8221172501867526,9.0,1.0524965292687394,-1.2994051101335284,18.0,-0.3136633826337306,,,0,0,0.5786063772697543,0,False,True,False,False,False,False,False,False,0.17117117117117117,0.1791044776119403,2.2126001035445677,1.7282880718522131,0.4519561543371805,0.5786063772697543,-1.2994051101335284,0,1,0.0,1.0524965292687394,0.0,3,3
2025-12-30,U. LÓPEZ,-0.3007784643819318,-0.07650300342770429,14.0,-0.05306060674220026,-0.7193333934463075,18.0,-0.3136633826337306,,,0,0,0.17641151025471474,0,False,True,False,False,False,False,False,False,0.15384615384615385,0.1791044776119403,3.9316416682626176,5.668690042188186,0.25435084900695754,0.17641151025471474,-0.7193333934463075,0,1,-0.0,-0.05306060674220026,-0.0,2,1
2025-12-30,A. REBBACH,-0.601856012501223,0.0027870189500419124,48.0,0.22332867726053457,-0.24162727382153742,18.0,-0.3136633826337306,Los marinero,-0.551,0,1,-0.3710672381582612,0,False,True,False,False,False,False,False,False,0.11224489795918367,0.1791044776119403,-215.8722818193812,-2.6949217850662217,-0.0046307148601445755,-0.3710672381582612,-0.24162727382153742,0,1,0.0,0.22332867726053457,0.0,1,2
2025-12-30,A. BALDE,2.0737214003545694,0.3199471084610267,3.0,0.7761072452660043,0.42374910708439234,18.0,-0.3136633826337306,Dani,-11.80764,2,1,0.3742580227388699,1,True,False,False,False,False,False,False,False,0.30337078651685395,0.1791044776119403,6.48143041172932,2.671948678555553,0.15428637333826428,0.3742580227388699,0.42374910708439234,1,0,0.7761072452660043,0.0,0.0,3,3
2025-12-30,R. MARÍN,1.3396496449639592,0.3199471084610267,20.0,1.2597884922707905,-1.572380035633397,18.0,-0.3136633826337306,,,0,0,0.9403858364168389,0,True,False,False,False,False,False,False,False,0.2376237623762376,0.1791044776119403,4.187084122509022,1.0633916643876904,0.23882876454677054,0.9403858364168389,-1.572380035633397,0,1,1.2597884922707905,0.0,0.0,3,3
2025-12-30,D. VIVIAN,0.7867530462229461,-0.050072995968455554,1.0,-0.12215792774288405,-1.1117348488523686,18.0,-0.3136633826337306,,,0,0,-0.15526825483687134,0,True,False,False,False,False,False,False,False,0.14035087719298245,0.1791044776119403,-15.712436283118935,-6.440511076693941,-0.06364504410094401,-0.15526825483687134,-1.1117348488523686,0,1,-0.12215792774288405,-0.0,-0.0,3,1
2025-12-30,J. ÁNGEL CARMONA,0.5224391572115971,0.37280712337952415,17.0,0.7070099242653208,-1.3847097743522372,18.0,-0.3136633826337306,,,0,0,1.353284035512932,0,True,False,False,False,False,False,False,False,0.17708333333333334,0.1791044776119403,1.4013620531539392,0.7389407140412737,0.7135881846627096,1.353284035512932,-1.3847097743522372,0,1,0.7070099242653208,0.0,0.0,3,3
2025-12-30,A. MARTÍNEZ,0.44434641727642576,0.1613670637055343,222.0,0.3615233192619022,-1.8453549611332656,18.0,-0.3136633826337306,,,0,0,0.8136050873836874,0,True,False,False,False,False,False,False,False,0.10227272727272728,0.1791044776119403,2.7536205558447584,1.2290913601154563,0.3631551741531759,0.8136050873836874,-1.8453549611332656,0,1,0.3615233192619022,0.0,0.0,3,2
2025-12-30,V. CHUST,-0.22821228758063414,-0.15579302580545049,23.0,0.22332867726053457,-0.7193333934463075,18.0,-0.3136633826337306,,,0,0,-0.9786048693214862,0,True,False,False,False,False,False,False,False,0.1746031746031746,0.1791044776119403,1.4648521732788842,-1.0218627921734,0.682670114423696,-0.9786048693214862,-0.7193333934463075,0,1,0.22332867726053457,0.0,0.0,2,2
2025-12-30,D. DUARTE,-0.4523985225329875,-0.07650300342770429,9.0,-0.05306060674220026,-0.3269319380402464,18.0,-0.3136633826337306,,,0,0,0.11728757143742147,0,True,False,False,False,False,False,False,False,0.17117117117117117,0.1791044776119403,5.913551309287108,8.526232105922833,0.16910570818195828,0.11728757143742147,-0.3269319380402464,0,1,-0.05306060674220026,-0.0,-0.0,2,1
2025-12-30,O. LUENGO,-0.6266054039268312,-1.0808432868791562,1370.0,-0.3294498907449351,0.372566308553167,18.0,-0.3136633826337306,,,0,0,0.5257701488855241,1,True,False,False,False,False,False,False,False,0.09649122807017543,0.1791044776119403,0.5797380538617739,1.9019806152935559,1.7249213061792759,0.5257701488855241,0.372566308553167,1,0,-0.3294498907449351,-0.0,-0.0,1,1
2025-12-30,I. BALLIU,-0.623001123622131,-0.7372531899089226,14.0,-0.4676445327463027,0.6626021668967774,18.0,-0.3136633826337306,,,0,0,0.7506331299380988,1,True,False,False,False,False,True,False,False,0.15384615384615385,0.1791044776119403,0.8450312283224201,1.3322137055193919,1.1833917232993836,0.7506331299380988,0.6626021668967774,1,0,-0.4676445327463027,-0.0,-0.0,1,1
2025-12-30,M. RYAN,1.2533872030048008,0.5049571606757678,12.0,1.121593850269423,-1.5553191027896551,18.0,-0.3136633826337306,,,0,0,0.8948495347096601,0,False,False,False,False,False,False,False,False,0.125,0.1791044776119403,2.4821605047979354,1.117504420338342,0.40287371419741513,0.8948495347096601,-1.5553191027896551,0,1,0.0,0.0,0.0,3,3
2025-12-31,D. MORCILLO,-0.6309305402924714,-1.1865633167161511,48.0,-1.365909705755191,,18.0,-0.6299793097294802,,,0,0,2.1649163948196417,0,False,False,True,False,False,False,False,False,0.11224489795918367,0.1791044776119403,0.5317297974189773,0.4619126722262445,1.8806589974628738,2.1649163948196417,,0,0,-0.0,-0.0,-1.365909705755191,0,0
2025-12-31,S. DARDER,1.0306426801743274,0.4785271532165191,408.0,0.5688152822639532,1.566831607615092,18.0,-0.6299793097294802,,,0,0,0.5519029449321821,1,False,True,False,False,False,False,False,False,0.10833333333333334,0.1791044776119403,2.1537764774061134,1.8119078379266023,0.4642993135470244,0.5519029449321821,1.566831607615092,1,0,0.0,0.5688152822639532,0.0,3,2
2025-12-31,T. ALMADA,0.7459045361030103,0.029217026409290647,2.0,0.9143018872673718,-1.811233095445782,18.0,-0.6299793097294802,,,0,0,1.2257609616951626,0,False,True,False,False,False,False,False,False,0.2857142857142857,0.1791044776119403,25.52891580198689,0.8158177628994883,0.039169874729627616,1.2257609616951626,-1.811233095445782,0,1,0.0,0.9143018872673718,0.0,3,3
2025-12-31,T. ALEXANDER-ARNOLD,0.538297990552278,-0.6315331600719277,15.0,-0.12215792774288405,-1.6576846998521058,18.0,-0.6299793097294802,,,0,0,-0.22693322834871715,0,True,False,False,True,False,False,False,False,0.17857142857142858,0.1791044776119403,-0.8523682950539987,-4.406610419061028,-1.1732014571009957,-0.22693322834871715,-1.6576846998521058,0,1,-0.12215792774288405,-0.0,-0.0,3,1
2025-12-31,A. ALHASSANE,-0.5994531589647563,-0.12936301834620176,1370.0,-0.2603525697442513,0.44081003992813417,18.0,-0.6299793097294802,,,0,0,0.434317511165321,1,True,False,False,False,False,False,False,False,0.09649122807017543,0.1791044776119403,4.633919342232936,2.302475685295892,0.21580207262846382,0.434317511165321,0.44081003992813417,1,0,-0.2603525697442513,-0.0,-0.0,1,1
2025-12-31,D. ĆALETA-CAR,-0.6193968433174307,-0.4729531153164353,16.0,-0.12215792774288405,0.2531397786469745,18.0,-0.6299793097294802,,,0,0,0.19722109707520272,1,True,False,False,False,False,False,False,False,0.12037037037037036,0.1791044776119403,1.3096396511579496,5.0705011558668005,0.7635716649038832,0.19722109707520272,0.2531397786469745,1,0,-0.12215792774288405,-0.0,-0.0,1,1
2025-12-31,J. LÓPEZ,-0.6309305402924714,-0.7372531899089226,1370.0,0.016036714258483527,-0.2075054081340538,18.0,-0.6299793097294802,,,0,0,-0.02541759932662149,0,True,False,False,False,False,False,False,False,0.09649122807017543,0.1791044776119403,0.855786593689758,-39.34042782678497,1.168519054547936,-0.02541759932662149,-0.2075054081340538,0,1,0.016036714258483527,0.0,0.0,0,1
2025-12-31,M. DIARRA,-0.6309305402924714,-1.0808432868791562,48.0,-0.8822284587504049,,18.0,-0.6299793097294802,,,0,0,1.3982994968684495,0,True,False,False,False,False,False,False,False,0.11224489795918367,0.1791044776119403,0.583739688899693,0.7151563171544527,1.7130966579534768,1.3982994968684495,,0,0,-0.8822284587504049,-0.0,-0.0,0,0
2025-12-31,I. BEKHOUCHA,-0.6309305402924714,-1.0279832719606588,9.0,-0.4676445327463027,0.014286718834589441,18.0,-0.6299793097294802,,,0,0,0.7411992986245708,1,True,False,False,False,False,False,False,False,0.17117117117117117,0.1791044776119403,0.6137562460966421,1.3491698187019558,1.6293154881987781,0.7411992986245708,0.014286718834589441,1,0,-0.4676445327463027,-0.0,-0.0,0,1
2025-12-31,O. LUENGO,-0.6309305402924714,-1.0808432868791562,1370.0,-0.3294498907449351,-0.2075054081340538,18.0,-0.6299793097294802,,,0,0,0.5221658992099443,0,True,False,False,False,False,False,False,False,0.09649122807017543,0.1791044776119403,0.583739688899693,1.9151090139227347,1.7130966579534768,0.5221658992099443,-0.2075054081340538,0,1,-0.3294498907449351,-0.0,-0.0,0,1
2025-12-31,Á. VALLES,0.518834876906897,-0.15579302580545049,4.0,0.7070099242653208,2.2833907870522476,18.0,-0.6299793097294802,,,0,0,1.3626851105213582,1,False,False,False,False,False,False,False,False,0.19230769230769232,0.1791044776119403,-3.3303044505936787,0.7338428008676613,-0.3002741960217352,1.3626851105213582,2.2833907870522476,1,0,0.0,0.0,0.0,3,3
2026-01-01,U. IZETA,-0.6239622650367177,-1.00155326450141,1.0,-1.1586177427531397,0.5943584355218103,18.0,-0.9462952368252298,,,0,0,1.8568744690985899,1,False,False,True,False,False,False,False,False,0.14035087719298245,0.1791044776119403,0.6229952116850704,0.5385406942713774,1.6051529487851663,1.8568744690985899,0.5943584355218103,1,0,-0.0,-0.0,-1.1586177427531397,1,0
2026-01-01,R. VARGAS,1.2077329858119312,0.5313871681350165,17.0,1.7434697392755767,0.9355770923966461,18.0,-0.9462952368252298,Jotabetrbb,-9.312,0,1,1.4435875447385733,1,False,True,False,False,False,True,False,False,0.17708333333333334,0.1791044776119403,2.2727886284157295,0.6927176686164244,0.4399869295536777,1.4435875447385733,0.9355770923966461,1,0,0.0,1.7434697392755767,0.0,3,3
2026-01-01,Y. NEYOU,-0.6309305402924714,-1.1337033017976537,9.0,-1.6422989897579259,,18.0,-0.9462952368252298,Dani,-0.16,0,1,2.6029831936488943,0,False,True,False,False,False,False,False,False,0.17117117117117117,0.1791044776119403,0.5565222362978686,0.3841754323680749,1.7968778277081754,2.6029831936488943,,0,0,-0.0,-1.6422989897579259,-0.0,0,0
2026-01-01,M. LLORENTE,2.431025721227184,0.5842471830535141,2.0,1.3288858132714745,1.2767957492714819,18.0,-0.9462952368252298,Maldinillo 💥,-13.59044,1,1,0.5466356258727801,1,True,False,False,False,False,False,False,False,0.2857142857142857,0.1791044776119403,4.160946994343523,1.8293700388541345,0.24032939578656118,0.5466356258727801,1.2767957492714819,1,0,1.3288858132714745,0.0,0.0,3,3
2026-01-01,Ó. MINGUEZA,1.7399650441393295,0.42566713829802166,5.0,0.9833992082680559,0.2531397786469745,18.0,-0.9462952368252298,,,0,0,0.5651829882430219,1,True,False,False,False,False,False,False,False,0.16049382716049382,0.1791044776119403,4.087609307796332,1.7693356473899062,0.24464106051482,0.5651829882430219,0.2531397786469745,1,0,0.9833992082680559,0.0,0.0,3,3
2026-01-01,A. CHRISTENSEN,-0.6205982700856641,-0.4200931003979378,3.0,-0.3294498907449351,0.6284803012092939,18.0,-0.9462952368252298,,,0,0,0.5308593940470596,1,True,False,False,True,False,False,False,False,0.30337078651685395,0.1791044776119403,1.4772909785682573,1.8837467283085856,0.6769174159273216,0.5308593940470596,0.6284803012092939,1,0,-0.3294498907449351,-0.0,-0.0,1,1
2026-01-01,A. NYOM,-0.6302096842315315,-1.0544132794199075,9.0,-1.365909705755191,0.15077418158452377,18.0,-0.9462952368252298,Dani,-0.18352,1,1,2.1673927064663734,1,True,False,False,False,False,False,False,False,0.17117117117117117,0.1791044776119403,0.5976881116921796,0.46138492387973884,1.6731176605502442,2.1673927064663734,0.15077418158452377,1,0,-1.365909705755191,-0.0,-0.0,0,0
2026-01-01,J. DONALD,-0.6306902549388248,-0.4465231078571866,23.0,-0.2603525697442513,-0.6681505949150821,18.0,-0.9462952368252298,Dani,-0.16128,0,1,0.4128064141024645,0,True,False,False,False,False,False,False,False,0.1746031746031746,0.1791044776119403,1.412450232230252,2.4224561256087864,0.707992255077341,0.4128064141024645,-0.6681505949150821,0,1,-0.2603525697442513,-0.0,-0.0,0,1
2026-01-01,J. CABELLO,-0.6309305402924714,-0.9222632421236637,12.0,-0.5367418537469861,-0.15632260960282846,18.0,-0.9462952368252298,Dani,-0.17254,0,1,0.8507159983318835,0,True,False,False,False,False,False,False,False,0.125,0.1791044776119403,0.6841118626299261,1.175484474282044,1.4617531486893809,0.8507159983318835,-0.15632260960282846,0,1,-0.5367418537469861,-0.0,-0.0,0,1
2026-01-01,M. RYAN,1.2255141019817855,0.5049571606757678,12.0,1.121593850269423,-0.8387599233525,18.0,-0.9462952368252298,,,0,0,0.9152019819712455,0,False,False,False,False,False,False,False,False,0.125,0.1791044776119403,2.4269616721150182,1.092653110601747,0.41203666920073,0.9152019819712455,-0.8387599233525,0,1,0.0,0.0,0.0,3,3
2026-01-01,Á. VALLES,0.5479094046981453,-0.15579302580545049,4.0,0.7070099242653208,2.163964257146055,18.0,-0.9462952368252298,,,0,0,1.2903750653445367,1,False,False,False,False,False,False,False,False,0.19230769230769232,0.1791044776119403,-3.516928429843784,0.7749659671348029,-0.2843403309548026,1.2903750653445367,2.163964257146055,1,0,0.0,0.0,0.0,3,3
2026-01-01,A. LUNIN,-0.6222802675611909,-1.2129933241753998,15.0,-2.0568829157620283,-0.13926167675908666,18.0,-0.9462952368252298,,,0,0,3.3054016467932024,0,False,False,False,False,False,False,False,False,0.17857142857142858,0.1791044776119403,0.5130125353301153,0.30253572788627986,1.949274847174821,3.3054016467932024,-0.13926167675908666,0,1,-0.0,-0.0,-0.0,1,0
2026-01-02,R. NTEKA,-0.6309305402924714,-1.0279832719606588,14.0,-0.8131311377497211,-0.4634194007901807,18.0,-1.1044532003731045,,,0,0,1.2887827971611363,0,False,False,True,False,False,False,False,False,0.15384615384615385,0.1791044776119403,0.6137562460966421,0.7759281214671566,1.6293154881987781,1.2887827971611363,-0.4634194007901807,0,1,-0.0,-0.0,-0.8131311377497211,0,0
2026-01-02,M. ARAMBARRI,1.774325849710805,0.8221172501867526,9.0,1.0524965292687394,-0.8216989905087583,18.0,-1.1044532003731045,,,0,0,0.593180748766939,0,False,True,False,False,False,False,False,False,0.17117117117117117,0.1791044776119403,2.1582367856543123,1.6858242422132639,0.4633403650070157,0.593180748766939,-0.8216989905087583,0,1,0.0,1.0524965292687394,0.0,3,3
2026-01-02,N. GONZÁLEZ,1.2171041146041517,0.4520971457572704,2.0,0.8452045662666884,-2.6874826063003603,18.0,-1.1044532003731045,,,0,0,0.6944384310976959,0,False,True,False,False,False,True,False,False,0.2857142857142857,0.1791044776119403,2.692123659488774,1.4400095824973753,0.3714528353652588,0.6944384310976959,-2.851949998914031,0,1,0.0,0.8452045662666884,0.0,3,3
2026-01-02,J. GUERRA,-0.22869285828792751,0.05564703386853938,19.0,-0.12215792774288405,-0.8046380576650164,18.0,-1.1044532003731045,,,0,0,0.534159495914738,0,False,True,False,False,False,False,False,False,0.22413793103448276,0.1791044776119403,-4.109630518630399,1.8721235259721032,-0.2433275687430843,0.534159495914738,-0.8046380576650164,0,1,-0.0,-0.12215792774288405,-0.0,2,1
2026-01-02,P. CISS,-0.28900448205324447,0.029217026409290647,14.0,0.29242599826121835,-1.162917647383594,18.0,-1.1044532003731045,,,0,0,-1.0118424739510345,0,False,True,False,False,False,False,True,False,0.15384615384615385,0.1791044776119403,-9.891307441674014,-0.9882961688615475,-0.10109575912966977,-1.0118424739510345,-1.162917647383594,0,1,0.0,0.29242599826121835,0.0,2,2
2026-01-02,P. MARTÍNEZ,-0.625163691804951,-0.4200931003979378,12.0,0.016036714258483527,0.06546951736581481,18.0,-1.1044532003731045,,,0,0,-0.0256520654042595,1,False,True,False,False,False,False,False,False,0.125,0.1791044776119403,1.4881586471460815,-38.98084737818894,0.6719740411652806,-0.0256520654042595,0.06546951736581481,1,0,0.0,0.016036714258483527,0.0,1,1
2026-01-02,A. SÁNCHEZ,-0.6290082574632979,-0.5786731451534302,408.0,-0.8131311377497211,1.4644660105526415,18.0,-1.1044532003731045,,,0,0,1.2927213924827676,1,False,True,False,False,False,False,False,False,0.10833333333333334,0.1791044776119403,1.0869855456694248,0.7735640683593807,0.9199784871912949,1.2927213924827676,1.4644660105526415,1,0,-0.0,-0.8131311377497211,-0.0,0,0
2026-01-02,A. SÁNCHEZ,-0.6290082574632979,-0.5786731451534302,408.0,-0.8131311377497211,-0.5487240650088896,18.0,-1.1044532003731045,,,0,0,1.2927213924827676,0,False,True,False,False,False,False,False,False,0.10833333333333334,0.1791044776119403,1.0869855456694248,0.7735640683593807,0.9199784871912949,1.2927213924827676,-0.5487240650088896,0,1,-0.0,-0.8131311377497211,-0.0,0,0
2026-01-02,K. BARJA,-0.6309305402924714,-0.6843931749904252,50.0,-0.8822284587504049,,18.0,-1.1044532003731045,,,0,0,1.3982994968684495,0,False,True,False,False,False,False,False,False,0.18181818181818182,0.1791044776119403,0.9218845032839517,0.7151563171544527,1.0847378847932376,1.3982994968684495,,0,0,-0.0,-0.8822284587504049,-0.0,0,0
2026-01-02,A. MARTÍNEZ,0.4119078945341239,0.1613670637055343,222.0,0.3615233192619022,0.03134765167833123,18.0,-1.1044532003731045,,,0,0,0.8776778653221153,1,True,False,False,False,False,False,False,False,0.10227272727272728,0.1791044776119403,2.55259860641184,1.1393642767244156,0.3917542588830068,0.8776778653221153,0.03134765167833123,1,0,0.3615233192619022,0.0,0.0,3,2
2026-01-02,P. ESPINO,-0.6107465705861502,-0.4465231078571866,14.0,-0.2603525697442513,0.49199283845935954,18.0,-1.1044532003731045,Libre,-0.24412,0,1,0.4262864640907398,1,True,False,False,False,False,False,False,False,0.15384615384615385,0.1791044776119403,1.3677857374566733,2.3458532291013228,0.7311114961155517,0.4262864640907398,0.49199283845935954,1,0,-0.2603525697442513,-0.0,-0.0,1,1
2026-01-02,F. MENDY,-0.6287679721096513,-1.2129933241753998,15.0,-2.0568829157620283,-0.30987100519650457,18.0,-1.1044532003731045,,,0,0,3.271296055612995,0,True,False,False,False,False,False,False,False,0.17857142857142858,0.1791044776119403,0.5183610477808192,0.3056898732452062,1.9291619598045058,3.271296055612995,-0.30987100519650457,0,1,-2.0568829157620283,-0.0,-0.0,0,0
2026-01-02,J. LÓPEZ,-0.6309305402924714,-0.7372531899089226,1370.0,0.016036714258483527,-0.36105380372772994,18.0,-1.1044532003731045,Libre,-0.16,0,1,-0.02541759932662149,0,True,False,False,False,False,False,False,False,0.09649122807017543,0.1791044776119403,0.855786593689758,-39.34042782678497,1.168519054547936,-0.02541759932662149,-0.36105380372772994,0,1,0.016036714258483527,0.0,0.0,0,1
2026-01-02,U. SIMÓN,1.423989804093944,0.5313871681350165,1.0,0.4997179612632697,0.9185161595529042,18.0,-1.1044532003731045,,,0,0,0.35092780081626296,1,False,False,False,False,False,False,False,False,0.14035087719298245,0.1791044776119403,2.6797544422030355,2.849581293641839,0.3731675560033741,0.35092780081626296,0.9185161595529042,1,0,0.0,0.0,0.0,3,2
2026-01-02,M. RYAN,1.2262349580427256,0.5049571606757678,12.0,1.121593850269423,0.15077418158452377,18.0,-1.1044532003731045,,,0,0,0.9146639705947551,1,False,False,False,False,False,False,False,False,0.125,0.1791044776119403,2.42838922813268,1.0932958168880382,0.4117944489914996,0.9146639705947551,0.15077418158452377,1,0,0.0,0.0,0.0,3,3
2026-01-03,S. BECKER,-0.6309305402924714,-0.7108231824496739,50.0,-0.6058391747476699,-0.0027742140091523483,20.0,2.849495888323765,,,0,0,0.9602326980391968,0,False,False,True,False,False,False,False,False,0.18181818181818182,0.18285714285714286,0.8876067121570749,1.0414176038927432,1.1266284696705868,0.9602326980391968,-0.0027742140091523483,0,1,-0.0,-0.0,-0.6058391747476699,0,0
2026-01-03,C. ÁLVAREZ,1.0525086473561756,0.6106771905127628,12.0,0.9143018872673718,-1.2994051101335284,20.0,2.849495888323765,,,0,0,0.8686874173210943,0,False,True,False,False,False,False,False,False,0.125,0.18285714285714286,1.7235078372005144,1.151159710872036,0.5802105396817385,0.8686874173210943,-1.2994051101335284,0,1,0.0,0.9143018872673718,0.0,3,3
2026-01-03,W. SWEDBERG,-0.2815556360901973,-0.1822230332646992,5.0,0.637912603264637,0.7820286968029699,20.0,2.849495888323765,,,0,0,-2.265679628376919,1,False,True,False,False,False,False,False,False,0.16049382716049382,0.18285714285714286,1.545123995412806,-0.44136954385246835,0.6472030998854632,-2.265679628376919,0.7820286968029699,1,0,0.0,0.637912603264637,0.0,2,2
2026-01-03,A. REINA,-0.6016157271475764,0.0027870189500419124,1370.0,-0.05306060674220026,0.04840858452207302,20.0,2.849495888323765,,,0,0,0.08819698778614586,1,False,True,False,False,False,False,False,False,0.09649122807017543,0.18285714285714286,-215.78609684074502,11.33848824154758,-0.004632564370981988,0.08819698778614586,0.04840858452207302,1,0,-0.0,-0.05306060674220026,-0.0,1,1
2026-01-03,C. PICKEL,-0.6217996968538976,-0.5258131302349327,8.0,-0.2603525697442513,0.2190179129594909,20.0,2.849495888323765,,,0,0,0.4187087735332223,1,False,True,False,False,False,False,True,False,0.0641025641025641,0.18285714285714286,1.182551069287956,2.3883078464428085,0.845632409484579,0.4187087735332223,0.2190179129594909,1,0,-0.0,-0.2603525697442513,-0.0,1,1
2026-01-03,R. ARAÚJO,0.5161917380167834,0.3199471084610267,3.0,1.6052750972742091,-1.248222311602303,20.0,2.849495888323765,,,0,0,3.1098366541181663,0,True,False,False,False,False,False,True,False,0.30337078651685395,0.18285714285714286,1.613360805599704,0.32155947434418747,0.6198210181922861,3.1098366541181663,-1.248222311602303,0,1,1.6052750972742091,0.0,0.0,3,3
2026-01-03,J. GALÁN,-0.5011764493232638,-0.895833234664415,50.0,-0.3985472117456189,0.8161505624904536,20.0,2.849495888323765,Dani,-2.02641,2,1,0.7952249302789601,1,True,False,False,False,False,False,False,False,0.18181818181818182,0.18285714285714286,0.5594534667654686,1.257511511972797,1.7874643218738206,0.7952249302789601,0.8161505624904536,1,0,-0.3985472117456189,-0.0,-0.0,2,1
2026-01-03,Y. ENRÍQUEZ,-0.6309305402924714,-0.3408030780201916,48.0,-0.12215792774288405,,20.0,2.849495888323765,,,0,0,0.19361580008800502,0,True,False,False,False,False,False,False,False,0.11224489795918367,0.18285714285714286,1.8513107195757488,5.16491820767181,0.5401602813876969,0.19361580008800502,,0,0,-0.12215792774288405,-0.0,-0.0,0,1
2026-01-03,T. COURTOIS,2.2306277362858524,1.1921373546162348,15.0,1.4670804552728416,0.7990896296467117,20.0,2.849495888323765,Maldinillo 💥,-12.55728,0,1,0.6576981778310763,1,False,False,False,False,False,False,False,False,0.17857142857142858,0.18285714285714286,1.8711148145249645,1.5204525476542199,0.5344400595328221,0.6576981778310763,0.7990896296467117,1,0,0.0,0.0,0.0,3,3
2026-01-03,L. ROMÁN,0.5632876673315329,0.29351710100177797,408.0,1.2597884922707905,-1.1799785802273357,20.0,2.849495888323765,,,0,0,2.2364882614073984,0,False,False,False,False,False,False,False,False,0.10833333333333334,0.18285714285714286,1.9190900506954454,0.44712840580706703,0.5210775895639023,2.2364882614073984,-1.1799785802273357,0,1,0.0,0.0,0.0,3,3
2026-01-04,H. DURO,1.6383243395467835,0.8221172501867526,19.0,0.9143018872673718,2.095720525771088,20.0,2.533179961228015,Dani,-9.85103,0,1,0.5580710162978367,1,False,False,True,False,False,False,False,False,0.22413793103448276,0.18285714285714286,1.992808624762461,1.7918835895217777,0.5018034149518669,0.5580710162978367,2.095720525771088,1,0,0.0,0.0,0.9143018872673718,3,3
2026-01-04,J. BELLINGHAM,3.4300673446445993,0.8749772651052501,15.0,1.8125670602762602,0.03134765167833123,20.0,2.533179961228015,,,0,0,0.42375644052622247,1,False,True,False,False,False,False,False,False,0.17857142857142858,0.18285714285714286,4.888553863830845,2.359844285238232,0.20455919095531735,0.42375644052622247,0.03134765167833123,1,0,0.0,1.8125670602762602,0.0,3,3
2026-01-04,A. TCHOUAMÉNI,2.9368263906534473,0.7956872427275039,15.0,1.2597884922707905,-0.3781147365714717,20.0,2.533179961228015,,,0,0,0.42896238855579666,0,False,True,False,False,False,False,False,False,0.17857142857142858,0.18285714285714286,3.690925959376291,2.3312040691494986,0.2709342895873981,0.42896238855579666,-0.3781147365714717,0,1,0.0,1.2597884922707905,0.0,3,3
2026-01-04,S. AMRABAT,0.9299631169963679,-0.02364298850920682,4.0,1.8125670602762602,-1.1287957816961103,20.0,2.533179961228015,,,0,0,1.9490720417585095,0,False,True,False,False,False,False,True,False,0.19230769230769232,0.18285714285714286,-39.33523259408639,0.5130638332304216,-0.025423549228511963,1.9490720417585095,-1.1287957816961103,0,1,0.0,1.8125670602762602,0.0,3,3
2026-01-04,S. SÁNCHEZ,-0.6309305402924714,-1.00155326450141,1.0,-0.6749364957483537,-0.30987100519650457,20.0,2.533179961228015,,,0,0,1.06974939774651,0,False,True,False,False,False,False,False,False,0.14035087719298245,0.18285714285714286,0.6299526870987202,0.9348012428845656,1.587424903321429,1.06974939774651,-0.30987100519650457,0,1,-0.0,-0.6749364957483537,-0.0,0,0
2026-01-04,R. ARAÚJO,0.48351292992083483,0.3199471084610267,3.0,1.6052750972742091,-2.220695483695585,20.0,2.533179961228015,,,0,0,3.3200183033755386,0,True,False,False,False,False,False,True,False,0.30337078651685395,0.18285714285714286,1.5112229675198479,0.3012023481454994,0.6617122872001047,3.3200183033755386,-2.220695483695585,0,1,1.6052750972742091,0.0,0.0,3,3
2026-01-04,R. ASENCIO,0.47726551072602114,-0.07650300342770429,15.0,0.43062064026258595,-1.0264301846336599,20.0,2.533179961228015,Chamacónicos,-4.872,1,1,0.9022645222006523,0,True,False,False,False,False,False,False,False,0.17857142857142858,0.18285714285714286,-6.238601465869391,1.1083175254151012,-0.16029409503576397,0.9022645222006523,-1.0264301846336599,0,1,0.43062064026258595,0.0,0.0,3,2
2026-01-04,M. SÁNCHEZ,-0.10398475974530007,0.42566713829802166,12.0,0.7761072452660043,-1.6747456326958476,20.0,2.533179961228015,,,0,0,-7.463735175252531,0,True,False,False,False,False,False,False,True,0.125,0.18285714285714286,-0.24428598335094923,-0.13398228968648593,-4.0935924931033405,-7.463735175252531,-1.6747456326958476,0,1,0.7761072452660043,0.0,0.0,2,3
2026-01-04,H. FORT,-0.18568177998517166,-0.02364298850920682,23.0,1.397983134272158,-1.094673916008627,20.0,2.533179961228015,,,0,0,-7.528959833019875,0,True,False,False,True,False,False,False,False,0.1746031746031746,0.18285714285714286,7.853898580183399,-0.13282109248102764,0.1273313722136181,-7.528959833019875,-1.094673916008627,0,1,1.397983134272158,0.0,0.0,2,3
2026-01-04,I. BALLIU,-0.6299693988778847,-0.7372531899089226,14.0,-0.4676445327463027,0.16783511442826554,20.0,2.533179961228015,,,0,0,0.7423301447807267,1,True,False,False,True,False,False,False,False,0.15384615384615385,0.18285714285714286,0.8544829130391716,1.3471145322555846,1.170301861525334,0.7423301447807267,0.16783511442826554,1,0,-0.4676445327463027,-0.0,-0.0,0,1
2026-01-04,M. KUMBULLA,-0.6309305402924714,-0.895833234664415,408.0,-0.3985472117456189,,20.0,2.533179961228015,,,0,0,0.6316825989172575,0,True,False,False,False,False,False,False,False,0.10833333333333334,0.18285714285714286,0.7042954203683265,1.5830800085365684,1.4198625638120317,0.6316825989172575,,0,0,-0.3985472117456189,-0.0,-0.0,0,1
2026-01-04,M. MOREY,-0.6309305402924714,-0.36723308547944034,408.0,-0.05306060674220026,-0.0027742140091523483,20.0,2.533179961228015,,,0,0,0.08409910038069177,0,True,False,False,False,False,False,False,False,0.10833333333333334,0.18285714285714286,1.7180703027862045,11.890976564488351,0.5820508662650462,0.08409910038069177,-0.0027742140091523483,0,1,-0.05306060674220026,-0.0,-0.0,0,1
2026-01-04,A. REMIRO,0.16609597775356924,0.2406570860832805,16.0,0.1542313562598511,-0.7705161919775328,20.0,2.533179961228015,,,0,0,0.9285620867146502,0,False,False,False,False,False,False,False,False,0.12037037037037036,0.18285714285714286,0.6901740990996296,1.0769204451090035,1.448895033119343,0.9285620867146502,-0.7705161919775328,0,1,0.0,0.0,0.0,2,2
2026-01-05,A. SANTOS,3.4300673446445993,0.5578171755942654,4.0,1.5361777762735256,-0.12220074391534486,19.0,-1.1044532003731045,Libre,-20.00002,1,1,0.4252100858925631,0,False,False,True,False,False,False,False,False,0.19230769230769232,0.15789473684210525,6.476571127523336,2.3517764639512833,0.15440236983649183,0.4252100858925631,-0.12220074391534486,0,1,0.0,0.0,1.5361777762735256,3,3
2026-01-05,A. SANTOS,3.4300673446445993,0.5578171755942654,4.0,1.5361777762735256,-0.12220074391534486,20.0,2.2168640341322656,Libre,-20.00002,1,1,0.4252100858925631,0,False,False,True,False,False,False,False,False,0.19230769230769232,0.18285714285714286,6.476571127523336,2.3517764639512833,0.15440236983649183,0.4252100858925631,-0.12220074391534486,0,1,0.0,0.0,1.5361777762735256,3,3
2026-01-05,R. BARDGHJI,-0.49492903012845,-0.3143730705609429,3.0,0.5688152822639532,-0.6681505949150821,19.0,-1.1044532003731045,,,0,0,-1.1492888816911966,0,False,False,True,False,False,False,False,False,0.30337078651685395,0.15789473684210525,1.5743416049820655,-0.8701034860650902,0.6351894647780462,-1.1492888816911966,-0.6681505949150821,0,1,0.0,0.0,0.5688152822639532,2,2
2026-01-05,R. BARDGHJI,-0.49492903012845,-0.3143730705609429,3.0,0.5688152822639532,-0.6681505949150821,20.0,2.2168640341322656,,,0,0,-1.1492888816911966,0,False,False,True,False,False,False,False,False,0.30337078651685395,0.18285714285714286,1.5743416049820655,-0.8701034860650902,0.6351894647780462,-1.1492888816911966,-0.6681505949150821,0,1,0.0,0.0,0.5688152822639532,2,2
2026-01-05,C. ÁLVAREZ,1.0392929529056076,0.9014072725644988,12.0,1.190691171270107,0.7137849654280027,19.0,-1.1044532003731045,Jotabetrbb,-7.711,1,1,1.1456731446779136,1,False,True,False,False,False,False,False,False,0.125,0.15789473684210525,1.1529658474831033,0.8728477250312293,0.8673265826712339,1.1456731446779136,0.7137849654280027,1,0,0.0,1.190691171270107,0.0,3,3
2026-01-05,C. ÁLVAREZ,1.0392929529056076,0.9014072725644988,12.0,1.190691171270107,0.7137849654280027,20.0,2.2168640341322656,Jotabetrbb,-7.711,1,1,1.1456731446779136,1,False,True,False,False,False,False,False,False,0.125,0.18285714285714286,1.1529658474831033,0.8728477250312293,0.8673265826712339,1.1456731446779136,0.7137849654280027,1,0,0.0,1.190691171270107,0.0,3,3
2026-01-05,J. CARDOSO,-0.27771107043185045,-0.8165432122866688,2.0,0.016036714258483527,-0.27574913950902097,19.0,-1.1044532003731045,,,0,0,-0.057746246772923226,0,False,True,False,False,False,False,False,False,0.2857142857142857,0.15789473684210525,0.3401062018020357,-17.316125350278554,2.9402722451400876,-0.057746246772923226,-0.27574913950902097,0,1,0.0,0.016036714258483527,0.0,2,1
2026-01-05,J. CARDOSO,-0.27771107043185045,-0.8165432122866688,2.0,0.016036714258483527,-0.27574913950902097,20.0,2.2168640341322656,,,0,0,-0.057746246772923226,0,False,True,False,False,False,False,False,False,0.2857142857142857,0.18285714285714286,0.3401062018020357,-17.316125350278554,2.9402722451400876,-0.057746246772923226,-0.27574913950902097,0,1,0.0,0.016036714258483527,0.0,2,1
2026-01-05,C. PICKEL,-0.6309305402924714,-0.5258131302349327,8.0,-0.2603525697442513,-0.6681505949150821,19.0,-1.1044532003731045,,,0,0,0.412649199502631,0,False,True,False,False,False,False,True,False,0.0641025641025641,0.15789473684210525,1.199916289513085,2.4233790520727316,0.8333943755291418,0.412649199502631,-0.6681505949150821,0,1,-0.0,-0.2603525697442513,-0.0,0,1
2026-01-05,C. PICKEL,-0.6309305402924714,-0.5258131302349327,8.0,-0.2603525697442513,-0.6681505949150821,20.0,2.2168640341322656,,,0,0,0.412649199502631,0,False,True,False,False,False,False,True,False,0.0641025641025641,0.18285714285714286,1.199916289513085,2.4233790520727316,0.8333943755291418,0.412649199502631,-0.6681505949150821,0,1,-0.0,-0.2603525697442513,-0.0,0,1
2026-01-05,S. SÁNCHEZ,-0.6309305402924714,-1.00155326450141,1.0,-0.6749364957483537,,19.0,-1.1044532003731045,,,0,0,1.06974939774651,0,False,True,False,False,False,False,False,False,0.14035087719298245,0.15789473684210525,0.6299526870987202,0.9348012428845656,1.587424903321429,1.06974939774651,,0,0,-0.0,-0.6749364957483537,-0.0,0,0
2026-01-05,S. SÁNCHEZ,-0.6309305402924714,-1.00155326450141,1.0,-0.6749364957483537,,20.0,2.2168640341322656,,,0,0,1.06974939774651,0,False,True,False,False,False,False,False,False,0.14035087719298245,0.18285714285714286,0.6299526870987202,0.9348012428845656,1.587424903321429,1.06974939774651,,0,0,-0.0,-0.6749364957483537,-0.0,0,0
2026-01-05,É. MILITÃO,1.796912672953593,0.9278372800237475,15.0,2.1711821562698126,-1.964781491039458,19.0,-1.1044532003731045,,,0,0,1.2394312647304795,0,True,False,False,True,False,False,False,False,0.17857142857142858,0.15789473684210525,1.936665808730808,0.8068208564224095,0.5163505036380843,1.2394312647304795,-1.964781491039458,0,1,2.2271509862803627,0.0,0.0,3,3
2026-01-05,É. MILITÃO,1.796912672953593,0.9278372800237475,15.0,2.1711821562698126,-1.964781491039458,20.0,2.2168640341322656,,,0,0,1.2394312647304795,0,True,False,False,True,False,False,False,False,0.17857142857142858,0.18285714285714286,1.936665808730808,0.8068208564224095,0.5163505036380843,1.2394312647304795,-1.964781491039458,0,1,2.2271509862803627,0.0,0.0,3,3
2026-01-05,Y. ÁLVAREZ,-0.6287679721096513,-1.2129933241753998,1.0,-2.0568829157620283,0.03134765167833123,19.0,-1.1044532003731045,,,0,0,3.271296055612995,1,True,False,False,False,False,False,True,False,0.14035087719298245,0.15789473684210525,0.5183610477808192,0.3056898732452062,1.9291619598045058,3.271296055612995,0.03134765167833123,1,0,-2.0568829157620283,-0.0,-0.0,0,0
2026-01-05,Y. ÁLVAREZ,-0.6287679721096513,-1.2129933241753998,1.0,-2.0568829157620283,0.03134765167833123,20.0,2.2168640341322656,,,0,0,3.271296055612995,1,True,False,False,False,False,False,True,False,0.14035087719298245,0.18285714285714286,0.5183610477808192,0.3056898732452062,1.9291619598045058,3.271296055612995,0.03134765167833123,1,0,-2.0568829157620283,-0.0,-0.0,0,0
2026-01-05,V. PARADA,-0.6278068306950646,-0.4465231078571866,48.0,-0.6058391747476699,0.32138351002194165,19.0,-1.1044532003731045,,,0,0,0.9650104301785878,1,True,False,False,False,False,False,False,True,0.11224489795918367,0.15789473684210525,1.4059927149135898,1.0362615907400432,0.7112439643365944,0.9650104301785878,0.32138351002194165,1,0,-0.6058391747476699,-0.0,-0.0,1,0
2026-01-05,V. PARADA,-0.6278068306950646,-0.4465231078571866,48.0,-0.6058391747476699,0.32138351002194165,20.0,2.2168640341322656,,,0,0,0.9650104301785878,1,True,False,False,False,False,False,False,True,0.11224489795918367,0.18285714285714286,1.4059927149135898,1.0362615907400432,0.7112439643365944,0.9650104301785878,0.32138351002194165,1,0,-0.6058391747476699,-0.0,-0.0,1,0
2026-01-05,A. MUMIN,-0.6309305402924714,-1.2129933241753998,14.0,-2.0568829157620283,-0.08807887822786128,19.0,-1.1044532003731045,Los marinero,-0.161,0,1,3.260083391892773,0,True,False,False,True,False,False,False,False,0.15384615384615385,0.15789473684210525,0.520143885264387,0.306741255031515,1.9225495823402232,3.260083391892773,-0.08807887822786128,0,1,-2.0568829157620283,-0.0,-0.0,0,0
2026-01-05,A. MUMIN,-0.6309305402924714,-1.2129933241753998,14.0,-2.0568829157620283,-0.08807887822786128,20.0,2.2168640341322656,Los marinero,-0.161,0,1,3.260083391892773,0,True,False,False,True,False,False,False,False,0.15384615384615385,0.18285714285714286,0.520143885264387,0.306741255031515,1.9225495823402232,3.260083391892773,-0.08807887822786128,0,1,-2.0568829157620283,-0.0,-0.0,0,0
2026-01-05,Á. VALLES,0.5500719728809654,-0.10293301088695302,4.0,0.5688152822639532,-0.08807887822786128,19.0,-1.1044532003731045,,,0,0,1.0340724054934498,0,False,False,False,False,False,False,False,False,0.19230769230769232,0.15789473684210525,-5.344032125099472,0.9670468128859053,-0.187126101374967,1.0340724054934498,-0.08807887822786128,0,1,0.0,0.0,0.0,3,2
2026-01-05,Á. VALLES,0.5500719728809654,-0.10293301088695302,4.0,0.5688152822639532,-0.08807887822786128,20.0,2.2168640341322656,,,0,0,1.0340724054934498,0,False,False,False,False,False,False,False,False,0.19230769230769232,0.18285714285714286,-5.344032125099472,0.9670468128859053,-0.187126101374967,1.0340724054934498,-0.08807887822786128,0,1,0.0,0.0,0.0,3,2
2026-01-05,J. LETACEK,-0.6309305402924714,-1.2129933241753998,9.0,-2.0568829157620283,,19.0,-1.1044532003731045,,,0,0,3.260083391892773,0,False,False,False,False,False,False,False,False,0.17117117117117117,0.15789473684210525,0.520143885264387,0.306741255031515,1.9225495823402232,3.260083391892773,,0,0,-0.0,-0.0,-0.0,0,0
2026-01-05,J. LETACEK,-0.6309305402924714,-1.2129933241753998,9.0,-2.0568829157620283,,20.0,2.2168640341322656,,,0,0,3.260083391892773,0,False,False,False,False,False,False,False,False,0.17117117117117117,0.18285714285714286,0.520143885264387,0.306741255031515,1.9225495823402232,3.260083391892773,,0,0,-0.0,-0.0,-0.0,0,0
2026-01-06,R. MIR,1.7094488042262013,1.165707347156986,23.0,1.397983134272158,-0.19044447529031205,19.0,-1.1044532003731045,,,0,0,0.8177971244408481,0,False,False,True,False,False,False,False,False,0.1746031746031746,0.15789473684210525,1.4664463957861578,1.2227955685035032,0.681919611956465,0.8177971244408481,-0.19044447529031205,0,1,0.0,0.0,1.397983134272158,3,3
2026-01-06,R. MIR,1.7094488042262013,1.165707347156986,23.0,1.397983134272158,-0.19044447529031205,20.0,1.900548107036516,,,0,0,0.8177971244408481,0,False,False,True,False,False,False,False,False,0.1746031746031746,0.18285714285714286,1.4664463957861578,1.2227955685035032,0.681919611956465,0.8177971244408481,-0.19044447529031205,0,1,0.0,0.0,1.397983134272158,3,3
2026-01-06,F. VIÑAS,-0.4442288205090003,-0.15579302580545049,1370.0,-0.19125524874356753,-0.4292975351026971,19.0,-1.1044532003731045,,,0,0,0.43053415367913134,0,False,False,True,False,False,False,False,False,0.09649122807017543,0.15789473684210525,2.8514220686990943,2.322713473961143,0.3507052431496555,0.43053415367913134,-0.4292975351026971,0,1,-0.0,-0.0,-0.19125524874356753,2,1
2026-01-06,F. VIÑAS,-0.4442288205090003,-0.15579302580545049,1370.0,-0.19125524874356753,-0.4292975351026971,20.0,1.900548107036516,,,0,0,0.43053415367913134,0,False,False,True,False,False,False,False,False,0.09649122807017543,0.18285714285714286,2.8514220686990943,2.322713473961143,0.3507052431496555,0.43053415367913134,-0.4292975351026971,0,1,-0.0,-0.0,-0.19125524874356753,2,1
2026-01-06,T. FERNÁNDEZ,-0.624442835744011,-1.1337033017976537,3.0,0.016036714258483527,0.49199283845935954,19.0,-1.1044532003731045,,,0,0,-0.025681678165230672,1,False,False,True,False,False,False,False,False,0.30337078651685395,0.15789473684210525,0.5507996541542378,-38.93589982211444,1.8155466800952997,-0.025681678165230672,0.49199283845935954,1,0,0.0,0.0,0.016036714258483527,1,1
2026-01-06,T. FERNÁNDEZ,-0.624442835744011,-1.1337033017976537,3.0,0.016036714258483527,0.49199283845935954,20.0,1.900548107036516,,,0,0,-0.025681678165230672,1,False,False,True,False,False,False,False,False,0.30337078651685395,0.18285714285714286,0.5507996541542378,-38.93589982211444,1.8155466800952997,-0.025681678165230672,0.49199283845935954,1,0,0.0,0.0,0.016036714258483527,1,1
2026-01-06,T. FERNÁNDEZ,-0.624442835744011,-1.1337033017976537,3.0,0.016036714258483527,-0.7534552591337911,19.0,-1.1044532003731045,,,0,0,-0.025681678165230672,0,False,False,True,False,False,False,False,False,0.30337078651685395,0.15789473684210525,0.5507996541542378,-38.93589982211444,1.8155466800952997,-0.025681678165230672,-0.7534552591337911,0,1,0.0,0.0,0.016036714258483527,1,1
2026-01-06,T. FERNÁNDEZ,-0.624442835744011,-1.1337033017976537,3.0,0.016036714258483527,-0.7534552591337911,20.0,1.900548107036516,,,0,0,-0.025681678165230672,0,False,False,True,False,False,False,False,False,0.30337078651685395,0.18285714285714286,0.5507996541542378,-38.93589982211444,1.8155466800952997,-0.025681678165230672,-0.7534552591337911,0,1,0.0,0.0,0.016036714258483527,1,1
2026-01-06,N. GONZÁLEZ,1.0666854832213295,0.4520971457572704,2.0,0.8452045662666884,-2.374243879289261,19.0,-1.1044532003731045,Jotabetrbb,-7.225,0,1,0.7923645603103745,0,False,True,False,False,False,True,False,False,0.2857142857142857,0.15789473684210525,2.3594113208197687,1.2620426625121839,0.4238332001657732,0.7923645603103745,-2.374243879289261,0,1,0.0,0.8452045662666884,0.0,3,3
2026-01-06,N. GONZÁLEZ,1.0666854832213295,0.4520971457572704,2.0,0.8452045662666884,-2.374243879289261,20.0,1.900548107036516,Jotabetrbb,-7.225,0,1,0.7923645603103745,0,False,True,False,False,False,True,False,False,0.2857142857142857,0.18285714285714286,2.3594113208197687,1.2620426625121839,0.4238332001657732,0.7923645603103745,-2.374243879289261,0,1,0.0,0.8452045662666884,0.0,3,3
2026-01-06,P. CABANES,-0.6270859746341245,-1.2129933241753998,20.0,-2.0568829157620283,0.372566308553167,19.0,-1.1044532003731045,,,0,0,3.280070483210231,1,False,True,False,True,False,False,False,False,0.2376237623762376,0.15789473684210525,0.5169743964047107,0.30487213185585493,1.9343364507866356,3.280070483210231,0.372566308553167,1,0,-0.0,-2.0568829157620283,-0.0,1,0
2026-01-06,P. CABANES,-0.6270859746341245,-1.2129933241753998,20.0,-2.0568829157620283,0.372566308553167,20.0,1.900548107036516,,,0,0,3.280070483210231,1,False,True,False,True,False,False,False,False,0.2376237623762376,0.18285714285714286,0.5169743964047107,0.30487213185585493,1.9343364507866356,3.280070483210231,0.372566308553167,1,0,-0.0,-2.0568829157620283,-0.0,1,0
2026-01-06,L. SUČIĆ,-0.6304499695851781,-1.107273294338405,16.0,-1.5732016687572423,0.13371324874078197,19.0,-1.1044532003731045,,,0,0,2.495367182204097,1,False,True,False,False,False,False,False,False,0.12037037037037036,0.15789473684210525,0.5693721163337441,0.4007435174072263,1.756325012422444,2.495367182204097,0.13371324874078197,1,0,-0.0,-1.5732016687572423,-0.0,0,0
2026-01-06,L. SUČIĆ,-0.6304499695851781,-1.107273294338405,16.0,-1.5732016687572423,0.13371324874078197,20.0,1.900548107036516,,,0,0,2.495367182204097,1,False,True,False,False,False,False,False,False,0.12037037037037036,0.18285714285714286,0.5693721163337441,0.4007435174072263,1.756325012422444,2.495367182204097,0.13371324874078197,1,0,-0.0,-1.5732016687572423,-0.0,0,0
2026-01-06,O. EJARIA,-0.6309305402924714,-0.7636831973681714,1370.0,-0.3985472117456189,-0.5828459306963732,19.0,-1.1044532003731045,,,0,0,0.6316825989172575,0,False,True,False,False,False,True,False,False,0.09649122807017543,0.15789473684210525,0.8261689777067039,1.5830800085365684,1.2104096394252855,0.6316825989172575,-0.5828459306963732,0,1,-0.0,-0.3985472117456189,-0.0,0,1
2026-01-06,O. EJARIA,-0.6309305402924714,-0.7636831973681714,1370.0,-0.3985472117456189,-0.5828459306963732,20.0,1.900548107036516,,,0,0,0.6316825989172575,0,False,True,False,False,False,True,False,False,0.09649122807017543,0.18285714285714286,0.8261689777067039,1.5830800085365684,1.2104096394252855,0.6316825989172575,-0.5828459306963732,0,1,-0.0,-0.3985472117456189,-0.0,0,1
2026-01-06,E. GARCÍA,3.215076830176304,1.8528875410974532,3.0,2.1580536652796787,0.9355770923966461,19.0,-1.1044532003731045,Dani,-23.12764,1,1,0.6712290586014642,1,True,False,False,False,False,False,False,False,0.30337078651685395,0.15789473684210525,1.7351701189063624,1.4898032389553197,0.576311877649272,0.6712290586014642,0.9355770923966461,1,0,2.1580536652796787,0.0,0.0,3,3
2026-01-06,E. GARCÍA,3.215076830176304,1.8528875410974532,3.0,2.1580536652796787,0.9355770923966461,20.0,1.900548107036516,Dani,-23.12764,1,1,0.6712290586014642,1,True,False,False,False,False,False,False,False,0.30337078651685395,0.18285714285714286,1.7351701189063624,1.4898032389553197,0.576311877649272,0.6712290586014642,0.9355770923966461,1,0,2.1580536652796787,0.0,0.0,3,3
2026-01-06,R. VEIGA,1.0320843922962073,-0.2350830481831967,20.0,-0.2603525697442513,-1.2994051101335284,19.0,-1.1044532003731045,,,0,0,-0.25225874882795596,0,True,False,False,False,False,False,False,False,0.2376237623762376,0.15789473684210525,-4.390315637763697,-3.9641950048929795,-0.2277748042341521,-0.25225874882795596,-1.2994051101335284,0,1,-0.2603525697442513,-0.0,-0.0,3,1
2026-01-06,R. VEIGA,1.0320843922962073,-0.2350830481831967,20.0,-0.2603525697442513,-1.2994051101335284,20.0,1.900548107036516,,,0,0,-0.25225874882795596,0,True,False,False,False,False,False,False,False,0.2376237623762376,0.18285714285714286,-4.390315637763697,-3.9641950048929795,-0.2277748042341521,-0.25225874882795596,-1.2994051101335284,0,1,-0.2603525697442513,-0.0,-0.0,3,1
2026-01-06,A. LAPORTE,0.527004578930884,-0.15579302580545049,1.0,0.43062064026258595,-1.6918065655395895,19.0,-1.1044532003731045,,,0,0,0.817108314367695,0,True,False,False,True,False,False,False,False,0.14035087719298245,0.15789473684210525,-3.382744246416022,1.2238227939718158,-0.295619310371442,0.817108314367695,-1.6918065655395895,0,1,0.43062064026258595,0.0,0.0,3,2
2026-01-06,A. LAPORTE,0.527004578930884,-0.15579302580545049,1.0,0.43062064026258595,-1.6918065655395895,20.0,1.900548107036516,,,0,0,0.817108314367695,0,True,False,False,True,False,False,False,False,0.14035087719298245,0.18285714285714286,-3.382744246416022,1.2238227939718158,-0.295619310371442,0.817108314367695,-1.6918065655395895,0,1,0.43062064026258595,0.0,0.0,3,2
2026-01-07,M. RASHFORD,2.884444183558471,1.08641732477924,3.0,1.2597884922707905,-1.0434911174774015,19.0,-1.1044532003731045,Maldinillo 💥,-15.03231,0,1,0.4367524470396139,0,False,False,True,False,False,False,False,False,0.30337078651685395,0.15789473684210525,2.6550032503774177,2.289623942139107,0.3766468958993885,0.4367524470396139,-1.0434911174774015,0,1,0.0,0.0,1.2597884922707905,3,3
2026-01-07,M. RASHFORD,2.884444183558471,1.08641732477924,3.0,1.2597884922707905,-1.0434911174774015,20.0,1.5842321799407666,Maldinillo 💥,-15.03231,0,1,0.4367524470396139,0,False,False,True,False,False,False,False,False,0.30337078651685395,0.18285714285714286,2.6550032503774177,2.289623942139107,0.3766468958993885,0.4367524470396139,-1.0434911174774015,0,1,0.0,0.0,1.2597884922707905,3,3
2026-01-07,A. SÁNCHEZ,0.6062987456342888,0.10850704878703685,17.0,0.5688152822639532,-0.7875771248212746,19.0,-1.1044532003731045,,,0,0,0.938175030353805,0,False,False,True,False,False,False,False,False,0.17708333333333334,0.15789473684210525,5.587592371366294,1.0658955528156668,0.17896601403571546,0.938175030353805,-0.7875771248212746,0,1,0.0,0.0,0.5688152822639532,3,2
2026-01-07,A. SÁNCHEZ,0.6062987456342888,0.10850704878703685,17.0,0.5688152822639532,-0.7875771248212746,20.0,1.5842321799407666,,,0,0,0.938175030353805,0,False,False,True,False,False,False,False,False,0.17708333333333334,0.18285714285714286,5.587592371366294,1.0658955528156668,0.17896601403571546,0.938175030353805,-0.7875771248212746,0,1,0.0,0.0,0.5688152822639532,3,2
2026-01-07,A. SÁNCHEZ,0.6062987456342888,0.10850704878703685,17.0,0.5688152822639532,-0.15632260960282846,19.0,-1.1044532003731045,,,0,0,0.938175030353805,0,False,False,True,False,False,False,False,False,0.17708333333333334,0.15789473684210525,5.587592371366294,1.0658955528156668,0.17896601403571546,0.938175030353805,-0.15632260960282846,0,1,0.0,0.0,0.5688152822639532,3,2
2026-01-07,A. SÁNCHEZ,0.6062987456342888,0.10850704878703685,17.0,0.5688152822639532,-0.15632260960282846,20.0,1.5842321799407666,,,0,0,0.938175030353805,0,False,False,True,False,False,False,False,False,0.17708333333333334,0.18285714285714286,5.587592371366294,1.0658955528156668,0.17896601403571546,0.938175030353805,-0.15632260960282846,0,1,0.0,0.0,0.5688152822639532,3,2
2026-01-07,T. BORBAS,-0.5170352826639447,-1.2129933241753998,1370.0,-2.0568829157620283,-0.5316631321651478,19.0,-1.1044532003731045,,,0,0,3.9782331360393264,0,False,False,True,False,False,False,False,False,0.09649122807017543,0.15789473684210525,0.4262477777964742,0.2513684809525854,2.3460597582149223,3.9782331360393264,-0.5316631321651478,0,1,-0.0,-0.0,-2.0568829157620283,2,0
2026-01-07,T. BORBAS,-0.5170352826639447,-1.2129933241753998,1370.0,-2.0568829157620283,-0.5316631321651478,20.0,1.5842321799407666,,,0,0,3.9782331360393264,0,False,False,True,False,False,False,False,False,0.09649122807017543,0.18285714285714286,0.4262477777964742,0.2513684809525854,2.3460597582149223,3.9782331360393264,-0.5316631321651478,0,1,-0.0,-0.0,-2.0568829157620283,2,0
2026-01-07,ALEMÃO,-0.6246831210976578,-0.4200931003979378,14.0,-0.19125524874356753,0.23607884580323268,19.0,-1.1044532003731045,,,0,0,0.30616411497019336,1,False,False,True,False,False,True,False,False,0.15384615384615385,0.15789473684210525,1.4870146820326267,3.2662444113083673,0.6724909937549883,0.30616411497019336,0.23607884580323268,1,0,-0.0,-0.0,-0.19125524874356753,1,1
2026-01-07,ALEMÃO,-0.6246831210976578,-0.4200931003979378,14.0,-0.19125524874356753,0.23607884580323268,20.0,1.5842321799407666,,,0,0,0.30616411497019336,1,False,False,True,False,False,True,False,False,0.15384615384615385,0.18285714285714286,1.4870146820326267,3.2662444113083673,0.6724909937549883,0.30616411497019336,0.23607884580323268,1,0,-0.0,-0.0,-0.19125524874356753,1,1
2026-01-07,L. KOUROUMA,-0.6203579847320174,-1.107273294338405,222.0,-1.365909705755191,0.5602365698343267,19.0,-1.1044532003731045,,,0,0,2.2018124070050384,1,False,True,False,False,False,False,False,False,0.10227272727272728,0.15789473684210525,0.5602578407352649,0.4541723631441609,1.7848969570588882,2.2018124070050384,0.5602365698343267,1,0,-0.0,-1.365909705755191,-0.0,1,0
2026-01-07,L. KOUROUMA,-0.6203579847320174,-1.107273294338405,222.0,-1.365909705755191,0.5602365698343267,20.0,1.5842321799407666,,,0,0,2.2018124070050384,1,False,True,False,False,False,False,False,False,0.10227272727272728,0.18285714285714286,0.5602578407352649,0.4541723631441609,1.7848969570588882,2.2018124070050384,0.5602365698343267,1,0,-0.0,-1.365909705755191,-0.0,1,0
2026-01-07,Ó. TREJO,-0.6309305402924714,-0.9751232570421612,14.0,-0.4676445327463027,,19.0,-1.1044532003731045,,,0,0,0.7411992986245708,0,False,True,False,False,False,False,False,False,0.15384615384615385,0.15789473684210525,0.6470271145346157,1.3491698187019558,1.5455343184440795,0.7411992986245708,,0,0,-0.0,-0.4676445327463027,-0.0,0,1
2026-01-07,Ó. TREJO,-0.6309305402924714,-0.9751232570421612,14.0,-0.4676445327463027,,20.0,1.5842321799407666,,,0,0,0.7411992986245708,0,False,True,False,False,False,False,False,False,0.15384615384615385,0.18285714285714286,0.6470271145346157,1.3491698187019558,1.5455343184440795,0.7411992986245708,,0,0,-0.0,-0.4676445327463027,-0.0,0,1
2026-01-07,D. HUIJSEN,2.5672675167448524,-0.07650300342770429,15.0,0.22332867726053457,-1.2311613787585611,19.0,-1.1044532003731045,,,0,0,0.08699077474907158,0,True,False,False,False,False,False,False,False,0.17857142857142858,0.15789473684210525,-33.55817366496767,11.495415872337912,-0.02979937740392877,0.08699077474907158,-1.2311613787585611,0,1,0.22332867726053457,0.0,0.0,3,2
2026-01-07,D. HUIJSEN,2.5672675167448524,-0.07650300342770429,15.0,0.22332867726053457,-1.2311613787585611,20.0,1.5842321799407666,,,0,0,0.08699077474907158,0,True,False,False,False,False,False,False,False,0.17857142857142858,0.18285714285714286,-33.55817366496767,11.495415872337912,-0.02979937740392877,0.08699077474907158,-1.2311613787585611,0,1,0.22332867726053457,0.0,0.0,3,2
2026-01-07,J. ÁNGEL CARMONA,0.31074776064887116,0.37280712337952415,17.0,0.5688152822639532,-2.6874826063003603,19.0,-1.1044532003731045,,,0,0,1.8304667766855003,0,True,False,False,False,False,False,False,False,0.17708333333333334,0.15789473684210525,0.833532697281184,0.5463060224156381,1.1997059058291,1.8304667766855003,-2.7325234690078384,0,1,0.5688152822639532,0.0,0.0,2,2
2026-01-07,J. ÁNGEL CARMONA,0.31074776064887116,0.37280712337952415,17.0,0.5688152822639532,-2.6874826063003603,20.0,1.5842321799407666,,,0,0,1.8304667766855003,0,True,False,False,False,False,False,False,False,0.17708333333333334,0.18285714285714286,0.833532697281184,0.5463060224156381,1.1997059058291,1.8304667766855003,-2.7325234690078384,0,1,0.5688152822639532,0.0,0.0,2,2
2026-01-07,M. MOREY,-0.6198774140247241,-0.36723308547944034,408.0,-0.05306060674220026,0.8332114953341953,19.0,-1.1044532003731045,,,0,0,0.08559868635376715,1,True,False,False,False,False,False,False,False,0.10833333333333334,0.15789473684210525,1.687971826360004,11.682661295182815,0.5924295184826843,0.08559868635376715,0.8332114953341953,1,0,-0.05306060674220026,-0.0,-0.0,1,1
2026-01-07,M. MOREY,-0.6198774140247241,-0.36723308547944034,408.0,-0.05306060674220026,0.8332114953341953,20.0,1.5842321799407666,,,0,0,0.08559868635376715,1,True,False,False,False,False,False,False,False,0.10833333333333334,0.18285714285714286,1.687971826360004,11.682661295182815,0.5924295184826843,0.08559868635376715,0.8332114953341953,1,0,-0.05306060674220026,-0.0,-0.0,1,1
2026-01-07,V. PARADA,-0.6309305402924714,-0.4465231078571866,48.0,-0.6058391747476699,,19.0,-1.1044532003731045,,,0,0,0.9602326980391968,0,True,False,False,False,False,False,False,False,0.11224489795918367,0.15789473684210525,1.412988358673307,1.0414176038927432,0.707722620897094,0.9602326980391968,,0,0,-0.6058391747476699,-0.0,-0.0,0,0
2026-01-07,V. PARADA,-0.6309305402924714,-0.4465231078571866,48.0,-0.6058391747476699,,20.0,1.5842321799407666,,,0,0,0.9602326980391968,0,True,False,False,False,False,False,False,False,0.11224489795918367,0.18285714285714286,1.412988358673307,1.0414176038927432,0.707722620897094,0.9602326980391968,,0,0,-0.6058391747476699,-0.0,-0.0,0,0
2026-01-07,P. ESPINO,-0.6309305402924714,-0.39366309293868906,14.0,-0.2603525697442513,,19.0,-1.1044532003731045,,,0,0,0.412649199502631,0,True,False,False,False,False,False,False,False,0.15384615384615385,0.15789473684210525,1.6027210940798806,2.4233790520727316,0.6239414511423954,0.412649199502631,,0,0,-0.2603525697442513,-0.0,-0.0,0,1
2026-01-07,P. ESPINO,-0.6309305402924714,-0.39366309293868906,14.0,-0.2603525697442513,,20.0,1.5842321799407666,,,0,0,0.412649199502631,0,True,False,False,False,False,False,False,False,0.15384615384615385,0.18285714285714286,1.6027210940798806,2.4233790520727316,0.6239414511423954,0.412649199502631,,0,0,-0.2603525697442513,-0.0,-0.0,0,1
2026-01-07,B. DIABY,-0.6309305402924714,-1.0808432868791562,23.0,-0.8822284587504049,-0.27574913950902097,19.0,-1.1044532003731045,,,0,0,1.3982994968684495,0,True,False,False,False,False,False,False,False,0.1746031746031746,0.15789473684210525,0.583739688899693,0.7151563171544527,1.7130966579534768,1.3982994968684495,-0.27574913950902097,0,1,-0.8822284587504049,-0.0,-0.0,0,0
2026-01-07,B. DIABY,-0.6309305402924714,-1.0808432868791562,23.0,-0.8822284587504049,-0.27574913950902097,20.0,1.5842321799407666,,,0,0,1.3982994968684495,0,True,False,False,False,False,False,False,False,0.1746031746031746,0.18285714285714286,0.583739688899693,0.7151563171544527,1.7130966579534768,1.3982994968684495,-0.27574913950902097,0,1,-0.8822284587504049,-0.0,-0.0,0,0
2026-01-07,A. SIVERA,0.9023303013269998,1.0071273024014937,48.0,1.190691171270107,1.8398065331149607,19.0,-1.1044532003731045,,,0,0,1.3195720568698384,1,False,False,False,False,False,False,False,False,0.11224489795918367,0.15789473684210525,0.895943743389394,0.7578199664859536,1.1161391618803174,1.3195720568698384,1.8398065331149607,1,0,0.0,0.0,0.0,3,3
2026-01-07,A. SIVERA,0.9023303013269998,1.0071273024014937,48.0,1.190691171270107,1.8398065331149607,20.0,1.5842321799407666,,,0,0,1.3195720568698384,1,False,False,False,False,False,False,False,False,0.11224489795918367,0.18285714285714286,0.895943743389394,0.7578199664859536,1.1161391618803174,1.3195720568698384,1.8398065331149607,1,0,0.0,0.0,0.0,3,3
2026-01-07,P. GAZZANIGA,0.8504286649393167,0.4520971457572704,222.0,0.4997179612632697,-1.3676488415084953,19.0,-1.1044532003731045,,,0,0,0.5876064557307366,0,False,False,False,False,False,False,False,False,0.10227272727272728,0.15789473684210525,1.8810708978132114,1.7018138811252363,0.531610272308093,0.5876064557307366,-1.3676488415084953,0,1,0.0,0.0,0.0,3,2
2026-01-07,P. GAZZANIGA,0.8504286649393167,0.4520971457572704,222.0,0.4997179612632697,-1.3676488415084953,20.0,1.5842321799407666,,,0,0,0.5876064557307366,0,False,False,False,False,False,False,False,False,0.10227272727272728,0.18285714285714286,1.8810708978132114,1.7018138811252363,0.531610272308093,0.5876064557307366,-1.3676488415084953,0,1,0.0,0.0,0.0,3,2
2026-01-08,A. DANJUMA,0.552715111771079,0.3992371308387729,19.0,0.43062064026258595,-0.5828459306963732,20.0,1.267916252845017,,,0,0,0.7790991271861785,0,False,False,True,False,False,False,False,False,0.22413793103448276,0.18285714285714286,1.3844246555554731,1.2835284158827747,0.7223186050420884,0.7790991271861785,-0.5828459306963732,0,1,0.0,0.0,0.43062064026258595,3,2
2026-01-08,O. ÓSKARSSON,-0.6196371286710775,-0.9222632421236637,16.0,-0.12215792774288405,-0.27574913950902097,20.0,1.267916252845017,,,0,0,0.19714461776926076,0,False,False,True,False,False,False,False,False,0.12037037037037036,0.18285714285714286,0.6718665259940154,5.072468177779405,1.4883948812049184,0.19714461776926076,-0.27574913950902097,0,1,-0.0,-0.0,-0.12215792774288405,1,1
2026-01-08,J. KARRIKABURU,-0.6263651185731846,-0.9222632421236637,16.0,-0.8131311377497211,0.42374910708439234,20.0,1.267916252845017,,,0,0,1.2981764338640267,1,False,False,True,False,False,False,False,False,0.12037037037037036,0.18285714285714286,0.6791616201600899,0.7703134953361891,1.4724075258725189,1.2981764338640267,0.42374910708439234,1,0,-0.0,-0.0,-0.8131311377497211,1,0
2026-01-08,A. WITSEL,-0.17054380270543074,0.1613670637055343,222.0,0.3615233192619022,0.014286718834589441,20.0,1.267916252845017,,,0,0,-2.1198392047440526,1,False,True,False,False,False,False,False,False,0.10227272727272728,0.18285714285714286,-1.0568621745170121,-0.4717353539413824,-0.946196855837152,-2.1198392047440526,0.014286718834589441,1,0,0.0,0.3615233192619022,0.0,2,2
2026-01-08,P. DÍAZ,-0.6203579847320174,-0.20865304072394794,14.0,-0.3294498907449351,0.7820286968029699,20.0,1.267916252845017,,,0,0,0.5310650139407253,1,False,True,False,False,False,False,False,False,0.15384615384615385,0.18285714285714286,2.973169984724794,1.8830173728291866,0.3363435019823016,0.5310650139407253,0.7820286968029699,1,0,-0.0,-0.3294498907449351,-0.0,1,1
2026-01-08,A. GUEVARA,-0.6278068306950646,-0.36723308547944034,48.0,-0.05306060674220026,0.32138351002194165,20.0,1.267916252845017,,,0,0,0.08451754371802363,1,False,True,False,False,False,False,False,False,0.11224489795918367,0.18285714285714286,1.7095642116222785,11.832104857945483,0.5849469175411519,0.08451754371802363,0.32138351002194165,1,0,-0.0,-0.05306060674220026,-0.0,1,1
2026-01-08,P. MARÍN,-0.629729113524238,-0.4200931003979378,16.0,-0.7440338167490376,0.18489604727200734,20.0,1.267916252845017,,,0,0,1.1815159602532181,1,False,True,False,False,False,False,False,False,0.12037037037037036,0.18285714285714286,1.499026315723906,0.846372766561244,0.667102343655757,1.1815159602532181,0.18489604727200734,1,0,-0.0,-0.7440338167490376,-0.0,0,0
2026-01-08,S. BECERRA,-0.6309305402924714,-1.1865633167161511,14.0,-1.8495909527599772,,20.0,1.267916252845017,,,0,0,2.9315332927708337,0,False,True,False,False,False,False,False,False,0.15384615384615385,0.18285714285714286,0.5317297974189773,0.3411191433814778,1.8806589974628738,2.9315332927708337,,0,0,-0.0,-1.8495909527599772,-0.0,0,0
2026-01-08,J. RODRÍGUEZ,-0.37983234573168984,0.05564703386853938,5.0,0.1542313562598511,0.5431756369905849,20.0,1.267916252845017,Los marinero,-1.735,1,1,-0.406052207099303,1,True,False,False,False,False,False,False,False,0.16049382716049382,0.18285714285714286,-6.825620229979555,-2.462728022463375,-0.1465045855058209,-0.406052207099303,0.5431756369905849,1,0,0.1542313562598511,0.0,0.0,2,2
2026-01-08,L. FELIPE,-0.6304499695851781,-0.7901132048274201,14.0,-0.4676445327463027,0.13371324874078197,20.0,1.267916252845017,,,0,0,0.7417642906990598,1,True,False,False,False,False,False,False,False,0.15384615384615385,0.18285714285714286,0.7979246058132766,1.3481421754787701,1.2532548119593212,0.7417642906990598,0.13371324874078197,1,0,-0.4676445327463027,-0.0,-0.0,0,1
2026-01-09,B. IGLESIAS,2.574956648061546,1.482867436667971,5.0,2.088956344278995,1.6862581375212848,20.0,0.9516003257492676,Maldinillo 💥,-16.59209,1,1,0.8112585253010209,1,False,False,True,False,False,False,False,False,0.16049382716049382,0.18285714285714286,1.7364700632832368,1.232651616900437,0.5758803208993704,0.8112585253010209,1.6862581375212848,1,0,0.0,0.0,2.088956344278995,3,3
2026-01-09,G. MORENO,2.2104437665795307,0.3463771159202754,20.0,2.1711821562698126,0.850272428177937,20.0,0.9516003257492676,Maldinillo 💥,-16.19306,1,1,1.3826714354043566,1,False,False,True,False,False,False,False,False,0.2376237623762376,0.18285714285714286,6.381591864447639,0.7232370574858754,0.15670019045816902,1.3826714354043566,0.850272428177937,1,0,0.0,0.0,3.056318838288568,3,3
2026-01-09,A. SÁNCHEZ,0.5805882127940939,0.10850704878703685,17.0,0.5688152822639532,0.9355770923966461,20.0,0.9516003257492676,,,0,0,0.9797207211731018,1,False,False,True,False,False,False,False,False,0.17708333333333334,0.18285714285714286,5.350646512256288,1.0206954879759895,0.18689125873497567,0.9797207211731018,0.9355770923966461,1,0,0.0,0.0,0.5688152822639532,3,2
2026-01-09,A. SÁNCHEZ,0.5805882127940939,0.10850704878703685,17.0,0.5688152822639532,-0.7363943262900493,20.0,0.9516003257492676,,,0,0,0.9797207211731018,0,False,False,True,False,False,False,False,False,0.17708333333333334,0.18285714285714286,5.350646512256288,1.0206954879759895,0.18689125873497567,0.9797207211731018,-0.7363943262900493,0,1,0.0,0.0,0.5688152822639532,3,2
2026-01-09,M. JOSEPH,-0.35171895935502817,0.18779707116478303,408.0,0.08513403525916731,-0.6510896620713403,20.0,0.9516003257492676,,,0,0,-0.24205199932151325,0,False,False,True,False,False,False,False,False,0.10833333333333334,0.18285714285714286,-1.8728571447702096,-4.131306908892778,-0.5339422289073913,-0.24205199932151325,-0.6510896620713403,0,1,0.0,0.0,0.08513403525916731,2,2
2026-01-09,G. RASPADORI,-0.621559411500251,-0.605103152612679,2.0,-0.7440338167490376,0.44081003992813417,20.0,0.9516003257492676,,,0,0,1.1970456886797955,1,False,False,True,False,False,False,False,False,0.2857142857142857,0.18285714285714286,1.0271974885835617,0.8353924685957812,0.9735258045211648,1.1970456886797955,0.44081003992813417,1,0,-0.0,-0.0,-0.7440338167490376,1,0
2026-01-09,A. OSAMBELA,-0.6309305402924714,-0.895833234664415,50.0,-0.6749364957483537,,20.0,0.9516003257492676,,,0,0,1.06974939774651,0,False,True,False,False,False,False,False,False,0.18181818181818182,0.18285714285714286,0.7042954203683265,0.9348012428845656,1.4198625638120317,1.06974939774651,,0,0,-0.0,-0.6749364957483537,-0.0,0,0
2026-01-09,Á. SANCRIS,-0.6309305402924714,-0.5258131302349327,9.0,-0.6749364957483537,,20.0,0.9516003257492676,,,0,0,1.06974939774651,0,False,True,False,False,False,False,False,False,0.17117117117117117,0.18285714285714286,1.199916289513085,0.9348012428845656,0.8333943755291418,1.06974939774651,,0,0,-0.0,-0.6749364957483537,-0.0,0,0
2026-01-09,R. VEIGA,0.9785007584329973,-0.2350830481831967,20.0,-0.2603525697442513,-1.3676488415084953,20.0,0.9516003257492676,,,0,0,-0.2660726641525794,0,True,False,False,False,False,False,False,False,0.2376237623762376,0.18285714285714286,-4.1623797563243246,-3.758382403433168,-0.24024795679434024,-0.2660726641525794,-1.3676488415084953,0,1,-0.2603525697442513,-0.0,-0.0,3,1
2026-01-09,S. GÓMEZ,0.3434265687448198,0.3199471084610267,16.0,0.1542313562598511,-0.4463584679464389,20.0,0.9516003257492676,,,0,0,0.44909427866710105,0,True,False,False,False,False,False,False,False,0.12037037037037036,0.18285714285714286,1.0733820881039935,2.226683019522919,0.9316290757622898,0.44909427866710105,-0.4463584679464389,0,1,0.1542313562598511,0.0,0.0,2,2
2026-01-09,J. GIMÉNEZ,0.1728239676556763,-0.36723308547944034,2.0,1.121593850269423,1.9251111973336699,20.0,0.9516003257492676,Dani,-4.0094,1,1,6.4897674536471115,1,True,False,False,False,False,False,False,False,0.2857142857142857,0.18285714285714286,-0.47061238516249404,0.15408769718776932,-2.1248844450015367,6.4897674536471115,1.9251111973336699,1,0,1.121593850269423,0.0,0.0,2,3
2026-01-09,M. SÁNCHEZ,-0.19433205271645212,0.42566713829802166,12.0,0.7761072452660043,-1.1117348488523686,20.0,0.9516003257492676,,,0,0,-3.9937376678467342,0,True,False,False,False,False,False,False,False,0.125,0.18285714285714286,-0.4565341758804486,-0.25039297533792665,-2.1904226439770866,-3.9937376678467342,-1.1117348488523686,0,1,0.7761072452660043,0.0,0.0,2,3
2026-01-09,L. PÉTROT,-0.6193968433174307,-0.5786731451534302,23.0,-0.9513257797510886,0.9185161595529042,20.0,0.9516003257492676,,,0,0,1.535893064208939,1,True,False,False,False,False,False,False,False,0.1746031746031746,0.18285714285714286,1.070376116260448,0.6510887306851127,0.9342541629826037,1.535893064208939,0.9185161595529042,1,0,-0.9513257797510886,-0.0,-0.0,1,0
2026-01-09,D. CALVO,-0.6309305402924714,-0.4465231078571866,1370.0,0.1542313562598511,-0.03689607969663593,20.0,0.9516003257492676,,,0,0,-0.24445099874124798,0,True,False,False,False,False,False,False,False,0.09649122807017543,0.18285714285714286,1.412988358673307,-4.090779364282537,0.707722620897094,-0.24445099874124798,-0.03689607969663593,0,1,0.1542313562598511,0.0,0.0,0,2
2026-01-09,A. SIVERA,0.9508679427636293,1.0071273024014937,48.0,1.190691171270107,1.754501868896252,20.0,0.9516003257492676,,,0,0,1.2522137570393794,1,False,False,False,False,False,False,False,False,0.11224489795918367,0.18285714285714286,0.9441378427120837,0.7985841896897181,1.0591652089028734,1.2522137570393794,1.754501868896252,1,0,0.0,0.0,0.0,3,3
2026-01-09,J. MUSSO,-0.6309305402924714,-1.107273294338405,2.0,0.7070099242653208,,20.0,0.9516003257492676,,,0,0,-1.1205845963997532,0,False,False,False,False,False,False,False,False,0.2857142857142857,0.18285714285714286,0.5698061294574812,-0.8923915015147649,1.754987242830826,-1.1205845963997532,,0,0,0.0,0.0,0.0,0,3
2026-01-10,A. GONZÁLEZ,-0.6213191261466041,-0.49938312277568403,17.0,-0.19125524874356753,0.7820286968029699,20.0,0.635284398653518,,,0,0,0.3078217755044854,1,False,False,True,True,False,False,False,False,0.17708333333333334,0.18285714285714286,1.24417574800869,3.2486552859783253,0.8037478736904761,0.3078217755044854,0.7820286968029699,1,0,-0.0,-0.0,-0.19125524874356753,1,1
2026-01-10,C. BAKAMBU,-0.6268456892804779,-0.8694032272051663,4.0,-0.7440338167490376,0.23607884580323268,20.0,0.635284398653518,,,0,0,1.1869508180775608,1,False,False,True,False,False,False,True,False,0.19230769230769232,0.18285714285714286,0.7210076874263073,0.842497367279316,1.386951572012373,1.1869508180775608,0.23607884580323268,1,0,-0.0,-0.0,-0.7440338167490376,1,0
2026-01-10,P. GARCÍA,-0.6304499695851781,-0.4729531153164353,4.0,-0.3294498907449351,0.13371324874078197,20.0,0.635284398653518,,,0,0,0.5225639292609299,1,False,False,True,False,False,False,False,False,0.19230769230769232,0.18285714285714286,1.3330101487406745,1.9136503029639371,0.7501846114961983,0.5225639292609299,0.13371324874078197,1,0,-0.0,-0.0,-0.3294498907449351,0,1
2026-01-10,S. AMRABAT,0.8677292104018777,-0.02364298850920682,4.0,1.8125670602762602,-0.7193333934463075,20.0,0.635284398653518,,,0,0,2.088860153246012,0,False,True,False,False,False,False,True,False,0.19230769230769232,0.18285714285714286,-36.70288605647367,0.47872917404802107,-0.027246934848859167,2.088860153246012,-0.7193333934463075,0,1,0.0,1.8125670602762602,0.0,3,3
2026-01-10,D. LÓPEZ,0.04883672517398894,0.4520971457572704,19.0,0.3615233192619022,-2.0330252224144254,20.0,0.635284398653518,,,0,0,7.40254215309869,0,False,True,False,False,False,False,False,False,0.22413793103448276,0.18285714285714286,0.10802239653557255,0.13508558780691524,9.257129486408964,7.40254215309869,-2.0330252224144254,0,1,0.0,0.3615233192619022,0.0,2,2
2026-01-10,D. LÓPEZ,0.04883672517398894,0.4520971457572704,19.0,0.3615233192619022,-0.6510896620713403,20.0,0.635284398653518,,,0,0,7.40254215309869,0,False,True,False,False,False,False,False,False,0.22413793103448276,0.18285714285714286,0.10802239653557255,0.13508558780691524,9.257129486408964,7.40254215309869,-0.6510896620713403,0,1,0.0,0.3615233192619022,0.0,2,2
2026-01-10,D. LÓPEZ,0.04883672517398894,0.4520971457572704,19.0,0.3615233192619022,-0.07101794538411951,20.0,0.635284398653518,,,0,0,7.40254215309869,0,False,True,False,False,False,False,False,False,0.22413793103448276,0.18285714285714286,0.10802239653557255,0.13508558780691524,9.257129486408964,7.40254215309869,-0.07101794538411951,0,1,0.0,0.3615233192619022,0.0,2,2
2026-01-10,B. TURRIENTES,-0.5807109013803151,-0.2615130556424454,16.0,0.43062064026258595,0.6626021668967774,20.0,0.635284398653518,,,0,0,-0.7415417564588183,1,False,True,False,False,False,False,False,False,0.12037037037037036,0.18285714285714286,2.2205894101276042,-1.34854091639753,0.4503333850875342,-0.7415417564588183,0.6626021668967774,1,0,0.0,0.43062064026258595,0.0,2,2
2026-01-10,J. CARRERAS,-0.6174745604882572,-0.39366309293868906,8.0,-0.12215792774288405,0.13371324874078197,20.0,0.635284398653518,Chamacónicos,-0.416,0,1,0.19783507434114206,1,False,True,False,False,False,False,False,False,0.0641025641025641,0.18285714285714286,1.5685395458800901,5.054764980565965,0.6375383791775738,0.19783507434114206,0.13371324874078197,1,0,-0.0,-0.12215792774288405,-0.0,1,1
2026-01-10,D. HUIJSEN,2.5067156076258885,-0.07650300342770429,15.0,0.22332867726053457,-1.725928431227073,20.0,0.635284398653518,,,0,0,0.08909211220012986,0,True,False,False,False,False,False,True,False,0.17857142857142858,0.18285714285714286,-32.766666169661534,11.2242834824929,-0.030519207155275636,0.08909211220012986,-1.725928431227073,0,1,0.22332867726053457,0.0,0.0,3,2
2026-01-10,D. BLIND,0.1646542656316892,0.0820770413277881,222.0,0.08513403525916731,0.5602365698343267,20.0,0.635284398653518,Dani,-3.72697,0,1,0.5170441099017158,1,True,False,False,False,False,False,False,False,0.10227272727272728,0.18285714285714286,2.006069625542396,1.9340365001371076,0.4984780839708034,0.5170441099017158,0.5602365698343267,1,0,0.08513403525916731,0.0,0.0,2,2
2026-01-10,C. RIEDEL,-0.5595657902594072,-0.39366309293868906,8.0,0.637912603264637,-0.6510896620713403,20.0,0.635284398653518,,,0,0,-1.1400156235150334,0,True,False,False,False,False,False,False,False,0.0641025641025641,0.18285714285714286,1.4214368116631357,-0.8771811533657994,0.7035165539207565,-1.1400156235150334,-0.6510896620713403,0,1,0.637912603264637,0.0,0.0,2,2
2026-01-11,G. KOYALIPOU,-0.6309305402924714,-0.49938312277568403,12.0,-0.3294498907449351,-0.12220074391534486,20.0,0.3189684715577685,,,0,0,0.5221658992099443,0,False,False,True,False,False,True,False,False,0.125,0.18285714285714286,1.2634223603872925,1.9151090139227347,0.7915037906517927,0.5221658992099443,-0.12220074391534486,0,1,-0.0,-0.0,-0.3294498907449351,0,1
2026-01-11,A. KAMARA,-0.6309305402924714,-0.8694032272051663,9.0,-1.0895204217524561,,20.0,0.3189684715577685,,,0,0,1.7268495959903891,0,False,False,True,True,False,False,False,False,0.17117117117117117,0.18285714285714286,0.725706146763276,0.5790906776839649,1.3779719789346825,1.7268495959903891,,0,0,-0.0,-0.0,-1.0895204217524561,0,0
2026-01-11,B. TURRIENTES,-0.5749440528927947,-0.2615130556424454,16.0,0.43062064026258595,0.5090537713031014,20.0,0.3189684715577685,Jotabetrbb,-0.423,0,1,-0.748979639106763,1,False,True,False,False,False,False,False,False,0.12037037037037036,0.18285714285714286,2.1985374688763555,-1.3351490012025484,0.4548503618343708,-0.748979639106763,0.5090537713031014,1,0,0.0,0.43062064026258595,0.0,2,2
2026-01-11,B. DÍAZ,-0.5903223155261823,-0.5522431376941814,15.0,-0.6058391747476699,0.40668817424065057,20.0,0.3189684715577685,Maldinillo 💥,-0.32949,0,1,1.0262871402630207,1,False,True,False,False,False,False,True,False,0.17857142857142858,0.18285714285714286,1.0689555816783558,0.9743894329076409,0.9354958446688311,1.0262871402630207,0.40668817424065057,1,0,-0.0,-0.6058391747476699,-0.0,1,0
2026-01-11,H. FORT,-0.3058244568085121,-0.02364298850920682,23.0,1.397983134272158,-0.9752473861024343,20.0,0.3189684715577685,,,0,0,-4.571209641213,0,True,False,False,True,False,False,False,False,0.1746031746031746,0.18285714285714286,12.935648652794834,-0.21876103548752762,0.07730927102825408,-4.571209641213,-0.9752473861024343,0,1,1.397983134272158,0.0,0.0,2,3
2026-01-11,J. CRUZ,-0.625163691804951,-0.605103152612679,50.0,-0.7440338167490376,0.5090537713031014,20.0,0.3189684715577685,,,0,0,1.1901443040384982,1,True,False,False,False,False,False,False,False,0.18181818181818182,0.18285714285714286,1.0331539709545758,0.8402367176981911,0.9679130897361187,1.1901443040384982,0.5090537713031014,1,0,-0.7440338167490376,-0.0,-0.0,1,0
2026-01-11,T. LATO,-0.6309305402924714,-1.0279832719606588,408.0,-0.8131311377497211,,20.0,0.3189684715577685,,,0,0,1.2887827971611363,0,True,False,False,False,False,False,False,False,0.10833333333333334,0.18285714285714286,0.6137562460966421,0.7759281214671566,1.6293154881987781,1.2887827971611363,,0,0,-0.8131311377497211,-0.0,-0.0,0,0
2026-01-11,M. DMITROVIĆ,1.8012378093192332,1.2449973695347323,8.0,1.5361777762735256,0.49199283845935954,20.0,0.3189684715577685,,,0,0,0.8528451465322993,1,False,False,False,False,False,False,False,False,0.0641025641025641,0.18285714285714286,1.4467792516004443,1.1725443920587746,0.6911895097381736,0.8528451465322993,0.49199283845935954,1,0,0.0,0.0,0.0,3,3
2026-01-11,P. GAZZANIGA,0.7684913593457984,0.5313871681350165,222.0,0.4997179612632697,-1.640623767008364,20.0,0.3189684715577685,,,0,0,0.6502575532288561,0,False,False,False,False,False,False,False,False,0.10227272727272728,0.18285714285714286,1.4461958421899563,1.5378471079085787,0.691467080541146,0.6502575532288561,-1.640623767008364,0,1,0.0,0.0,0.0,3,2
2026-01-11,A. REMIRO,0.2655741141632952,0.3992371308387729,16.0,0.1542313562598511,1.3621004134901906,20.0,0.3189684715577685,,,0,0,0.5807447612166639,1,False,False,False,False,False,False,False,False,0.12037037037037036,0.18285714285714286,0.6652022781625131,1.7219092063655903,1.5032927015642454,0.5807447612166639,1.3621004134901906,1,0,0.0,0.0,0.0,2,2
2026-01-12,I. ROMERO,0.9237156978015543,0.7428272278090065,12.0,1.3288858132714745,-1.2141004459148195,20.0,0.0026525444620189103,,,0,0,1.4386291992276665,0,False,False,True,False,False,False,False,False,0.125,0.18285714285714286,1.2435118419315871,0.6951048716688945,0.8041721337039107,1.4386291992276665,-1.2141004459148195,0,1,0.0,0.0,1.3288858132714745,3,3
2026-01-12,I. ROMERO,0.9237156978015543,0.7428272278090065,12.0,1.3288858132714745,-0.8728817890399836,20.0,0.0026525444620189103,,,0,0,1.4386291992276665,0,False,False,True,False,False,False,False,False,0.125,0.18285714285714286,1.2435118419315871,0.6951048716688945,0.8041721337039107,1.4386291992276665,-0.8728817890399836,0,1,0.0,0.0,1.3288858132714745,3,3
2026-01-12,I. ASPAS,0.73797511943267,0.3463771159202754,5.0,0.4997179612632697,-1.1970395130710776,20.0,0.0026525444620189103,,,0,0,0.6771465201982894,0,False,False,True,False,False,False,False,False,0.16049382716049382,0.18285714285714286,2.1305477612867643,1.4767803038073604,0.4693608733390423,0.6771465201982894,-1.1970395130710776,0,1,0.0,0.0,0.4997179612632697,3,2
2026-01-12,T. ASANO,-0.6275665453414179,-0.36723308547944034,408.0,-0.3294498907449351,0.04840858452207302,20.0,0.0026525444620189103,,,0,0,0.5249649111404016,1,False,False,True,False,False,False,False,False,0.10833333333333334,0.18285714285714286,1.7089098969173608,1.9048980372111513,0.5851708848669386,0.5249649111404016,0.04840858452207302,1,0,-0.0,-0.0,-0.3294498907449351,1,1
2026-01-12,C. BAKAMBU,-0.6287679721096513,-0.8694032272051663,4.0,-0.7440338167490376,0.2531397786469745,20.0,0.0026525444620189103,Dani,-0.95109,1,1,1.1833220409981788,1,False,False,True,False,False,False,True,False,0.19230769230769232,0.18285714285714286,0.7232187271142926,0.8450809668006013,1.3827113473981107,1.1833220409981788,0.2531397786469745,1,0,-0.0,-0.0,-0.7440338167490376,0,0
2026-01-12,D. OLMO,2.0035580770897385,1.1392773396977374,3.0,2.1711821562698126,1.6350753389900594,20.0,0.0026525444620189103,Jotabetrbb,-13.429018,3,1,1.180571940867101,1,False,True,False,False,False,False,False,False,0.30337078651685395,0.18285714285714286,1.7586203540227965,0.8470462862118405,0.5686267765822957,1.180571940867101,1.6350753389900594,1,0,0.0,2.3653456282817302,0.0,3,3
2026-01-12,M. ROCA,0.20382077827609815,-0.050072995968455554,4.0,0.08513403525916731,0.7649677639592282,20.0,0.0026525444620189103,,,0,0,0.4176886100161694,1,False,True,False,False,False,False,False,False,0.19230769230769232,0.18285714285714286,-4.070554295548784,2.394088140747564,-0.24567048914972367,0.4176886100161694,0.7649677639592282,1,0,0.0,0.08513403525916731,0.0,2,2
2026-01-12,J. SÁNCHEZ,-0.6088242877569767,-0.2615130556424454,17.0,-0.2603525697442513,-0.19044447529031205,20.0,0.0026525444620189103,Los marinero,-0.252,0,1,0.4276324098958842,0,True,False,False,False,False,False,False,False,0.17708333333333334,0.18285714285714286,2.3280926237274384,2.33846981738976,0.42953852275577425,0.4276324098958842,-0.19044447529031205,0,1,-0.2603525697442513,-0.0,-0.0,1,1
2026-01-12,J. VERTROUWD,-0.6263651185731846,-1.0544132794199075,14.0,-1.0204231007517723,0.42374910708439234,20.0,0.0026525444620189103,,,0,0,1.6291212578974474,1,True,False,False,False,False,False,False,False,0.15384615384615385,0.18285714285714286,0.5940419424153366,0.6138294320671068,1.6833871036894485,1.6291212578974474,0.42374910708439234,1,0,-1.0204231007517723,-0.0,-0.0,1,0
2026-01-12,D. LÓPEZ,-0.628287401402358,-1.1601333092569024,408.0,-0.6749364957483537,0.7308458982717445,20.0,0.0026525444620189103,,,0,0,1.0742497278977725,1,True,False,False,False,False,False,False,False,0.10833333333333334,0.18285714285714286,0.5415652993965782,0.9308851073327039,1.8465039298438466,1.0742497278977725,0.7308458982717445,1,0,-0.6749364957483537,-0.0,-0.0,1,0
2026-01-12,D. LÓPEZ,-0.628287401402358,-1.1601333092569024,408.0,-0.6749364957483537,0.28726164433445806,20.0,0.0026525444620189103,,,0,0,1.0742497278977725,1,True,False,False,False,False,False,False,False,0.10833333333333334,0.18285714285714286,0.5415652993965782,0.9308851073327039,1.8465039298438466,1.0742497278977725,0.28726164433445806,1,0,-0.6749364957483537,-0.0,-0.0,1,0
2026-01-12,D. LÓPEZ,-0.628287401402358,-1.1601333092569024,408.0,-0.6749364957483537,-1.4529535057272045,20.0,0.0026525444620189103,,,0,0,1.0742497278977725,0,True,False,False,False,False,False,False,False,0.10833333333333334,0.18285714285714286,0.5415652993965782,0.9308851073327039,1.8465039298438466,1.0742497278977725,-1.4529535057272045,0,1,-0.6749364957483537,-0.0,-0.0,1,0
2026-01-12,P. GAZZANIGA,0.7478268189321837,0.5313871681350165,222.0,0.4997179612632697,-1.3676488415084953,20.0,0.0026525444620189103,,,0,0,0.6682259587197655,0,False,False,False,False,False,False,False,False,0.10227272727272728,0.18285714285714286,1.4073079977613914,1.496494783871533,0.7105742186667771,0.6682259587197655,-1.3676488415084953,0,1,0.0,0.0,0.0,3,2
2026-01-13,ISCO,2.0667531250988156,-1.0808432868791562,4.0,1.397983134272158,-1.7429893640708147,20.0,-0.3136633826337306,,,0,0,0.676414827141239,0,False,True,False,True,False,False,False,False,0.19230769230769232,0.18285714285714286,-1.9121690094735249,1.478380959004834,-0.5229665559890821,0.676414827141239,-1.7429893640708147,0,1,0.0,1.397983134272158,0.0,3,3
2026-01-13,L. RIOJA,0.4967286243714022,0.6106771905127628,19.0,0.5688152822639532,-2.118329886633134,20.0,-0.3136633826337306,,,0,0,1.1451205129627078,0,False,True,False,False,False,False,False,False,0.22413793103448276,0.18285714285714286,0.8134048867118021,0.8732672391063878,1.2293955515247519,1.1451205129627078,-2.118329886633134,0,1,0.0,0.5688152822639532,0.0,3,2
2026-01-13,A. ZAKHARYAN,-0.6242025503903643,-0.6315331600719277,16.0,-0.8131311377497211,0.2702007114907163,20.0,-0.3136633826337306,,,0,0,1.3026740116893394,1,False,True,False,False,False,False,False,False,0.12037037037037036,0.18285714285714286,0.9883939248941359,0.7676539355899411,1.011745580697418,1.3026740116893394,0.2702007114907163,1,0,-0.0,-0.8131311377497211,-0.0,1,0
2026-01-13,L. ILIC,-0.6309305402924714,-0.6315331600719277,1370.0,-0.8822284587504049,,20.0,-0.3136633826337306,,,0,0,1.3982994968684495,0,False,True,False,False,False,False,False,False,0.09649122807017543,0.18285714285714286,0.9990473647780855,0.7151563171544527,1.000956715038539,1.3982994968684495,,0,0,-0.0,-0.8822284587504049,-0.0,0,0
2026-01-13,S. MOURIÑO,0.6288855688770767,0.029217026409290647,20.0,0.637912603264637,0.7990896296467117,20.0,-0.3136633826337306,Dani,-7.35536,0,1,1.014352404446603,1,True,False,False,False,False,False,False,False,0.2376237623762376,0.18285714285714286,21.523889398536028,0.9858475593852244,0.04645834058987744,1.014352404446603,0.7990896296467117,1,0,0.637912603264637,0.0,0.0,3,2
2026-01-13,S. CARDONA,0.011111924651460022,0.0820770413277881,20.0,0.22332867726053457,0.2190179129594909,20.0,-0.3136633826337306,Los marinero,-3.122,0,1,20.096300862725055,1,True,False,False,False,False,False,False,False,0.2376237623762376,0.18285714285714286,0.1353824295962823,0.049755701023545304,7.3857282310471515,20.096300862725055,0.2190179129594909,1,0,0.22332867726053457,0.0,0.0,2,2
2026-01-13,H. BELLERÍN,-0.18207749968047143,0.3199471084610267,4.0,0.43062064026258595,-0.7193333934463075,20.0,-0.3136633826337306,,,0,0,-2.3650533760166086,0,True,False,False,False,False,False,False,False,0.19230769230769232,0.18285714285714286,-0.5690844698419292,-0.42282477854444006,-1.7572125399077108,-2.3650533760166086,-0.7193333934463075,0,1,0.43062064026258595,0.0,0.0,2,2
2026-01-13,J. TORRENTS,-0.6278068306950646,-1.0279832719606588,3.0,-0.4676445327463027,0.32138351002194165,20.0,-0.3136633826337306,,,0,0,0.744887208563447,1,True,False,False,False,False,False,False,False,0.30337078651685395,0.18285714285714286,0.6107175656810266,1.3424901377512488,1.6374223075031726,0.744887208563447,0.32138351002194165,1,0,-0.4676445327463027,-0.0,-0.0,1,1
2026-01-13,V. PARADA,-0.621559411500251,-0.39366309293868906,48.0,-0.6058391747476699,0.7308458982717445,20.0,-0.3136633826337306,,,0,0,0.9747099605415368,1,True,False,False,False,False,False,False,False,0.11224489795918367,0.18285714285714286,1.578916087297884,1.0259495644346428,0.6333485086116161,0.9747099605415368,0.7308458982717445,1,0,-0.6058391747476699,-0.0,-0.0,1,0
2026-01-13,D. LÓPEZ,-0.6309305402924714,-1.1601333092569024,408.0,-0.6749364957483537,-1.3676488415084953,20.0,-0.3136633826337306,,,0,0,1.06974939774651,0,True,False,False,False,False,False,False,False,0.10833333333333334,0.18285714285714286,0.5438436075421434,0.9348012428845656,1.8387684125855246,1.06974939774651,-1.3676488415084953,0,1,-0.6749364957483537,-0.0,-0.0,0,0
2026-01-13,D. LÓPEZ,-0.6309305402924714,-1.1601333092569024,408.0,-0.6749364957483537,-0.5316631321651478,20.0,-0.3136633826337306,,,0,0,1.06974939774651,0,True,False,False,False,False,False,False,False,0.10833333333333334,0.18285714285714286,0.5438436075421434,0.9348012428845656,1.8387684125855246,1.06974939774651,-0.5316631321651478,0,1,-0.6749364957483537,-0.0,-0.0,0,0
2026-01-13,D. LÓPEZ,-0.6309305402924714,-1.1601333092569024,408.0,-0.6749364957483537,-0.08807887822786128,20.0,-0.3136633826337306,,,0,0,1.06974939774651,0,True,False,False,False,False,False,False,False,0.10833333333333334,0.18285714285714286,0.5438436075421434,0.9348012428845656,1.8387684125855246,1.06974939774651,-0.08807887822786128,0,1,-0.6749364957483537,-0.0,-0.0,0,0
2026-01-13,M. RYAN,1.494873983419715,0.9278372800237475,12.0,1.4670804552728416,2.3004517198959893,20.0,-0.3136633826337306,,,0,0,0.9814067875540403,1,False,False,False,False,False,False,False,False,0.125,0.18285714285714286,1.6111363538282277,1.0189440934223415,0.6206788462679353,0.9814067875540403,2.3004517198959893,1,0,0.0,0.0,0.0,3,3
2026-01-13,A. SIVERA,1.0164658443091732,1.0599873173199912,48.0,1.0524965292687394,1.1232473536778056,20.0,-0.3136633826337306,,,0,0,1.035446001176805,1,False,False,False,False,False,False,False,False,0.11224489795918367,0.18285714285714286,0.9589406106655426,0.9657655396259216,1.0428154378615233,1.035446001176805,1.1232473536778056,1,0,0.0,0.0,0.0,3,3
2026-01-13,Á. FORTUÑO,-0.6205982700856641,-1.2129933241753998,8.0,-2.0568829157620283,0.8332114953341953,20.0,-0.3136633826337306,,,0,0,3.314360237965769,1,False,False,False,False,False,False,False,False,0.0641025641025641,0.18285714285714286,0.5116258839540068,0.30171798649692855,1.9545579438465213,3.314360237965769,0.8332114953341953,1,0,-0.0,-0.0,-0.0,1,0
2026-01-14,R. GARCÍA DE HARO,-0.275067931541737,0.4520971457572704,50.0,0.3615233192619022,0.5090537713031014,20.0,-0.6299793097294802,,,0,0,-1.3143103652466739,1,False,False,True,False,False,False,False,False,0.18181818181818182,0.18285714285714286,-0.6084252592564708,-0.7608559559791804,-1.6435895918978247,-1.3143103652466739,0.5090537713031014,1,0,0.0,0.0,0.3615233192619022,2,2
2026-01-14,U. SADIQ,-0.5254452700415786,-0.9222632421236637,19.0,-0.8131311377497211,0.7990896296467117,20.0,-0.6299793097294802,Dani,-0.9446,1,1,1.5475116660523822,1,False,False,True,False,False,False,False,False,0.22413793103448276,0.18285714285714286,0.5697352076689735,0.6462007071779561,1.7552065836604989,1.5475116660523822,0.7990896296467117,1,0,-0.0,-0.0,-0.8131311377497211,2,0
2026-01-14,A. GÜLER,3.3832765777289806,1.1921373546162348,15.0,1.2597884922707905,-0.7022724606025658,20.0,-0.6299793097294802,,,0,0,0.37235741476359185,0,False,True,False,False,False,False,False,False,0.17857142857142858,0.18285714285714286,2.8379898730949753,2.685588821375682,0.352361675099817,0.37235741476359185,-0.7022724606025658,0,1,0.0,1.2597884922707905,0.0,3,3
2026-01-14,M. JAUREGIZAR,0.7180314350799955,0.689967212890509,1.0,0.5688152822639532,-0.5146021993214059,20.0,-0.6299793097294802,Chamacónicos,-5.964,0,1,0.7921860552171043,0,False,True,False,False,False,False,False,False,0.14035087719298245,0.18285714285714286,1.0406732102511218,1.262325741137629,0.960913712503308,0.7921860552171043,-0.5146021993214059,0,1,0.0,0.5688152822639532,0.0,3,2
2026-01-14,M. BUENO,-0.6309305402924714,-1.0279832719606588,17.0,-0.4676445327463027,,20.0,-0.6299793097294802,,,0,0,0.7411992986245708,0,False,True,False,False,False,False,False,False,0.17708333333333334,0.18285714285714286,0.6137562460966421,1.3491698187019558,1.6293154881987781,0.7411992986245708,,0,0,-0.0,-0.4676445327463027,-0.0,0,1
2026-01-14,R. MARÍN,1.0010875816757856,0.42566713829802166,20.0,1.2597884922707905,-1.6065019013208806,20.0,-0.6299793097294802,,,0,0,1.2584186008414469,0,True,False,False,False,False,False,False,False,0.2376237623762376,0.18285714285714286,2.3518029460191765,0.7946467150407085,0.42520426872262446,1.2584186008414469,-1.6065019013208806,0,1,1.2597884922707905,0.0,0.0,3,3
2026-01-14,J. IGLESIAS,-0.09989990873330651,0.5578171755942654,9.0,0.4997179612632697,-0.03689607969663593,20.0,-0.6299793097294802,Chamacónicos,-2.38,0,1,-5.002236436809672,0,True,False,False,False,False,False,False,False,0.17117117117117117,0.18285714285714286,-0.17909045116158012,-0.19991218360168583,-5.583816506779197,-5.002236436809672,-0.03689607969663593,0,1,0.4997179612632697,0.0,0.0,2,2
2026-01-14,J. TOLJAN,-0.38728119169473696,0.4785271532165191,12.0,0.43062064026258595,0.03134765167833123,20.0,-0.6299793097294802,,,0,0,-1.111909799409547,1,True,False,False,False,False,False,False,False,0.125,0.18285714285714286,-0.8093174645870925,-0.8993537608991952,-1.235609678673432,-1.111909799409547,0.03134765167833123,1,0,0.43062064026258595,0.0,0.0,2,2
2026-01-14,L. FELIPE,-0.6249234064513044,-0.7901132048274201,14.0,-0.4676445327463027,0.11665231589704018,20.0,-0.6299793097294802,,,0,0,0.7483241565971004,1,True,False,False,True,False,False,False,False,0.15384615384615385,0.18285714285714286,0.7909299497377124,1.3363242784121345,1.264338094891126,0.7483241565971004,0.11665231589704018,1,0,-0.4676445327463027,-0.0,-0.0,1,1
2026-01-14,J. GARCIA,3.1160792644738713,1.2185673620754836,3.0,2.1711821562698126,0.7820286968029699,20.0,-0.6299793097294802,Libre,-15.75408,0,1,0.9142982957685639,1,False,False,False,False,False,False,False,False,0.30337078651685395,0.18285714285714286,2.5571640963716797,1.0937342142222803,0.39105775803282466,0.9142982957685639,0.7820286968029699,1,0,0.0,0.0,0.0,3,3
2026-01-14,M. RYAN,1.5306765011130707,0.9278372800237475,12.0,1.4670804552728416,2.641670376770825,20.0,-0.6299793097294802,,,0,0,0.9584517014237272,1,False,False,False,False,False,False,False,False,0.125,0.18285714285714286,1.6497233775199422,1.043347999261842,0.6061611798364106,0.9584517014237272,2.641670376770825,1,0,0.0,0.0,0.0,3,3
2026-01-14,A. SIVERA,1.0316038215889138,1.0599873173199912,48.0,1.0524965292687394,1.174430152209031,20.0,-0.6299793097294802,,,0,0,1.0202516576528282,1,False,False,False,False,False,False,False,False,0.11224489795918367,0.18285714285714286,0.9732218787063212,0.9801484496649202,1.0275129537368406,1.0202516576528282,1.174430152209031,1,0,0.0,0.0,0.0,3,3
2026-01-15,G. MIKAUTADZE,1.961988710908863,0.6371071979720115,20.0,1.6743724182748931,1.9762939958648953,20.0,-0.9462952368252298,Dani,-14.127603,1,1,0.8534053002241611,1,False,False,True,False,False,False,False,False,0.2376237623762376,0.18285714285714286,3.079521998232165,1.1717748797817753,0.32472504541161995,0.8534053002241611,1.9762939958648953,1,0,0.0,0.0,1.6743724182748931,3,3
2026-01-15,V. VANAT,0.12260432874351998,0.3992371308387729,222.0,0.5688152822639532,2.40281731695844,20.0,-0.9462952368252298,,,0,0,4.639400979494675,1,False,False,True,False,False,False,False,False,0.10227272727272728,0.18285714285714286,0.307095738791123,0.2155429311122053,3.2562787843743997,4.639400979494675,2.40281731695844,1,0,0.0,0.0,0.5688152822639532,2,2
2026-01-15,I. MARTÍN,0.16129027068063562,0.3199471084610267,222.0,0.29242599826121835,1.890989331646186,20.0,-0.9462952368252298,,,0,0,1.8130305318273283,1,False,True,False,False,False,False,False,False,0.10227272727272728,0.18285714285714286,0.5041138435118537,0.5515573857395982,1.9836604120661754,1.8130305318273283,1.890989331646186,1,0,0.0,0.29242599826121835,0.0,2,2
2026-01-15,B. MENDY,-0.14146927491418232,0.26708709354252924,17.0,0.4997179612632697,-0.0027742140091523483,20.0,-0.9462952368252298,,,0,0,-3.532367674423183,0,False,True,False,False,False,False,False,False,0.17708333333333334,0.18285714285714286,-0.5296727122418722,-0.283097672652952,-1.8879645892660386,-3.532367674423183,-0.0027742140091523483,0,1,0.0,0.4997179612632697,0.0,2,2
2026-01-15,U. GÓMEZ,-0.628287401402358,-0.6843931749904252,1.0,-0.8131311377497211,0.28726164433445806,20.0,-0.9462952368252298,,,0,0,1.2942045792090726,1,False,True,False,False,False,False,False,False,0.14035087719298245,0.18285714285714286,0.9180224794521472,0.7726775484439649,1.0893012700304112,1.2942045792090726,0.28726164433445806,1,0,-0.0,-0.8131311377497211,-0.0,1,0
2026-01-15,J. MOJICA,0.6531543895953914,0.5578171755942654,408.0,0.3615233192619022,-0.4975412664776643,20.0,-0.9462952368252298,,,0,0,0.5535027728789839,0,True,False,False,False,False,False,False,False,0.10833333333333334,0.18285714285714286,1.1709091208789686,1.806667919128896,0.8540344066360916,0.5535027728789839,-0.4975412664776643,0,1,0.3615233192619022,0.0,0.0,3,2
2026-01-15,J. CANCELO,-0.01916402990802175,-1.2129933241753998,3.0,-2.0568829157620283,1.9762939958648953,20.0,-0.9462952368252298,Dani,-3.11993,0,1,107.33599674136113,1,True,False,False,False,False,False,False,False,0.30337078651685395,0.18285714285714286,0.015798970468382464,0.009317029704606019,63.29861874648717,107.33599674136113,1.9762939958648953,1,0,-2.0568829157620283,-0.0,-0.0,2,0
2026-01-15,OSO,-0.23205685323898104,-0.6843931749904252,17.0,0.7070099242653208,0.9696989580841295,20.0,-0.9462952368252298,,,0,0,-3.046723081521291,1,True,False,False,False,False,False,False,False,0.17708333333333334,0.18285714285714286,0.33906999775710117,-0.32822244363496816,2.9492605570504953,-3.046723081521291,0.9696989580841295,1,0,0.7070099242653208,0.0,0.0,2,3
2026-01-15,M. MOREY,-0.6174745604882572,-0.36723308547944034,408.0,-0.05306060674220026,0.4749319056156177,20.0,-0.9462952368252298,Dani,-0.22321,0,1,0.08593178742785917,1,True,False,False,False,False,False,False,False,0.10833333333333334,0.18285714285714286,1.68142867931083,11.637375367072913,0.5947349149477051,0.08593178742785917,0.4749319056156177,1,0,-0.05306060674220026,-0.0,-0.0,1,1
2026-01-15,L. LASO,-0.6210788407929575,-1.2129933241753998,9.0,-2.0568829157620283,0.7990896296467117,20.0,-0.9462952368252298,,,0,0,3.3117956891456877,1,True,False,False,False,False,False,False,False,0.17117117117117117,0.18285714285714286,0.5120220700614664,0.30195162689388605,1.953045567729027,3.3117956891456877,0.7990896296467117,1,0,-2.0568829157620283,-0.0,-0.0,1,0
2026-01-15,M. RYAN,1.5676804455746596,0.9278372800237475,12.0,1.4670804552728416,2.6478123125945703,20.0,-0.9462952368252298,,,0,0,0.935828168033882,1,False,False,False,False,False,False,False,False,0.125,0.18285714285714286,1.689605267778492,1.0685708281160906,0.5918531999233004,0.935828168033882,2.726975040989534,1,0,0.0,0.0,0.0,3,3
2026-01-15,A. SIVERA,1.0520280766488819,1.0599873173199912,48.0,1.0524965292687394,1.5497706747713504,20.0,-0.9462952368252298,,,0,0,1.0004443343156888,1,False,False,False,False,False,False,False,False,0.11224489795918367,0.18285714285714286,0.9924902562216578,0.9995539632096014,1.0075646584754667,1.0004443343156888,1.5497706747713504,1,0,0.0,0.0,0.0,3,3
2026-01-16,G. RASPADORI,-0.6309305402924714,-0.605103152612679,0.0,-0.7440338167490376,,20.0,-1.1044532003731045,,,0,0,1.1792660974538234,0,False,False,True,False,False,False,False,False,0.0,0.18285714285714286,1.0426843427481987,0.8479875162620474,0.9590661301611898,1.1792660974538234,,0,0,-0.0,-0.0,-0.7440338167490376,0,0
2026-01-16,A. RUIZ,-0.6309305402924714,-1.0808432868791562,222.0,-0.8822284587504049,-0.4292975351026971,20.0,-1.1044532003731045,,,0,0,1.3982994968684495,0,False,False,True,True,False,False,False,False,0.10227272727272728,0.18285714285714286,0.583739688899693,0.7151563171544527,1.7130966579534768,1.3982994968684495,-0.4292975351026971,0,1,-0.0,-0.0,-0.8822284587504049,0,0
2026-01-16,ALEMÃO,-0.6309305402924714,-0.4200931003979378,14.0,-0.19125524874356753,,20.0,-1.1044532003731045,,,0,0,0.3031324997953178,0,False,False,True,False,False,False,False,False,0.15384615384615385,0.18285714285714286,1.501886228507544,3.298909929778444,0.6658320360197447,0.3031324997953178,,0,0,-0.0,-0.0,-0.19125524874356753,0,1
2026-01-16,J. GUERRA,-0.38127405785356994,0.13493705624628557,19.0,-0.19125524874356753,-0.08807887822786128,20.0,-1.1044532003731045,,,0,0,0.5016227735058588,0,False,True,False,False,False,False,False,False,0.22413793103448276,0.18285714285714286,-2.825548762594283,1.9935455570703673,-0.35391185783210755,0.5016227735058588,-0.08807887822786128,0,1,-0.0,-0.19125524874356753,-0.0,2,1
2026-01-16,K. BARJA,-0.6309305402924714,-0.605103152612679,50.0,-0.9513257797510886,0.0825304502095566,20.0,-1.1044532003731045,,,0,0,1.5078161965757626,1,False,True,False,False,False,False,False,False,0.18181818181818182,0.18285714285714286,1.0426843427481987,0.6632125576057765,0.9590661301611898,1.5078161965757626,0.0825304502095566,1,0,-0.0,-0.9513257797510886,-0.0,0,0
2026-01-16,P. AGUDÍN,-0.6309305402924714,-1.0808432868791562,1370.0,-1.1586177427531397,,20.0,-1.1044532003731045,,,0,0,1.836366295697702,0,False,True,False,False,False,False,False,False,0.09649122807017543,0.18285714285714286,0.583739688899693,0.5445549999504025,1.7130966579534768,1.836366295697702,,0,0,-0.0,-1.1586177427531397,-0.0,0,0
2026-01-16,F. PÉREZ,-0.6309305402924714,-0.15579302580545049,14.0,-0.3294498907449351,,20.0,-1.1044532003731045,,,0,0,0.5221658992099443,0,False,True,False,False,False,False,False,False,0.15384615384615385,0.18285714285714286,4.049825637933247,1.9151090139227347,0.246926187246252,0.5221658992099443,,0,0,-0.0,-0.3294498907449351,-0.0,0,1
2026-01-16,Á. CARRERAS,2.393781491411948,0.6106771905127628,15.0,0.7761072452660043,0.28726164433445806,20.0,-1.1044532003731045,,,0,0,0.3242179471403124,1,True,False,False,False,False,False,False,False,0.17857142857142858,0.18285714285714286,3.9198738854616413,3.0843397245335287,0.2551097239217257,0.3242179471403124,0.28726164433445806,1,0,0.7761072452660043,0.0,0.0,3,3
2026-01-16,R. VEIGA,0.85163009170755,-0.1822230332646992,20.0,-0.2603525697442513,-0.6852115277588239,20.0,-1.1044532003731045,,,0,0,-0.3057105033850224,0,True,False,False,False,False,False,False,False,0.2376237623762376,0.18285714285714286,-4.6735846178955525,-3.271077230470028,-0.21396944644110594,-0.3057105033850224,-0.6852115277588239,0,1,-0.2603525697442513,-0.0,-0.0,3,1
2026-01-16,J. HERRANDO,-0.41467372201045855,-0.3143730705609429,50.0,-0.4676445327463027,0.44081003992813417,20.0,-1.1044532003731045,Libre,-1.06002,0,1,1.127743658852265,1,True,False,False,False,False,False,False,False,0.18181818181818182,0.18285714285714286,1.3190539518047661,0.8867303682683871,0.7581233437221704,1.127743658852265,0.44081003992813417,1,0,-0.4676445327463027,-0.0,-0.0,2,1
2026-01-16,K. FEMENÍA,-0.5408235326749661,-0.07650300342770429,9.0,-0.05306060674220026,1.191491085052773,20.0,-1.1044532003731045,Libre,-0.53502,0,1,0.09811093942361615,1,True,False,False,False,False,False,False,False,0.17117117117117117,0.18285714285714286,7.069403524654797,10.192754260367128,0.14145676040772978,0.09811093942361615,1.191491085052773,1,0,-0.05306060674220026,-0.0,-0.0,2,1
2026-01-16,J. GARCIA,3.1333798099364327,1.2185673620754836,3.0,2.1711821562698126,0.6967240325842611,20.0,-1.1044532003731045,,,0,0,0.9092501193126011,1,False,False,False,False,False,False,False,False,0.30337078651685395,0.18285714285714286,2.5713615316580305,1.0998066523379733,0.3888985846250219,0.9092501193126011,0.6967240325842611,1,0,0.0,0.0,0.0,3,3
2026-01-16,M. RYAN,1.6027621072070746,0.9278372800237475,12.0,1.4670804552728416,2.5904875782395997,20.0,-1.1044532003731045,,,0,0,0.9153445376150008,1,False,False,False,False,False,False,False,False,0.125,0.18285714285714286,1.727415371530104,1.0924833801467415,0.578898575748083,0.9153445376150008,2.5904875782395997,1,0,0.0,0.0,0.0,3,3
2026-01-16,L. JÚNIOR,0.9835467508595779,0.4520971457572704,20.0,0.8452045662666884,0.18489604727200734,20.0,-1.1044532003731045,,,0,0,0.8593426862376701,1,False,False,False,False,False,False,False,False,0.2376237623762376,0.18285714285714286,2.175516002641692,1.1636775597727649,0.45965957968198,0.8593426862376701,0.18489604727200734,1,0,0.0,0.0,0.0,3,3
2026-01-17,C. STUANI,-0.6256442625122445,-0.2615130556424454,222.0,0.43062064026258595,-0.12220074391534486,21.0,0.635284398653518,,,0,0,-0.6882846281017184,0,False,False,True,True,False,False,False,False,0.10227272727272728,0.22857142857142856,2.392410785710246,-1.4528862556250934,0.4179906846472711,-0.6882846281017184,-0.12220074391534486,0,1,0.0,0.0,0.43062064026258595,1,2
2026-01-17,A. RUIZ,-0.6309305402924714,-1.0808432868791562,222.0,-0.8822284587504049,,21.0,0.635284398653518,,,0,0,1.3982994968684495,0,False,False,True,True,False,False,False,False,0.10227272727272728,0.22857142857142856,0.583739688899693,0.7151563171544527,1.7130966579534768,1.3982994968684495,,0,0,-0.0,-0.0,-0.8822284587504049,0,0
2026-01-17,I. CHAIRA,-0.527367552870752,0.1613670637055343,1370.0,0.08513403525916731,0.5943584355218103,21.0,0.635284398653518,,,0,0,-0.16143237525348356,1,False,True,False,False,False,False,False,False,0.09649122807017543,0.22857142857142856,-3.2681036182791185,-6.194483284882004,-0.30598653408549115,-0.16143237525348356,0.5943584355218103,1,0,0.0,0.08513403525916731,0.0,2,2
2026-01-17,F. BOYOMO,0.43353357636232515,0.6106771905127628,50.0,0.9143018872673718,2.368695451270957,21.0,0.635284398653518,Chamacónicos,-5.09,2,1,2.108948021952572,1,True,False,False,False,False,False,False,False,0.18181818181818182,0.22857142857142856,0.7099214989130426,0.47416844286476134,1.4086008909296115,2.108948021952572,2.368695451270957,1,0,0.9143018872673718,0.0,0.0,3,3
2026-01-17,A. MARTÍNEZ,0.3285288768187255,0.5313871681350165,222.0,0.4997179612632697,1.652136271833801,21.0,0.635284398653518,Dani,-4.24136,0,1,1.5210731093994276,1,True,False,False,False,False,False,False,False,0.10227272727272728,0.22857142857142856,0.618246503251559,0.6574272787012475,1.6174698425623633,1.5210731093994276,1.652136271833801,1,0,0.4997179612632697,0.0,0.0,2,2
2026-01-17,G. SUAZO,-0.20562546433784618,-0.02364298850920682,17.0,0.5688152822639532,-0.8046380576650164,21.0,0.635284398653518,,,0,0,-2.7662821352296647,0,True,False,False,False,False,True,False,False,0.17708333333333334,0.22857142857142856,8.697469092236897,-0.3614971489905907,0.11498139866451296,-2.7662821352296647,-0.8046380576650164,0,1,0.5688152822639532,0.0,0.0,2,2
2026-01-17,K. SALAS,-0.4913247498237498,-0.4465231078571866,17.0,0.43062064026258595,0.850272428177937,21.0,0.635284398653518,,,0,0,-0.8764498773304983,1,True,False,False,False,False,False,False,False,0.17708333333333334,0.22857142857142856,1.1003368952582582,-1.1409662308753181,0.9088164535448686,-0.8764498773304983,0.850272428177937,1,0,0.43062064026258595,0.0,0.0,2,2
2026-01-17,O. LUENGO,-0.6193968433174307,-1.0808432868791562,1370.0,-0.3294498907449351,0.15077418158452377,21.0,0.635284398653518,,,0,0,0.5318890888586366,1,True,False,False,False,False,False,False,False,0.09649122807017543,0.22857142857142856,0.5730686621319087,1.8800999509115914,1.7449960288565272,0.5318890888586366,0.15077418158452377,1,0,-0.3294498907449351,-0.0,-0.0,1,1
2026-01-17,J. LÓPEZ,-0.6249234064513044,-0.6579631675311765,1370.0,-0.2603525697442513,-0.15632260960282846,21.0,0.635284398653518,,,0,0,0.4166158343124454,0,True,False,False,False,False,False,False,False,0.09649122807017543,0.22857142857142856,0.949786229801265,2.400305890474098,1.0528717817424693,0.4166158343124454,-0.15632260960282846,0,1,-0.2603525697442513,-0.0,-0.0,1,1
2026-01-17,T. NIANZOU,-0.6246831210976578,-0.8429732197459175,17.0,-0.4676445327463027,-0.27574913950902097,21.0,0.635284398653518,,,0,0,0.7486120011320044,0,True,False,False,False,False,False,False,False,0.17708333333333334,0.22857142857142856,0.741048288976765,1.3358104568005418,1.3494434869765288,0.7486120011320044,-0.27574913950902097,0,1,-0.4676445327463027,-0.0,-0.0,1,1
2026-01-17,A. MATTURRO,-0.6309305402924714,-0.895833234664415,12.0,-0.6749364957483537,-0.12220074391534486,21.0,0.635284398653518,,,0,0,1.06974939774651,0,True,False,False,False,False,False,False,False,0.125,0.22857142857142856,0.7042954203683265,0.9348012428845656,1.4198625638120317,1.06974939774651,-0.12220074391534486,0,1,-0.6749364957483537,-0.0,-0.0,0,0
2026-01-17,A. SAN MIGUEL,-0.6261248332195378,-1.2129933241753998,4.0,-2.0568829157620283,,21.0,0.635284398653518,,,0,0,3.285105607920252,0,False,False,False,False,False,False,False,False,0.19230769230769232,0.22857142857142856,0.5161820241897916,0.30440485106193993,1.937305784924638,3.285105607920252,,0,0,-0.0,-0.0,-0.0,1,0
2026-01-17,H. MOLDOVAN,-0.6309305402924714,-1.2129933241753998,1370.0,-2.0568829157620283,-0.03689607969663593,21.0,0.635284398653518,,,0,0,3.260083391892773,0,False,False,False,False,False,False,False,False,0.09649122807017543,0.22857142857142856,0.520143885264387,0.306741255031515,1.9225495823402232,3.260083391892773,-0.03689607969663593,0,1,-0.0,-0.0,-0.0,0,0
2026-01-18,RODRYGO,1.7875415441613725,0.13493705624628557,15.0,0.016036714258483527,0.32138351002194165,21.0,0.3189684715577685,Jotabetrbb,-12.225,1,1,0.008971374869294184,1,False,False,True,True,False,False,False,False,0.17857142857142858,0.22857142857142856,13.24712682164916,111.45862280317222,0.07548746556384282,0.008971374869294184,0.32138351002194165,1,0,0.0,0.0,0.016036714258483527,3,1
2026-01-18,O. MASCARELL,-0.4002566007916577,0.1613670637055343,408.0,0.7070099242653208,0.13371324874078197,21.0,0.3189684715577685,,,0,0,-1.7663960800721832,1,False,True,False,False,False,False,False,False,0.10833333333333334,0.22857142857142856,-2.480395386797533,-0.5661250584035572,-0.4031600392008745,-1.7663960800721832,0.13371324874078197,1,0,0.0,0.7070099242653208,0.0,2,3
2026-01-18,F. UGRINIC,-0.5372192523702658,-0.4465231078571866,19.0,0.1542313562598511,0.32138351002194165,21.0,0.3189684715577685,Los marinero,-0.65,1,1,-0.2870925467989322,1,False,True,False,False,False,False,False,False,0.22413793103448276,0.22857142857142856,1.203119045881794,-3.4831812558524184,0.8311763531620113,-0.2870925467989322,0.32138351002194165,1,0,0.0,0.1542313562598511,0.0,2,2
2026-01-18,D. FERNÁNDEZ,-0.6309305402924714,-0.8694032272051663,3.0,0.22332867726053457,-0.01983514685289414,21.0,0.3189684715577685,,,0,0,-0.35396769844856074,0,False,True,False,False,False,False,False,False,0.30337078651685395,0.22857142857142856,0.725706146763276,-2.825108369079104,1.3779719789346825,-0.35396769844856074,-0.01983514685289414,0,1,0.0,0.22332867726053457,0.0,0,2
2026-01-18,J. FOYTH,1.7558238774800106,0.21422707862403179,20.0,1.0524965292687394,2.232207988521022,21.0,0.3189684715577685,Libre,-11.06023,2,1,0.5994313799558987,1,True,False,False,False,False,False,False,False,0.2376237623762376,0.22857142857142856,8.19604922360091,1.6682451299433765,0.12200936515462414,0.5994313799558987,2.232207988521022,1,0,1.0524965292687394,0.0,0.0,3,3
2026-01-18,A. GOROSABEL,-0.6193968433174307,-0.6843931749904252,1.0,-0.6749364957483537,0.9185161595529042,21.0,0.3189684715577685,Dani,-0.25366,0,1,1.0896690751643603,1,True,False,False,False,False,False,False,False,0.14035087719298245,0.22857142857142856,0.9050320356542596,0.9177126513855329,1.1049366610613245,1.0896690751643603,0.9185161595529042,1,0,-0.6749364957483537,-0.0,-0.0,1,0
2026-01-18,Í. ARGUIBIDE,-0.6193968433174307,-1.00155326450141,50.0,-0.9513257797510886,0.611419368365552,21.0,0.3189684715577685,,,0,0,1.535893064208939,1,True,False,False,False,False,False,False,False,0.18181818181818182,0.22857142857142856,0.6184368657244034,0.6510887306851127,1.6169841552974866,1.535893064208939,0.611419368365552,1,0,-0.9513257797510886,-0.0,-0.0,1,0
2026-01-18,A. FRANCÉS,-0.6263651185731846,-0.6843931749904252,222.0,-0.8131311377497211,,21.0,0.3189684715577685,,,0,0,1.2981764338640267,0,True,False,False,False,False,False,False,False,0.10227272727272728,0.22857142857142856,0.9152137348471987,0.7703134953361891,1.092644285802046,1.2981764338640267,,0,0,-0.8131311377497211,-0.0,-0.0,1,0
2026-01-18,DAVINCHI,-0.6309305402924714,-0.7108231824496739,9.0,-0.19125524874356753,-0.4804803336339225,21.0,0.3189684715577685,,,0,0,0.3031324997953178,0,True,False,False,True,False,False,False,False,0.17117117117117117,0.22857142857142856,0.8876067121570749,3.298909929778444,1.1266284696705868,0.3031324997953178,-0.4804803336339225,0,1,-0.19125524874356753,-0.0,-0.0,0,1
2026-01-18,J. MUSSO,-0.6309305402924714,-1.107273294338405,2.0,0.7070099242653208,,21.0,0.3189684715577685,,,0,0,-1.1205845963997532,0,False,False,False,False,False,False,False,False,0.2857142857142857,0.22857142857142856,0.5698061294574812,-0.8923915015147649,1.754987242830826,-1.1205845963997532,,0,0,0.0,0.0,0.0,0,3
2026-01-19,V. MUÑOZ,1.755343306772717,1.588587466504966,50.0,1.6052750972742091,0.7820286968029699,21.0,0.0026525444620189103,Dani,-10.17924,0,1,0.914507251415298,1,False,False,True,False,False,False,False,False,0.18181818181818182,0.22857142857142856,1.1049704462695908,1.0934837376282653,0.9050004949887345,0.914507251415298,0.7820286968029699,1,0,0.0,0.0,1.6052750972742091,3,3
2026-01-19,T. ASANO,-0.6191565579637841,-0.36723308547944034,408.0,-0.3294498907449351,0.9355770923966461,21.0,0.0026525444620189103,,,0,0,0.5320955073526215,1,False,False,True,False,False,False,False,False,0.10833333333333334,0.22857142857142856,1.6860088822452521,1.8793705954321926,0.5931192585707528,0.5320955073526215,0.9355770923966461,1,0,-0.0,-0.0,-0.3294498907449351,1,1
2026-01-19,E. CAMAVINGA,1.8002766679046467,0.10850704878703685,15.0,0.43062064026258595,-1.2823441772897866,21.0,0.0026525444620189103,,,0,0,0.2391967905505309,0,False,True,False,False,False,False,False,False,0.17857142857142858,0.22857142857142856,16.59118091265245,4.18064606973042,0.060272396153938194,0.2391967905505309,-1.2823441772897866,0,1,0.0,0.43062064026258595,0.0,3,2
2026-01-19,R. GARCÍA,0.8881534654618456,0.5842471830535141,50.0,0.5688152822639532,1.566831607615092,21.0,0.0026525444620189103,Libre,-6.48202,0,1,0.6404463461974104,1,False,True,False,False,False,False,False,False,0.18181818181818182,0.22857142857142856,1.5201647026440053,1.5614065440020357,0.6578215904704168,0.6404463461974104,1.566831607615092,1,0,0.0,0.5688152822639532,0.0,3,2
2026-01-19,H. ÁLVAREZ,-0.5612477877349339,-0.02364298850920682,5.0,0.5688152822639532,0.611419368365552,21.0,0.0026525444620189103,Libre,-0.45002,0,1,-1.0134851453841973,1,False,True,False,False,False,False,False,False,0.16049382716049382,0.22857142857142856,23.739449307166744,-0.9866943075207063,0.04212583310209154,-1.0134851453841973,0.611419368365552,1,0,0.0,0.5688152822639532,0.0,2,2
2026-01-19,K. SIBO,-0.6299693988778847,-0.5522431376941814,1370.0,-0.4676445327463027,-0.5828459306963732,21.0,0.0026525444620189103,,,0,0,0.7423301447807267,0,False,True,False,False,False,False,False,False,0.09649122807017543,0.22857142857142856,1.1407485156932136,1.3471145322555846,0.8766203807648932,0.7423301447807267,-0.5828459306963732,0,1,-0.0,-0.4676445327463027,-0.0,0,1
2026-01-19,P. MARÍN,-0.6309305402924714,-0.39366309293868906,16.0,-0.8131311377497211,-0.7022724606025658,21.0,0.0026525444620189103,,,0,0,1.2887827971611363,0,False,True,False,False,False,False,False,False,0.12037037037037036,0.22857142857142856,1.6027210940798806,0.7759281214671566,0.6239414511423954,1.2887827971611363,-0.7022724606025658,0,1,-0.0,-0.8131311377497211,-0.0,0,0
2026-01-19,R. ARAÚJO,0.37538452077982837,0.3199471084610267,3.0,1.6052750972742091,1.8739283988024444,21.0,0.0026525444620189103,Chamacónicos,-4.388,2,1,4.276337281042167,1,True,False,False,False,False,False,False,False,0.30337078651685395,0.22857142857142856,1.1732668856379704,0.23384420998807545,0.8523160610893209,4.276337281042167,1.8739283988024444,1,0,1.6052750972742091,0.0,0.0,2,3
2026-01-19,I. BALLIU,-0.5977711614892295,-0.6315331600719277,14.0,-0.3985472117456189,-0.7022724606025658,21.0,0.0026525444620189103,,,0,0,0.6667231612108492,0,True,False,False,True,False,False,False,False,0.15384615384615385,0.22857142857142856,0.9465411253500486,1.4998791705258268,1.0564815722795267,0.6667231612108492,-0.7022724606025658,0,1,-0.3985472117456189,-0.0,-0.0,1,1
2026-01-19,J. VERTROUWD,-0.6263651185731846,-1.00155326450141,14.0,-0.9513257797510886,0.42374910708439234,21.0,0.0026525444620189103,,,0,0,1.518806316552974,1,True,False,False,False,False,False,False,False,0.15384615384615385,0.22857142857142856,0.6253943411380531,0.6584135427830139,1.5989952725626768,1.518806316552974,0.42374910708439234,1,0,-0.9513257797510886,-0.0,-0.0,1,0
2026-01-19,C. RIEDEL,-0.6278068306950646,-0.39366309293868906,8.0,0.637912603264637,0.32138351002194165,21.0,0.0026525444620189103,,,0,0,-1.0160985643576819,1,True,False,False,False,False,False,False,False,0.0641025641025641,0.22857142857142856,1.5947860918192152,-0.9841565181901606,0.6270459331396327,-1.0160985643576819,0.32138351002194165,1,0,0.637912603264637,0.0,0.0,1,2
2026-01-20,K. GARCÍA,-0.13930670673136222,0.5313871681350165,8.0,0.3615233192619022,-0.6852115277588239,21.0,-0.3136633826337306,,,0,0,-2.5951795353155593,0,False,False,True,False,False,False,False,False,0.0641025641025641,0.22857142857142856,-0.26215620724164634,-0.385331495861121,-3.814539839058755,-2.5951795353155593,-0.6852115277588239,0,1,0.0,0.0,0.3615233192619022,2,2
2026-01-20,C. MARTÍN,-0.518236709432178,-1.0279832719606588,14.0,0.3615233192619022,0.44081003992813417,21.0,-0.3136633826337306,De la Guettir FC,-1.373,0,1,-0.6976040297532122,1,False,True,False,False,False,False,False,False,0.15384615384615385,0.22857142857142856,0.5041300064871266,-1.4334767588809079,1.9836210690440503,-0.6976040297532122,0.44081003992813417,1,0,0.0,0.3615233192619022,0.0,2,2
2026-01-20,G. DIANGANA,-0.5939265958308826,-0.4200931003979378,23.0,0.016036714258483527,0.3555053757094252,21.0,-0.3136633826337306,Dani,-0.32115,1,1,-0.027001217612197176,1,False,True,False,False,False,False,False,False,0.1746031746031746,0.22857142857142856,1.4138009147714936,-37.03311994829382,0.7073160398319611,-0.027001217612197176,0.3555053757094252,1,0,0.0,0.016036714258483527,0.0,1,1
2026-01-20,S. BECERRA,-0.6189162726101374,-1.1865633167161511,14.0,-1.8495909527599772,0.457870972771876,21.0,-0.3136633826337306,,,0,0,2.988439669552408,1,False,True,False,False,False,False,False,False,0.15384615384615385,0.22857142857142856,0.5216045241711432,0.3346235048944681,1.917165998686839,2.988439669552408,0.457870972771876,1,0,-0.0,-1.8495909527599772,-0.0,1,0
2026-01-20,A. OSAMBELA,-0.6299693988778847,-0.8694032272051663,50.0,-0.7440338167490376,0.16783511442826554,21.0,-0.3136633826337306,,,0,0,1.1810653011711842,1,False,True,False,False,False,False,False,False,0.18181818181818182,0.22857142857142856,0.7246006269192834,0.8466957165014047,1.3800743477827917,1.1810653011711842,0.16783511442826554,1,0,-0.0,-0.7440338167490376,-0.0,0,0
2026-01-20,L. ASTIAZARAN,-0.6309305402924714,-1.2129933241753998,16.0,-2.0568829157620283,,21.0,-0.3136633826337306,,,0,0,3.260083391892773,0,False,True,False,False,False,False,True,False,0.12037037037037036,0.22857142857142856,0.520143885264387,0.306741255031515,1.9225495823402232,3.260083391892773,,0,0,-0.0,-2.0568829157620283,-0.0,0,0
2026-01-20,Á. CARRERAS,2.3757600898884474,0.7163972203497577,15.0,0.7761072452660043,-0.07101794538411951,21.0,-0.3136633826337306,,,0,0,0.3266773113547566,0,True,False,False,False,False,False,False,False,0.17857142857142858,0.22857142857142856,3.3162562697720843,3.0611195079807154,0.3015443023285627,0.3266773113547566,-0.07101794538411951,0,1,0.7761072452660043,0.0,0.0,3,3
2026-01-20,Ó. MINGUEZA,1.8677968522793638,0.8485472576460014,5.0,1.121593850269423,1.0720645551465806,21.0,-0.3136633826337306,Los marinero,-10.559,0,1,0.6004899560735054,1,True,False,False,False,False,False,False,False,0.16049382716049382,0.22857142857142856,2.2011675063253433,1.665304411687244,0.45430358355454703,0.6004899560735054,1.0720645551465806,1,0,1.121593850269423,0.0,0.0,3,3
2026-01-20,K. FEMENÍA,-0.5410638180286127,-0.07650300342770429,9.0,-0.05306060674220026,-0.2586882066652792,21.0,-0.3136633826337306,,,0,0,0.09806736847216564,0,True,False,False,False,False,False,False,False,0.17117117117117117,0.22857142857142856,7.0725444274139475,10.197282853178116,0.14139393962875976,0.09806736847216564,-0.2586882066652792,0,1,-0.05306060674220026,-0.0,-0.0,2,1
2026-01-20,H. RINCÓN,-0.5463500958088398,-0.20865304072394794,222.0,-0.5367418537469861,1.174430152209031,21.0,-0.3136633826337306,,,0,0,0.9824155615236617,1,True,False,False,False,False,False,False,False,0.10227272727272728,0.22857142857142856,2.6184747290905968,1.0179029451452626,0.3819042482628229,0.9824155615236617,1.174430152209031,1,0,-0.5367418537469861,-0.0,-0.0,2,1
2026-01-20,A. MATTURRO,-0.6309305402924714,-0.8694032272051663,12.0,-0.7440338167490376,0.014286718834589441,21.0,-0.3136633826337306,,,0,0,1.1792660974538234,1,True,False,False,False,False,False,False,False,0.125,0.22857142857142856,0.725706146763276,0.8479875162620474,1.3779719789346825,1.1792660974538234,0.014286718834589441,1,0,-0.7440338167490376,-0.0,-0.0,0,0
2026-01-20,J. MUSSO,-0.6258845478658911,-1.107273294338405,2.0,0.7070099242653208,-0.27574913950902097,21.0,-0.3136633826337306,,,0,0,-1.1296189629461435,0,False,False,False,False,False,False,False,False,0.2857142857142857,0.22857142857142856,0.5652489916582416,-0.8852544230717072,1.769136284399765,-1.1296189629461435,-0.27574913950902097,0,1,0.0,0.0,0.0,1,3
2026-01-20,D. CÁRDENAS,-0.628287401402358,-1.2129933241753998,14.0,-2.0568829157620283,0.28726164433445806,21.0,-0.3136633826337306,,,0,0,3.2737982410107738,1,False,False,False,False,False,False,False,False,0.15384615384615385,0.22857142857142856,0.5179648616733595,0.3054562328482487,1.9306375587120062,3.2737982410107738,0.28726164433445806,1,0,-0.0,-0.0,-0.0,1,0
2026-01-21,E. EYONG,2.1873763726294495,1.0335573098607425,12.0,1.397983134272158,0.6796630997405192,21.0,-0.6299793097294802,Chamacónicos,-13.949,1,1,0.6391138318266685,1,False,False,True,False,False,False,False,False,0.125,0.22857142857142856,2.1163550733041547,1.5646646617833602,0.4725098297137003,0.6391138318266685,0.6796630997405192,1,0,0.0,0.0,1.397983134272158,3,3
2026-01-21,I. LOSADA,-0.45143738111840076,-0.5258131302349327,12.0,0.22332867726053457,0.9014552267091624,21.0,-0.6299793097294802,Libre,-0.90701,0,1,-0.4947068659093315,1,False,False,True,False,False,False,False,False,0.125,0.22857142857142856,0.8585526182454153,-2.0213944991813944,1.164755771194756,-0.4947068659093315,0.9014552267091624,1,0,0.0,0.0,0.22332867726053457,2,2
2026-01-21,O. EJARIA,-0.6309305402924714,-0.7636831973681714,1370.0,-0.3985472117456189,-0.0539570125403777,21.0,-0.6299793097294802,,,0,0,0.6316825989172575,0,False,True,False,False,False,True,False,False,0.09649122807017543,0.22857142857142856,0.8261689777067039,1.5830800085365684,1.2104096394252855,0.6316825989172575,-0.0539570125403777,0,1,-0.0,-0.3985472117456189,-0.0,0,1
2026-01-21,J. FOYTH,1.7421276123221496,0.21422707862403179,20.0,1.0524965292687394,-0.6510896620713403,21.0,-0.6299793097294802,,,0,0,0.6041439890398371,0,True,False,False,False,False,False,False,False,0.2376237623762376,0.22857142857142856,8.13211612367381,1.6552320208604725,0.12296857827188795,0.6041439890398371,-0.6510896620713403,0,1,1.0524965292687394,0.0,0.0,3,3
2026-01-21,J. ÁNGEL CARMONA,0.11203177318306601,0.5313871681350165,17.0,0.4997179612632697,,21.0,-0.6299793097294802,,,0,0,4.460462301033205,0,True,False,False,False,False,False,False,False,0.17708333333333334,0.22857142857142856,0.21082850522671154,0.22418955826661877,4.743140360068645,4.460462301033205,,0,0,0.4997179612632697,0.0,0.0,2,2
2026-01-21,Y. BERCHICHE,0.004143649395706295,0.21422707862403179,1.0,0.1542313562598511,1.106186420834064,21.0,-0.6299793097294802,Libre,-2.80301,0,1,37.212159952450776,1,True,False,False,False,False,True,False,False,0.14035087719298245,0.22857142857142856,0.019342232924463465,0.026866278232338375,51.68762377004993,37.212159952450776,1.106186420834064,1,0,0.1542313562598511,0.0,0.0,2,2
2026-01-21,K. FEMENÍA,-0.543947242272373,-0.07650300342770429,9.0,-0.05306060674220026,-0.10513981107160308,21.0,-0.6299793097294802,,,0,0,0.09754751962351264,0,True,False,False,False,False,False,False,False,0.17117117117117117,0.22857142857142856,7.1102352605237655,10.251625966909998,0.14064441939723255,0.09754751962351264,-0.10513981107160308,0,1,-0.05306060674220026,-0.0,-0.0,2,1
2026-01-21,A. CHRISTENSEN,-0.6275665453414179,-0.4200931003979378,3.0,-0.3294498907449351,-0.5146021993214059,21.0,-0.6299793097294802,,,0,0,0.5249649111404016,0,True,False,False,True,False,False,False,False,0.30337078651685395,0.22857142857142856,1.4938784727133576,1.9048980372111513,0.6694011542163174,0.5249649111404016,-0.5146021993214059,0,1,-0.3294498907449351,-0.0,-0.0,1,1
2026-01-21,T. NIANZOU,-0.6309305402924714,-0.8429732197459175,17.0,-0.6749364957483537,,21.0,-0.6299793097294802,,,0,0,1.06974939774651,0,True,False,False,False,False,False,False,False,0.17708333333333334,0.22857142857142856,0.7484594693792422,0.9348012428845656,1.3360813940573333,1.06974939774651,,0,0,-0.6749364957483537,-0.0,-0.0,0,0
2026-01-21,O. LUENGO,-0.6309305402924714,-1.0279832719606588,1370.0,-0.4676445327463027,-0.5657849978526314,21.0,-0.6299793097294802,,,0,0,0.7411992986245708,0,True,False,False,False,False,False,False,False,0.09649122807017543,0.22857142857142856,0.6137562460966421,1.3491698187019558,1.6293154881987781,0.7411992986245708,-0.5657849978526314,0,1,-0.4676445327463027,-0.0,-0.0,0,1
2026-01-21,J. CRUZ,-0.6309305402924714,-0.605103152612679,50.0,-0.7440338167490376,,21.0,-0.6299793097294802,,,0,0,1.1792660974538234,0,True,False,False,False,False,False,False,False,0.18181818181818182,0.22857142857142856,1.0426843427481987,0.8479875162620474,0.9590661301611898,1.1792660974538234,,0,0,-0.7440338167490376,-0.0,-0.0,0,0
2026-01-22,F. VIÑAS,-0.4283699871683194,0.13493705624628557,1370.0,0.1542313562598511,1.2085520178965148,21.0,-0.9462952368252298,,,0,0,-0.3600432358079387,1,False,False,True,False,False,False,False,False,0.09649122807017543,0.22857142857142856,-3.1745676429966445,-2.7774326837528207,-0.3150019265826651,-0.3600432358079387,1.2085520178965148,1,0,0.0,0.0,0.1542313562598511,2,2
2026-01-22,A. GÜLER,3.350117198925739,1.377147406830976,15.0,1.3288858132714745,0.7649677639592282,21.0,-0.9462952368252298,,,0,0,0.3966683365672291,1,False,True,False,False,False,False,False,False,0.17857142857142858,0.22857142857142856,2.4326479138402077,2.5209951407963542,0.41107427411742575,0.3966683365672291,0.7649677639592282,1,0,0.0,1.3288858132714745,0.0,3,3
2026-01-22,A. TCHOUAMÉNI,2.960854926018116,1.0071273024014937,15.0,1.190691171270107,-1.0264301846336599,21.0,-0.9462952368252298,,,0,0,0.4021442451174579,0,False,True,False,False,False,False,False,True,0.17857142857142858,0.22857142857142856,2.939898440901689,2.486666997112934,0.34014735183549477,0.4021442451174579,-1.0264301846336599,0,1,0.0,1.190691171270107,0.0,3,3
2026-01-22,P. FERNÁNDEZ,-0.3473938229893879,-0.050072995968455554,17.0,-0.12215792774288405,-0.27574913950902097,21.0,-0.9462952368252298,,,0,0,0.35164205953274885,0,False,True,False,False,False,False,False,False,0.17708333333333334,0.22857142857142856,6.9378864626894385,2.8438323507986594,0.14413940834346242,0.35164205953274885,-0.27574913950902097,0,1,-0.0,-0.12215792774288405,-0.0,2,1
2026-01-22,M. MARTÍN,-0.4548013760694543,0.4520971457572704,9.0,0.22332867726053457,0.7649677639592282,21.0,-0.9462952368252298,,,0,0,-0.4910476969931731,1,False,True,False,False,False,False,False,False,0.17117117117117117,0.22857142857142856,-1.0059792997108095,-2.0364574097283397,-0.9940562267438162,-0.4910476969931731,0.7649677639592282,1,0,0.0,0.22332867726053457,0.0,2,2
2026-01-22,A. CATENA,1.9434867386780685,0.9014072725644988,50.0,0.8452045662666884,-2.0159642895706833,21.0,-0.9462952368252298,,,0,0,0.4348906090046053,0,True,False,False,False,True,False,False,False,0.18181818181818182,0.22857142857142856,2.156056026808879,2.2994249165472707,0.4638090864301633,0.4348906090046053,-2.0159642895706833,0,1,0.8452045662666884,0.0,0.0,3,3
2026-01-22,J. ARESO,-0.3750266386587562,0.2406570860832805,1.0,0.1542313562598511,0.11665231589704018,21.0,-0.9462952368252298,,,0,0,-0.4112554992545176,1,True,False,False,False,False,False,False,False,0.14035087719298245,0.22857142857142856,-1.5583379921378457,-2.431569145107984,-0.6417083561112458,-0.4112554992545176,0.11665231589704018,1,0,0.1542313562598511,0.0,0.0,2,2
2026-01-22,M. MOREY,-0.6273262599877713,-0.28794306310169415,408.0,-0.05306060674220026,-0.2586882066652792,21.0,-0.9462952368252298,,,0,0,0.08458228948605481,0,True,False,False,False,False,False,False,False,0.10833333333333334,0.22857142857142856,2.178654459964103,11.823047672323503,0.4590012254684391,0.08458228948605481,-0.2586882066652792,0,1,-0.05306060674220026,-0.0,-0.0,1,1
2026-01-22,D. JIMÉNEZ,-0.6287679721096513,-1.2129933241753998,15.0,-2.0568829157620283,0.2531397786469745,21.0,-0.9462952368252298,,,0,0,3.271296055612995,1,True,False,False,False,False,False,False,False,0.17857142857142858,0.22857142857142856,0.5183610477808192,0.3056898732452062,1.9291619598045058,3.271296055612995,0.2531397786469745,1,0,-2.0568829157620283,-0.0,-0.0,0,0
2026-01-22,P. ESPINO,-0.6309305402924714,-0.36723308547944034,14.0,-0.4676445327463027,-0.01983514685289414,21.0,-0.9462952368252298,,,0,0,0.7411992986245708,0,True,False,False,False,False,False,False,False,0.15384615384615385,0.22857142857142856,1.7180703027862045,1.3491698187019558,0.5820508662650462,0.7411992986245708,-0.01983514685289414,0,1,-0.4676445327463027,-0.0,-0.0,0,1
2026-01-22,A. MATTURRO,-0.6306902549388248,-0.8694032272051663,12.0,-0.7440338167490376,0.11665231589704018,21.0,-0.9462952368252298,,,0,0,1.1797153842762185,1,True,False,False,False,False,False,False,False,0.125,0.22857142857142856,0.7254297668022779,0.8476645663218868,1.378496970412943,1.1797153842762185,0.11665231589704018,1,0,-0.7440338167490376,-0.0,-0.0,0,0
2026-01-22,I. BEKHOUCHA,-0.6309305402924714,-1.00155326450141,9.0,-0.6749364957483537,-0.0027742140091523483,21.0,-0.9462952368252298,,,0,0,1.06974939774651,0,True,False,False,False,False,False,False,False,0.17117117117117117,0.22857142857142856,0.6299526870987202,0.9348012428845656,1.587424903321429,1.06974939774651,-0.0027742140091523483,0,1,-0.6749364957483537,-0.0,-0.0,0,0
2026-01-27,M. AGUADO,0.2924860737717235,0.5049571606757678,23.0,0.22332867726053457,-1.6576846998521058,22.0,-0.3136633826337306,,,0,0,0.763550588340992,0,False,True,False,False,False,False,False,False,0.1746031746031746,0.20408163265306123,0.5792283332549762,1.309660576057304,1.7264255618690016,0.763550588340992,-1.6576846998521058,0,1,0.0,0.22332867726053457,0.0,2,2
2026-01-27,A. RUIBAL,0.5882773441107877,1.0599873173199912,4.0,1.6743724182748931,-0.4804803336339225,22.0,-0.3136633826337306,,,0,0,2.846224810137778,0,True,False,False,False,False,True,False,False,0.19230769230769232,0.20408163265306123,0.5549847432263704,0.3513417841504495,1.8018465713236738,2.846224810137778,-0.4804803336339225,0,1,1.6743724182748931,0.0,0.0,3,3
2026-01-27,A. BUDIMIR,2.325780736329938,1.5092974441272198,50.0,1.5361777762735256,1.9421721301774115,22.0,-0.3136633826337306,De la Guettir FC,-15.125035,2,1,0.6604995439931521,1,False,False,True,False,False,False,False,False,0.18181818181818182,0.20408163265306123,1.5409680871133902,1.5140039507457816,0.6489419968138872,0.6604995439931521,1.9421721301774115,1,0,0.0,0.0,1.5361777762735256,3,3
2026-01-27,J. VIRGILI,0.588037058757141,0.4785271532165191,408.0,0.7070099242653208,-1.5041363042584297,22.0,-0.3136633826337306,,,0,0,1.2023200092858533,0,False,True,False,False,False,False,False,False,0.10833333333333334,0.20408163265306123,1.2288452723304506,0.8317227338010234,0.8137690173114293,1.2023200092858533,-1.5041363042584297,0,1,0.0,0.7070099242653208,0.0,3,3
2026-01-27,L. TORRÓ,0.40998561170495046,0.6635372054312603,50.0,0.43062064026258595,-2.203634550851843,22.0,-0.3136633826337306,,,0,0,1.0503285423683175,0,False,True,False,False,False,False,False,False,0.18181818181818182,0.20408163265306123,0.6178779282776705,0.9520785148069847,1.6184362769113525,1.0503285423683175,-2.203634550851843,0,1,0.0,0.43062064026258595,0.0,3,2
2026-01-27,J. EL-ABDELLAOUI,-0.38752147704838363,0.029217026409290647,5.0,0.637912603264637,0.18489604727200734,22.0,-0.3136633826337306,Libre,-1.173,0,1,-1.6461390843740902,1,False,True,False,False,False,False,False,False,0.16049382716049382,0.20408163265306123,-13.263095584209648,-0.6074826983860716,-0.07539479366826536,-1.6461390843740902,0.18489604727200734,1,0,0.0,0.637912603264637,0.0,2,2
2026-01-27,C. PICKEL,-0.629729113524238,-0.4200931003979378,8.0,-0.3294498907449351,0.18489604727200734,22.0,-0.3136633826337306,,,0,0,0.523162113409845,1,False,True,False,False,False,False,False,False,0.0641025641025641,0.20408163265306123,1.499026315723906,1.9114622365257405,0.667102343655757,0.523162113409845,0.18489604727200734,1,0,-0.0,-0.3294498907449351,-0.0,0,1
2026-01-27,J. MOJICA,0.40758275816848366,0.7163972203497577,408.0,0.3615233192619022,-1.1458567145398522,22.0,-0.3136633826337306,,,0,0,0.8869914760255452,0,True,False,False,False,False,False,False,False,0.10833333333333334,0.20408163265306123,0.5689332365587045,1.1274006656056104,1.7576687146930405,0.8869914760255452,-1.1458567145398522,0,1,0.3615233192619022,0.0,0.0,2,2
2026-01-27,G. SUAZO,-0.18784434816799175,0.10850704878703685,17.0,0.43062064026258595,0.3896272413969088,22.0,-0.3136633826337306,De la Guettir FC,-2.532323,1,1,-2.2924455109130295,1,True,False,False,False,False,False,False,False,0.17708333333333334,0.20408163265306123,-1.7311558936670604,-0.43621669373942146,-0.5776464796080881,-2.2924455109130295,0.3896272413969088,1,0,0.43062064026258595,0.0,0.0,2,2
2026-01-27,A. DE LA FUENTE,-0.293089333065238,0.5578171755942654,12.0,0.637912603264637,1.1232473536778056,22.0,-0.3136633826337306,,,0,0,-2.176519947392942,1,True,False,False,False,False,False,False,False,0.125,0.20408163265306123,-0.5254209093366284,-0.4594498872030646,-1.9032391011965044,-2.176519947392942,1.1232473536778056,1,0,0.637912603264637,0.0,0.0,2,2
2026-01-27,J. SALINAS,-0.6227608382684843,-0.7901132048274201,8.0,-0.6749364957483537,0.03134765167833123,22.0,-0.3136633826337306,,,0,0,1.0837829517474038,1,True,False,False,False,False,False,False,False,0.0641025641025641,0.20408163265306123,0.7881929104037958,0.9226968239060841,1.268728579261379,1.0837829517474038,0.03134765167833123,1,0,-0.6749364957483537,-0.0,-0.0,1,0
2026-01-27,M. MOREY,-0.628287401402358,-0.3143730705609429,408.0,-0.2603525697442513,0.16783511442826554,22.0,-0.3136633826337306,,,0,0,0.41438517396387214,1,True,False,False,False,False,False,False,False,0.10833333333333334,0.20408163265306123,1.9985471364593144,2.4132268609693326,0.5003658679532946,0.41438517396387214,0.16783511442826554,1,0,-0.2603525697442513,-0.0,-0.0,1,1
2026-01-28,J. LLABRÉS,-0.6201176993783708,-0.895833234664415,408.0,-1.2968123847545072,0.3384444428656835,22.0,-0.6299793097294802,,,0,0,2.0912392555376798,1,False,False,True,False,False,False,False,False,0.10833333333333334,0.20408163265306123,0.6922252575680883,0.4781865016520981,1.4446204005833632,2.0912392555376798,0.3384444428656835,1,0,-0.0,-0.0,-1.2968123847545072,1,0
2026-01-28,M. AGUADO,0.26581439951694186,0.5049571606757678,23.0,0.22332867726053457,-1.7941721626020402,22.0,-0.6299793097294802,,,0,0,0.8401645565545973,0,False,True,False,False,False,False,False,False,0.1746031746031746,0.20408163265306123,0.5264087606014957,1.1902332138636682,1.8996535249402817,0.8401645565545973,-1.7941721626020402,0,1,0.0,0.22332867726053457,0.0,2,2
2026-01-28,M. ROMÁN,-0.14723612340170267,0.13493705624628557,5.0,0.637912603264637,-0.4292975351026971,22.0,-0.6299793097294802,,,0,0,-4.33261159787407,0,False,True,False,False,False,False,False,False,0.16049382716049382,0.20408163265306123,-1.091138612023364,-0.23080887858198268,-0.9164732784454958,-4.33261159787407,-0.4292975351026971,0,1,0.0,0.637912603264637,0.0,2,2
2026-01-28,L. DENDONCKER,-0.6266054039268312,0.18779707116478303,1370.0,0.08513403525916731,0.0825304502095566,22.0,-0.6299793097294802,,,0,0,-0.1358656829183544,1,False,True,False,False,False,False,False,False,0.09649122807017543,0.20408163265306123,-3.3365912655035608,-7.36013560127537,-0.29970595480639517,-0.1358656829183544,0.0825304502095566,1,0,0.0,0.08513403525916731,0.0,1,2
2026-01-28,A. RUIBAL,0.5870759173425543,1.0599873173199912,4.0,1.6743724182748931,0.014286718834589441,22.0,-0.6299793097294802,,,0,0,2.852049482466556,1,True,False,False,False,False,True,False,False,0.19230769230769232,0.20408163265306123,0.55385130925488,0.35062424602238285,1.8055339700939013,2.852049482466556,0.014286718834589441,1,0,1.6743724182748931,0.0,0.0,3,3
2026-01-28,J. RUEDA,0.3371791495500061,0.5842471830535141,5.0,1.3288858132714745,1.3962222791776744,22.0,-0.6299793097294802,Libre,-4.18901,0,1,3.9411745176724637,1,True,False,False,False,False,False,False,False,0.16049382716049382,0.20408163265306123,0.5771162997679742,0.2537305255666833,1.7327448956684988,3.9411745176724637,1.3962222791776744,1,0,1.3288858132714745,0.0,0.0,2,3
2026-01-28,A. BRETONES,-0.25103939617706883,0.3199471084610267,50.0,0.29242599826121835,-0.8558208561962418,22.0,-0.6299793097294802,,,0,0,-1.1648656249976872,0,True,False,False,False,False,False,False,False,0.18181818181818182,0.20408163265306123,-0.7846253487310374,-0.8584686012911199,-1.2744947120971621,-1.1648656249976872,-0.8558208561962418,0,1,0.29242599826121835,0.0,0.0,2,2
2026-01-28,V. ROSIER,-0.27434707548079695,-0.050072995968455554,50.0,0.08513403525916731,-0.4292975351026971,22.0,-0.6299793097294802,Chamacónicos,-1.664,0,1,-0.31031621323530223,0,True,False,False,False,False,False,False,False,0.18181818181818182,0.20408163265306123,5.479052116349239,-3.222493238484392,0.18251763172008795,-0.31031621323530223,-0.4292975351026971,0,1,0.08513403525916731,0.0,0.0,2,2
2026-01-28,F. GARCÉS,-0.6258845478658911,-0.5258131302349327,48.0,0.9143018872673718,0.457870972771876,22.0,-0.6299793097294802,,,0,0,-1.4608178955732523,1,True,False,False,False,False,False,False,False,0.11224489795918367,0.20408163265306123,1.190319720441303,-0.684548366391478,0.8401133597900537,-1.4608178955732523,0.457870972771876,1,0,0.9143018872673718,0.0,0.0,1,3
2026-01-28,Í. LEKUE,-0.6309305402924714,-1.0808432868791562,1.0,-1.5041043477565583,,22.0,-0.6299793097294802,,,0,0,2.3839497942342676,0,True,False,False,False,True,False,False,False,0.14035087719298245,0.20408163265306123,0.583739688899693,0.41947286483574037,1.7130966579534768,2.3839497942342676,,0,0,-1.5041043477565583,-0.0,-0.0,0,0
2026-01-28,A. GOROSABEL,-0.6309305402924714,-0.6843931749904252,1.0,-0.6749364957483537,,22.0,-0.6299793097294802,,,0,0,1.06974939774651,0,True,False,False,False,False,False,False,False,0.14035087719298245,0.20408163265306123,0.9218845032839517,0.9348012428845656,1.0847378847932376,1.06974939774651,,0,0,-0.6749364957483537,-0.0,-0.0,0,0
2026-01-28,P. CAMPOS,-0.6239622650367177,-0.9222632421236637,12.0,1.7434697392755767,0.457870972771876,22.0,-0.6299793097294802,,,0,0,-2.794195468484699,1,False,False,False,False,False,False,False,False,0.125,0.20408163265306123,0.6765562293864918,-0.3578851373760239,1.478077717002821,-2.794195468484699,0.457870972771876,1,0,0.0,0.0,0.0,1,3
2026-01-29,K. TUNDE,-0.6309305402924714,-1.00155326450141,12.0,-0.6749364957483537,,22.0,-0.9462952368252298,,,0,0,1.06974939774651,0,False,False,True,False,False,False,False,False,0.125,0.20408163265306123,0.6299526870987202,0.9348012428845656,1.587424903321429,1.06974939774651,,0,0,-0.0,-0.0,-0.6749364957483537,0,0
2026-01-29,A. BLANCO,0.5589625309658927,0.7956872427275039,48.0,0.7070099242653208,2.163964257146055,22.0,-0.9462952368252298,Maldinillo 💥,-5.36548,0,1,1.2648587700231588,1,False,True,False,False,False,False,False,False,0.11224489795918367,0.20408163265306123,0.7024893682604259,0.7905995675338817,1.4235047523629154,1.2648587700231588,2.163964257146055,1,0,0.0,0.7070099242653208,0.0,3,3
2026-01-29,M. CASADÓ,-0.3764683507806363,-0.07650300342770429,3.0,0.08513403525916731,0.5261147041468431,22.0,-0.9462952368252298,Dani,-1.51435,1,1,-0.22613922583893348,1,False,True,False,False,False,False,False,False,0.30337078651685395,0.20408163265306123,4.921026037395287,-4.422014387315336,0.20321285038149778,-0.22613922583893348,0.5261147041468431,1,0,0.0,0.08513403525916731,0.0,2,2
2026-01-29,K. SIBO,-0.6270859746341245,-0.4465231078571866,1370.0,-0.3985472117456189,0.014286718834589441,22.0,-0.9462952368252298,,,0,0,0.6355553519332098,1,False,True,False,False,False,False,False,False,0.09649122807017543,0.20408163265306123,1.4043783355844244,1.5734335345643085,0.7120615640929883,0.6355553519332098,0.014286718834589441,1,0,-0.0,-0.3985472117456189,-0.0,1,1
2026-01-29,M. MORLANES,-0.6290082574632979,-0.2350830481831967,408.0,-0.3294498907449351,-0.15632260960282846,22.0,-0.9462952368252298,,,0,0,0.5237616686229701,0,False,True,False,False,False,True,False,False,0.10833333333333334,0.20408163265306123,2.6756966868568335,1.909274170087544,0.3737366228988441,0.5237616686229701,-0.15632260960282846,0,1,-0.0,-0.3294498907449351,-0.0,0,1
2026-01-29,A. RUIBAL,0.5957261900738348,1.0599873173199912,4.0,1.6743724182748931,0.7137849654280027,22.0,-0.9462952368252298,,,0,0,2.810636221031594,1,True,False,False,False,False,False,False,False,0.19230769230769232,0.20408163265306123,0.5620120338496107,0.3557905205444622,1.7793166653827162,2.810636221031594,0.7137849654280027,1,0,1.6743724182748931,0.0,0.0,3,3
2026-01-29,J. MOJICA,0.3763456621944152,0.7163972203497577,408.0,0.3615233192619022,-1.0605520503211434,22.0,-0.9462952368252298,,,0,0,0.9606125298253464,0,True,False,False,False,False,False,False,False,0.10833333333333334,0.20408163265306123,0.5253302583731668,1.040996807525349,1.9035567265896927,0.9606125298253464,-1.0605520503211434,0,1,0.3615233192619022,0.0,0.0,2,2
2026-01-29,I. ZUBELDIA,-0.30822731034497897,0.1613670637055343,16.0,0.22332867726053457,0.4749319056156177,22.0,-0.9462952368252298,Los marinero,-1.753,0,1,-0.7245607197210917,1,True,False,False,False,False,False,False,False,0.12037037037037036,0.20408163265306123,-1.9100886709989564,-1.380144878754307,-0.5235343586500645,-0.7245607197210917,0.4749319056156177,1,0,0.22332867726053457,0.0,0.0,2,2
2026-01-29,A. ELUSTONDO,-0.6294888281705914,-1.00155326450141,16.0,-1.365909705755191,-0.6510896620713403,22.0,-0.9462952368252298,,,0,0,2.1698746895945207,0,True,False,False,False,False,False,False,False,0.12037037037037036,0.20408163265306123,0.6285132094269306,0.46085717553323313,1.5910605728662142,2.1698746895945207,-0.6510896620713403,0,1,-1.365909705755191,-0.0,-0.0,0,0
2026-01-29,F. CARDOSO,-0.6309305402924714,-0.9751232570421612,17.0,0.016036714258483527,-0.17338354244657025,22.0,-0.9462952368252298,,,0,0,-0.02541759932662149,0,True,False,False,False,False,False,False,False,0.17708333333333334,0.20408163265306123,0.6470271145346157,-39.34042782678497,1.5455343184440795,-0.02541759932662149,-0.17338354244657025,0,1,0.016036714258483527,0.0,0.0,0,1
2026-01-29,A. BATALLA,1.0453000867467748,1.2449973695347323,14.0,0.9833992082680559,-0.6681505949150821,22.0,-0.9462952368252298,,,0,0,0.940780814959858,0,False,False,False,False,False,False,False,False,0.15384615384615385,0.20408163265306123,0.8395995627989564,1.0629447481892804,1.1910418780960612,0.940780814959858,-0.6681505949150821,0,1,0.0,0.0,0.0,3,3
2026-01-30,A. GRIEZMANN,2.2498505645775864,1.2978573844532297,2.0,1.2597884922707905,-2.135390819476876,22.0,-1.1044532003731045,,,0,0,0.5599429367276139,0,False,False,True,False,False,True,False,False,0.2857142857142857,0.20408163265306123,1.7335100589772114,1.78589405482514,0.5768635606397904,0.5599429367276139,-2.135390819476876,0,1,0.0,0.0,1.2597884922707905,3,3
2026-01-30,I. LOSADA,-0.4278894164610261,-0.4465231078571866,12.0,0.1542313562598511,-0.13926167675908666,22.0,-1.1044532003731045,,,0,0,-0.36044760812986193,0,False,False,True,False,False,False,False,False,0.125,0.20408163265306123,0.9582715142916957,-2.774316796017282,1.0435503525668772,-0.36044760812986193,-0.13926167675908666,0,1,0.0,0.0,0.1542313562598511,2,2
2026-01-30,M. DÍAZ,-0.6309305402924714,-0.7636831973681714,48.0,-0.7440338167490376,,22.0,-1.1044532003731045,,,0,0,1.1792660974538234,0,False,False,True,False,False,False,False,False,0.11224489795918367,0.20408163265306123,0.8261689777067039,0.8479875162620474,1.2104096394252855,1.1792660974538234,,0,0,-0.0,-0.0,-0.7440338167490376,0,0
2026-01-30,J. DE FRUTOS,2.1251424660349594,1.588587466504966,14.0,1.8125670602762602,1.0379426894590968,22.0,-1.1044532003731045,Maldinillo 💥,-11.94212,1,1,0.8529151510218288,1,False,True,False,False,False,False,False,False,0.15384615384615385,0.20408163265306123,1.337755190121995,1.172448369034517,0.7475201048279877,0.8529151510218288,1.0379426894590968,1,0,0.0,1.8125670602762602,0.0,3,3
2026-01-30,J. MUÑOZ,-0.6309305402924714,-0.5522431376941814,9.0,-0.4676445327463027,,22.0,-1.1044532003731045,,,0,0,0.7411992986245708,0,False,True,False,False,False,False,False,False,0.17117117117117117,0.20408163265306123,1.1424889504572102,1.3491698187019558,0.8752849604064911,0.7411992986245708,,0,0,-0.0,-0.4676445327463027,-0.0,0,1
2026-01-30,Á. CARRERAS,2.4810050747856938,0.8749772651052501,15.0,0.8452045662666884,1.2767957492714819,22.0,-1.1044532003731045,,,0,0,0.34067009140221316,1,True,False,False,False,False,False,False,False,0.17857142857142858,0.20408163265306123,2.83550480478193,2.9353865779001036,0.3526703436954823,0.34067009140221316,1.2767957492714819,1,0,0.8452045662666884,0.0,0.0,3,3
2026-01-30,F. CALERO,0.658200382021972,0.6106771905127628,8.0,0.7761072452660043,-0.7363943262900493,22.0,-1.1044532003731045,,,0,0,1.1791334179242066,0,True,False,False,False,False,False,False,False,0.0641025641025641,0.20408163265306123,1.0778187140911428,0.8480780690538593,0.9277968828275376,1.1791334179242066,-0.7363943262900493,0,1,0.7761072452660043,0.0,0.0,3,3
2026-01-30,D. DJENÉ,-0.20298232544773265,0.37280712337952415,9.0,0.016036714258483527,0.3043225771781998,22.0,-1.1044532003731045,,,0,0,-0.0790058603820328,1,True,False,False,False,False,False,False,False,0.17117117117117117,0.20408163265306123,-0.5444686226461156,-12.656562037221754,-1.8366572518786777,-0.0790058603820328,0.3043225771781998,1,0,0.016036714258483527,0.0,0.0,2,1
2026-01-30,S. CARDONA,-0.22268572444676052,0.10850704878703685,20.0,0.08513403525916731,-1.094673916008627,22.0,-1.1044532003731045,,,0,0,-0.382307477401851,0,True,False,False,False,False,False,False,False,0.2376237623762376,0.20408163265306123,-2.0522507494703395,-2.6156766573110897,-0.48726758899431705,-0.382307477401851,-1.094673916008627,0,1,0.08513403525916731,0.0,0.0,2,2
2026-01-30,J. HERRANDO,-0.4024191689744779,-0.1822230332646992,50.0,-0.4676445327463027,0.28726164433445806,22.0,-1.1044532003731045,,,0,0,1.1620860309017547,1,True,False,False,False,False,False,False,False,0.18181818181818182,0.20408163265306123,2.2084001685455683,0.8605254660771516,0.4528200944034814,1.1620860309017547,0.28726164433445806,1,0,-0.4676445327463027,-0.0,-0.0,2,1
2026-01-30,M. RISTIĆ,-0.6213191261466041,-1.0544132794199075,5.0,-1.0204231007517723,0.18489604727200734,22.0,-1.1044532003731045,,,0,0,1.642352054140775,1,True,False,False,False,False,False,False,False,0.16049382716049382,0.20408163265306123,0.58925634523948,0.60888442703158,1.6970586162669135,1.642352054140775,0.18489604727200734,1,0,-1.0204231007517723,-0.0,-0.0,1,0
2026-01-30,A. CHRISTENSEN,-0.6220399822075442,-0.4200931003979378,3.0,-0.3294498907449351,0.7308458982717445,22.0,-1.1044532003731045,,,0,0,0.5296290106702889,1,True,False,False,True,False,False,False,False,0.30337078651685395,0.20408163265306123,1.480722873908623,1.8881228611849783,0.6753485109680363,0.5296290106702889,0.7308458982717445,1,0,-0.3294498907449351,-0.0,-0.0,1,1
2026-01-30,J. GARCIA,3.173507463995428,1.4564374292087223,3.0,2.1711821562698126,0.5431756369905849,22.0,-1.1044532003731045,Dani,-16.70801,2,1,0.8106603843888432,1,False,False,False,False,False,False,False,False,0.30337078651685395,0.20408163265306123,2.178950651363672,1.2335613228952633,0.4589360468807688,0.8106603843888432,0.5431756369905849,1,0,0.0,0.0,0.0,3,3
2026-01-30,P. LÓPEZ,-0.5718203432953879,-0.2615130556424454,4.0,1.0524965292687394,0.9355770923966461,22.0,-1.1044532003731045,,,0,0,-1.8406102235073316,1,False,False,False,False,False,False,False,False,0.19230769230769232,0.20408163265306123,2.186592667365263,-0.543298513672218,0.45733509841648395,-1.8406102235073316,0.9355770923966461,1,0,0.0,0.0,0.0,2,3
2026-01-31,A. SANTOS,3.4300673446445993,0.8221172501867526,4.0,1.2597884922707905,-0.5828459306963732,23.0,0.635284398653518,,,0,0,0.36097460979359663,0,False,False,True,False,False,False,False,False,0.19230769230769232,0.21839080459770116,4.24508673047378,2.77027495161703,0.2355660933652652,0.36097460979359663,-0.5828459306963732,0,1,0.0,0.0,1.2597884922707905,3,3
2026-01-31,T. ASANO,-0.6268456892804779,-0.36723308547944034,408.0,-0.4676445327463027,0.3896272413969088,23.0,0.635284398653518,,,0,0,0.746029344658064,1,False,False,True,False,False,False,False,False,0.10833333333333334,0.21839080459770116,1.7069469528026089,1.3404348513048776,0.5858438170720851,0.746029344658064,0.3896272413969088,1,0,-0.0,-0.0,-0.4676445327463027,1,1
2026-01-31,L. BELTRÁN,-0.42764913110737934,0.1613670637055343,19.0,-0.05306060674220026,0.8673333610216789,23.0,0.635284398653518,Libre,-1.006,0,1,0.12407538553904525,1,False,True,False,False,False,False,False,False,0.22413793103448276,0.21839080459770116,-2.6501472552075533,8.05978704639087,-0.377336066657605,0.12407538553904525,0.8673333610216789,1,0,-0.0,-0.05306060674220026,-0.0,2,1
2026-01-31,F. REDONDO,-0.6266054039268312,-1.0544132794199075,23.0,-1.365909705755191,0.40668817424065057,23.0,0.635284398653518,,,0,0,2.17985972839522,1,False,True,False,False,False,False,False,False,0.1746031746031746,0.21839080459770116,0.5942698279951393,0.4587461821472103,1.6827415715754077,2.17985972839522,0.40668817424065057,1,0,-0.0,-1.365909705755191,-0.0,1,0
2026-01-31,K. BARJA,-0.6270859746341245,-0.5522431376941814,50.0,-0.8822284587504049,0.2190179129594909,23.0,0.635284398653518,,,0,0,1.4068722652223409,1,False,True,False,False,False,False,False,False,0.18181818181818182,0.21839080459770116,1.1355272114012238,0.7107985230048665,0.8806512036369395,1.4068722652223409,0.2190179129594909,1,0,-0.0,-0.8822284587504049,-0.0,1,0
2026-01-31,F. LEJEUNE,1.558309316782439,1.0071273024014937,14.0,0.7070099242653208,-1.896537759664491,23.0,0.635284398653518,,,0,0,0.4537029092672233,0,True,False,False,False,False,False,False,False,0.15384615384615385,0.21839080459770116,1.5472798381960433,2.2040809601375413,0.6462944456922968,0.4537029092672233,-1.896537759664491,0,1,0.7070099242653208,0.0,0.0,3,3
2026-01-31,M. SÁNCHEZ,-0.3788712043171031,0.5313871681350165,12.0,0.637912603264637,-0.41223660225895525,23.0,0.635284398653518,,,0,0,-1.6837233332044317,0,True,False,False,False,False,False,False,False,0.125,0.21839080459770116,-0.7129838920704732,-0.5939224408731244,-1.402557292919929,-1.6837233332044317,-0.41223660225895525,0,1,0.637912603264637,0.0,0.0,2,2
2026-01-31,D. PAMPÍN,-0.6309305402924714,-0.8694032272051663,12.0,-0.2603525697442513,-0.3439928708839881,23.0,0.635284398653518,,,0,0,0.412649199502631,0,True,False,False,True,False,False,False,False,0.125,0.21839080459770116,0.725706146763276,2.4233790520727316,1.3779719789346825,0.412649199502631,-0.3439928708839881,0,1,-0.2603525697442513,-0.0,-0.0,0,1
2026-01-31,U. EGILUZ,-0.6309305402924714,-1.2129933241753998,1.0,-2.0568829157620283,-0.01983514685289414,23.0,0.635284398653518,,,0,0,3.260083391892773,0,True,False,False,True,False,False,False,False,0.14035087719298245,0.21839080459770116,0.520143885264387,0.306741255031515,1.9225495823402232,3.260083391892773,-0.01983514685289414,0,1,-2.0568829157620283,-0.0,-0.0,0,0
2026-01-31,A. BATALLA,0.9982041574320254,1.2449973695347323,14.0,0.9833992082680559,-1.964781491039458,23.0,0.635284398653518,,,0,0,0.985167428705679,0,False,False,False,False,False,False,False,False,0.15384615384615385,0.21839080459770116,0.8017714575843692,1.0150538397688993,1.2472359617311561,0.985167428705679,-1.964781491039458,0,1,0.0,0.0,0.0,3,3
2026-01-31,J. AGIRREZABALA,-0.13498157036572192,0.7956872427275039,19.0,0.8452045662666884,-1.3676488415084953,23.0,0.635284398653518,,,0,0,-6.261675765457623,0,False,False,False,True,False,False,False,False,0.22413793103448276,0.21839080459770116,-0.16964127797468098,-0.15970265193820443,-5.894827978364857,-6.261675765457623,-1.3676488415084953,0,1,0.0,0.0,0.0,2,3
2026-02-01,L. BOYÉ,0.605337604219702,0.9542672874829963,48.0,1.4670804552728416,1.4815269433963834,23.0,0.3189684715577685,Dani,-5.91883,0,1,2.423569957452075,1,False,False,True,False,False,False,False,False,0.11224489795918367,0.21839080459770116,0.6343473970159448,0.4126134933026768,1.5764190171103871,2.423569957452075,1.4815269433963834,1,0,0.0,0.0,1.4670804552728416,3,3
2026-02-01,J. FERRÁNDEZ,-0.6198774140247241,-0.4465231078571866,23.0,-0.3985472117456189,0.8843942938654207,23.0,0.3189684715577685,,,0,0,0.6429462433615399,1,False,True,False,True,False,False,False,False,0.1746031746031746,0.21839080459770116,1.3882345422927695,1.5553463958663212,0.7203421484582841,0.6429462433615399,0.8843942938654207,1,0,-0.0,-0.3985472117456189,-0.0,1,1
2026-02-01,J. KALUMBA,-0.6299693988778847,-1.2129933241753998,408.0,-2.0568829157620283,-0.3269319380402464,23.0,0.3189684715577685,,,0,0,3.2650572940258575,0,False,True,False,False,False,False,False,False,0.10833333333333334,0.21839080459770116,0.519351513049468,0.3062739742376,1.9254828120521816,3.2650572940258575,-0.3269319380402464,0,1,-0.0,-2.0568829157620283,-0.0,0,0
2026-02-01,C. BENAVÍDEZ,-0.6309305402924714,-0.9486932495829125,48.0,-1.0895204217524561,-0.07101794538411951,23.0,0.3189684715577685,,,0,0,1.7268495959903891,0,False,True,False,False,False,False,False,False,0.11224489795918367,0.21839080459770116,0.6650529089595247,0.5790906776839649,1.5036437335667303,1.7268495959903891,-0.07101794538411951,0,1,-0.0,-1.0895204217524561,-0.0,0,0
2026-02-01,L. CABRERA,2.6559328122404775,1.588587466504966,8.0,1.397983134272158,-1.6918065655395895,23.0,0.3189684715577685,,,0,0,0.5263621886318226,0,True,False,False,False,False,False,False,False,0.0641025641025641,0.21839080459770116,1.6718822201219696,1.8998304395087102,0.5981276563382708,0.5263621886318226,-1.6918065655395895,0,1,1.397983134272158,0.0,0.0,3,3
2026-02-01,M. ALONSO,2.2657093979182674,0.689967212890509,5.0,0.7070099242653208,-0.2245663409777956,23.0,0.3189684715577685,Chamacónicos,-12.315,0,1,0.31204779080103123,0,True,False,False,False,False,False,False,False,0.16049382716049382,0.21839080459770116,3.2837880870286016,3.204631385678578,0.3045257741344393,0.31204779080103123,-0.2245663409777956,0,1,0.7070099242653208,0.0,0.0,3,3
2026-02-01,A. CATENA,1.7498167436388434,0.980697294942245,50.0,0.8452045662666884,-1.4529535057272045,23.0,0.3189684715577685,,,0,0,0.4830243431576128,0,True,False,False,False,False,False,False,False,0.18181818181818182,0.21839080459770116,1.7842559252556802,2.0702853997612247,0.5604568238648846,0.4830243431576128,-1.4529535057272045,0,1,0.8452045662666884,0.0,0.0,3,3
2026-02-01,D. DUARTE,-0.5617283584422273,0.10850704878703685,9.0,-0.12215792774288405,-0.7705161919775328,23.0,0.3189684715577685,,,0,0,0.21746836059694566,0,True,False,False,False,False,False,False,False,0.17117117117117117,0.21839080459770116,-5.176835863528453,4.598415896841753,-0.19316675101591407,0.21746836059694566,-0.7705161919775328,0,1,-0.12215792774288405,-0.0,-0.0,2,1
2026-02-01,J. AIDOO,-0.6309305402924714,-1.0544132794199075,5.0,-0.6749364957483537,-0.4634194007901807,23.0,0.3189684715577685,,,0,0,1.06974939774651,0,True,False,False,False,False,False,False,False,0.16049382716049382,0.21839080459770116,0.5983717684315877,0.9348012428845656,1.6712060730761276,1.06974939774651,-0.4634194007901807,0,1,-0.6749364957483537,-0.0,-0.0,0,0
2026-02-01,V. KRAPYVTSOV,-0.6309305402924714,-1.0808432868791562,222.0,-0.3294498907449351,,23.0,0.3189684715577685,,,0,0,0.5221658992099443,0,False,False,False,False,False,False,False,False,0.10227272727272728,0.21839080459770116,0.583739688899693,1.9151090139227347,1.7130966579534768,0.5221658992099443,,0,0,-0.0,-0.0,-0.0,0,1
2026-02-02,M. RASHFORD,2.7876091860388588,1.588587466504966,3.0,1.6052750972742091,1.6009534733025756,23.0,0.0026525444620189103,Maldinillo 💥,-14.79861,3,1,0.5758606799881423,1,False,False,True,False,False,False,False,False,0.30337078651685395,0.21839080459770116,1.754771134762072,1.7365294299044725,0.5698743226226758,0.5758606799881423,1.6009534733025756,1,0,0.0,0.0,1.6052750972742091,3,3
2026-02-02,G. LO CELSO,2.204436632738364,1.08641732477924,4.0,1.4670804552728416,-1.9477205581957162,23.0,0.0026525444620189103,Maldinillo 💥,-12.0877,0,1,0.665512343595054,0,False,True,False,True,False,False,False,False,0.19230769230769232,0.21839080459770116,2.0290863863938466,1.5026000259327064,0.4928319625126733,0.665512343595054,-1.9477205581957162,0,1,0.0,1.4670804552728416,0.0,3,3
2026-02-02,F. BELTRÁN,-0.44302739374076694,-0.36723308547944034,222.0,-0.19125524874356753,1.327978547802707,23.0,0.0026525444620189103,Dani,-1.22801,3,1,0.43170170320705287,1,False,True,False,False,False,False,False,False,0.10227272727272728,0.21839080459770116,1.2063962035407987,2.3164316434861285,0.8289192036136871,0.43170170320705287,1.327978547802707,1,0,-0.0,-0.19125524874356753,-0.0,2,1
2026-02-02,P. AGUDÍN,-0.6309305402924714,-1.0808432868791562,1370.0,-1.1586177427531397,-0.5146021993214059,23.0,0.0026525444620189103,,,0,0,1.836366295697702,0,False,True,False,False,False,False,False,False,0.09649122807017543,0.21839080459770116,0.583739688899693,0.5445549999504025,1.7130966579534768,1.836366295697702,-0.5146021993214059,0,1,-0.0,-1.1586177427531397,-0.0,0,0
2026-02-02,N. SOUZA,1.0688480514041496,0.5842471830535141,4.0,0.29242599826121835,-2.203634550851843,23.0,0.0026525444620189103,,,0,0,0.27358961293651113,0,True,False,False,False,False,False,False,True,0.19230769230769232,0.21839080459770116,1.829441806421927,3.6550936054453227,0.5466133709769281,0.27358961293651113,-2.203634550851843,0,1,0.29242599826121835,0.0,0.0,3,2
2026-02-02,É. MILITÃO,0.7000100335564943,0.9278372800237475,15.0,2.1711821562698126,-2.084208020945651,23.0,0.0026525444620189103,,,0,0,3.1815941171170423,0,True,False,False,True,False,False,False,False,0.17857142857142858,0.21839080459770116,0.7544526332095048,0.3143072578201559,1.3254609363937497,3.1815941171170423,-2.084208020945651,0,1,2.2271509862803627,0.0,0.0,3,3
2026-02-02,A. RAÍLLO,0.28936236417431666,0.4520971457572704,408.0,0.3615233192619022,-2.340122013601777,23.0,0.0026525444620189103,,,0,0,1.2493748830073574,0,True,False,False,False,False,True,False,False,0.10833333333333334,0.21839080459770116,0.6400432447906436,0.8003952950249286,1.5623855737484467,1.2493748830073574,-2.340122013601777,0,1,0.3615233192619022,0.0,0.0,2,2
2026-02-02,J. ÁNGEL CARMONA,0.24058443738404034,0.6371071979720115,17.0,0.4997179612632697,-0.5487240650088896,23.0,0.0026525444620189103,,,0,0,2.0770914760962143,0,True,False,False,False,False,False,False,False,0.17708333333333334,0.21839080459770116,0.37761943442236057,0.4814394810552164,2.6481536243401704,2.0770914760962143,-0.5487240650088896,0,1,0.4997179612632697,0.0,0.0,2,2
2026-02-02,T. NIANZOU,-0.6239622650367177,-0.8429732197459175,17.0,-0.6749364957483537,0.2531397786469745,23.0,0.0026525444620189103,,,0,0,1.0816961461680419,1,True,False,False,True,False,False,False,False,0.17708333333333334,0.21839080459770116,0.7401931527764791,0.9244768855205667,1.3510024852204758,1.0816961461680419,0.2531397786469745,1,0,-0.6749364957483537,-0.0,-0.0,1,0
2026-02-02,A. ITURBE,-0.6309305402924714,-1.2129933241753998,23.0,-2.0568829157620283,-0.0027742140091523483,23.0,0.0026525444620189103,,,0,0,3.260083391892773,0,False,False,False,False,False,False,False,False,0.1746031746031746,0.21839080459770116,0.520143885264387,0.306741255031515,1.9225495823402232,3.260083391892773,-0.0027742140091523483,0,1,-0.0,-0.0,-0.0,0,0
2026-02-03,A. SANTOS,3.4300673446445993,0.9014072725644988,4.0,1.190691171270107,-0.5487240650088896,23.0,-0.3136633826337306,,,0,0,0.34368400173322433,0,False,False,True,False,False,False,False,False,0.19230769230769232,0.21839080459770116,3.8434227116699358,2.9096462636232814,0.260184392142537,0.34368400173322433,-0.5487240650088896,0,1,0.0,0.0,1.190691171270107,3,3
2026-02-03,M. SATRIANO,-0.3351392699534072,-1.0279832719606588,9.0,-0.4676445327463027,-0.3439928708839881,23.0,-0.3136633826337306,,,0,0,1.3953778922691138,0,False,False,True,False,False,False,False,False,0.17117117117117117,0.21839080459770116,0.3260165852025832,0.7166554148311525,3.0673407489499027,1.3953778922691138,-0.3439928708839881,0,1,-0.0,-0.0,-0.4676445327463027,2,1
2026-02-03,J. BELLINGHAM,3.4300673446445993,1.2185673620754836,15.0,1.4670804552728416,-0.8728817890399836,23.0,-0.3136633826337306,,,0,0,0.34424279389822365,0,False,True,False,True,False,False,False,False,0.17857142857142858,0.21839080459770116,3.497349810890013,2.9049237963877483,0.28593048988307807,0.34424279389822365,-0.8728817890399836,0,1,0.0,1.4670804552728416,0.0,3,3
2026-02-03,J. MONCAYOLA,0.811742723002201,1.0599873173199912,50.0,0.7761072452660043,0.9526380252403879,23.0,-0.3136633826337306,Libre,-6.1661,0,1,0.9560988564169037,1,False,True,False,False,False,False,False,False,0.18181818181818182,0.21839080459770116,0.7658034619235814,1.045914314083834,1.3058152311910358,0.9560988564169037,0.9526380252403879,1,0,0.0,0.7761072452660043,0.0,3,3
2026-02-03,J. EL-ABDELLAOUI,-0.40217888362083115,0.10850704878703685,5.0,0.5688152822639532,-0.36105380372772994,23.0,-0.3136633826337306,,,0,0,-1.4143375492030434,0,False,True,False,False,False,False,False,False,0.16049382716049382,0.21839080459770116,-3.706442868677575,-0.7070453082322357,-0.2697986468329424,-1.4143375492030434,-0.36105380372772994,0,1,0.0,0.5688152822639532,0.0,2,2
2026-02-03,U. GÓMEZ,-0.6210788407929575,-0.2615130556424454,1.0,-0.2603525697442513,-0.3439928708839881,23.0,-0.3136633826337306,,,0,0,0.41919474926338973,0,False,True,False,False,False,False,False,False,0.14035087719298245,0.21839080459770116,2.374952998886341,2.3855390670509724,0.4210632524073958,0.41919474926338973,-0.3439928708839881,0,1,-0.0,-0.2603525697442513,-0.0,1,1
2026-02-03,A. DADIE,-0.6234816943294244,-1.2129933241753998,16.0,-2.0568829157620283,-0.12220074391534486,23.0,-0.3136633826337306,,,0,0,3.2990322466588626,0,False,True,False,False,False,False,True,False,0.12037037037037036,0.21839080459770116,0.5140030005987641,0.3031198288786736,1.945518658729309,3.2990322466588626,-0.12220074391534486,0,1,-0.0,-2.0568829157620283,-0.0,1,0
2026-02-03,N. SOUZA,1.0328052483571475,0.5842471830535141,4.0,0.29242599826121835,-2.4595485435079696,23.0,-0.3136633826337306,,,0,0,0.28313732486259763,0,True,False,False,False,False,False,False,True,0.19230769230769232,0.21839080459770116,1.767750894764097,3.5318395855999802,0.5656890476629647,0.28313732486259763,-2.4595485435079696,0,1,0.29242599826121835,0.0,0.0,3,2
2026-02-03,Y. BERCHICHE,0.11875976308517308,0.37280712337952415,1.0,0.1542313562598511,-0.599906863540115,23.0,-0.3136633826337306,,,0,0,1.2986726613506108,0,True,False,False,False,False,False,False,False,0.14035087719298245,0.21839080459770116,0.3185546548948825,0.7700055031584054,3.1391438863705647,1.2986726613506108,-0.599906863540115,0,1,0.1542313562598511,0.0,0.0,2,2
2026-02-03,K. SALAS,-0.2517602522380089,-0.10293301088695302,17.0,0.5688152822639532,1.2426738835839983,23.0,-0.3136633826337306,Jotabetrbb,-1.838,1,1,-2.2593619785866097,1,True,False,False,False,False,False,False,False,0.17708333333333334,0.21839080459770116,2.4458887965815537,-0.44260380739449756,0.40885492776107346,-2.2593619785866097,1.2426738835839983,1,0,0.5688152822639532,0.0,0.0,2,2
2026-02-03,A. CHRISTENSEN,-0.6309305402924714,-0.4200931003979378,3.0,-0.3294498907449351,,23.0,-0.3136633826337306,,,0,0,0.5221658992099443,0,True,False,False,True,False,False,False,False,0.30337078651685395,0.21839080459770116,1.501886228507544,1.9151090139227347,0.6658320360197447,0.5221658992099443,,0,0,-0.3294498907449351,-0.0,-0.0,0,1
2026-02-03,L. COSTA,-0.6309305402924714,-1.2129933241753998,20.0,-2.0568829157620283,-0.4292975351026971,23.0,-0.3136633826337306,,,0,0,3.260083391892773,0,True,False,False,True,False,False,False,False,0.2376237623762376,0.21839080459770116,0.520143885264387,0.306741255031515,1.9225495823402232,3.260083391892773,-0.4292975351026971,0,1,-2.0568829157620283,-0.0,-0.0,0,0
2026-02-03,Á. FORTUÑO,-0.6263651185731846,-1.2129933241753998,8.0,-2.0568829157620283,-0.3781147365714717,23.0,-0.3136633826337306,,,0,0,3.2838453780645507,0,False,False,False,False,False,False,False,False,0.0641025641025641,0.21839080459770116,0.5163801172435214,0.3045216712604187,1.936562597069764,3.2838453780645507,-0.3781147365714717,0,1,-0.0,-0.0,-0.0,1,0
2026-02-03,J. MUSSO,-0.6270859746341245,-1.107273294338405,2.0,0.7070099242653208,0.15077418158452377,23.0,-0.3136633826337306,,,0,0,-1.1274547355848048,1,False,False,False,False,False,False,False,False,0.2857142857142857,0.21839080459770116,0.5663340244675843,-0.8869537274629115,1.7657468112426844,-1.1274547355848048,0.15077418158452377,1,0,0.0,0.0,0.0,1,3
2026-02-04,A. PÉREZ,1.3656004631578005,-0.10293301088695302,20.0,0.1542313562598511,-2.6874826063003603,23.0,-0.6299793097294802,,,0,0,0.11294023946284326,0,False,False,True,False,False,True,False,False,0.2376237623762376,0.21839080459770116,-13.267014327132854,8.854176233014512,-0.07537558626287054,0.11294023946284326,-2.886071864601514,0,1,0.0,0.0,0.1542313562598511,3,2
2026-02-04,I. LOSADA,-0.45528194677674766,-0.36723308547944034,12.0,0.1542313562598511,0.15077418158452377,23.0,-0.6299793097294802,,,0,0,-0.3387608406452384,1,False,False,True,False,False,False,False,False,0.125,0.21839080459770116,1.239766253491586,-2.9519223969430084,0.8066076300344661,-0.3387608406452384,0.15077418158452377,1,0,0.0,0.0,0.1542313562598511,2,2
2026-02-04,J. BELLINGHAM,3.4300673446445993,1.2185673620754836,15.0,1.4670804552728416,-0.8728817890399836,23.0,-0.6299793097294802,,,0,0,0.3453526735884242,0,False,True,False,True,False,False,False,False,0.17857142857142858,0.21839080459770116,3.4861101746216523,2.8955880740196176,0.28685236377312134,0.3453526735884242,-0.8728817890399836,0,1,0.0,1.4670804552728416,0.0,3,3
2026-02-04,Á. GARCÍA,1.2627583317970212,1.3242873919124785,14.0,0.9833992082680559,0.4749319056156177,23.0,-0.6299793097294802,,,0,0,0.7787700977577331,1,False,True,False,False,False,False,False,False,0.15384615384615385,0.21839080459770116,0.9535372653787305,1.284073687579307,1.0487250884362085,0.7787700977577331,0.4749319056156177,1,0,0.0,0.9833992082680559,0.0,3,3
2026-02-04,A. LISO,-0.4144334366568119,0.5313871681350165,9.0,0.4997179612632697,-0.5828459306963732,23.0,-0.6299793097294802,,,0,0,-1.205788729507874,0,False,True,False,False,False,False,False,False,0.17117117117117117,0.21839080459770116,-0.779907159226608,-0.8293330227236938,-1.282204579404227,-1.205788729507874,-0.5828459306963732,0,1,0.0,0.4997179612632697,0.0,2,2
2026-02-04,J. GIMÉNEZ,0.5421425562106249,-0.2350830481831967,2.0,1.121593850269423,-0.8387599233525,23.0,-0.6299793097294802,,,0,0,2.068813393465253,0,True,False,False,False,False,False,False,False,0.2857142857142857,0.21839080459770116,-2.3061844168897982,0.4833675511976492,-0.43361771156395706,2.068813393465253,-0.8387599233525,0,1,1.121593850269423,0.0,0.0,3,3
2026-02-04,A. PAREDES,-0.15780867896215664,0.3992371308387729,1.0,0.7761072452660043,0.014286718834589441,23.0,-0.6299793097294802,Maldinillo 💥,-2.129,0,1,-4.918057539215948,1,True,False,False,False,False,False,False,False,0.14035087719298245,0.21839080459770116,-0.39527456616083007,-0.20333333645755702,-2.529896729135169,-4.918057539215948,0.014286718834589441,1,0,0.7761072452660043,0.0,0.0,2,3
2026-02-04,A. DE LA FUENTE,-0.15852953502309672,0.7163972203497577,12.0,0.7761072452660043,1.6009534733025756,23.0,-0.6299793097294802,Maldinillo 💥,-2.37632,0,1,-4.895694299786028,1,True,False,False,False,False,False,False,False,0.125,0.21839080459770116,-0.22128689117304048,-0.2042621451196696,-4.5190427089065235,-4.895694299786028,1.6009534733025756,1,0,0.7761072452660043,0.0,0.0,2,3
2026-02-04,P. MAFFEO,-0.17150494412001746,0.37280712337952415,408.0,0.3615233192619022,0.5602365698343267,23.0,-0.6299793097294802,Maldinillo 💥,-2.07202,0,1,-2.1079592140977836,1,True,False,False,False,False,False,False,False,0.10833333333333334,0.21839080459770116,-0.46003542671043923,-0.4743939341900058,-2.173752477194553,-2.1079592140977836,0.5602365698343267,1,0,0.3615233192619022,0.0,0.0,2,2
2026-02-04,Á. ORTIZ,-0.612428568061677,-0.605103152612679,4.0,-0.2603525697442513,-0.599906863540115,23.0,-0.6299793097294802,,,0,0,0.42511569256796006,0,True,False,False,False,False,False,False,False,0.19230769230769232,0.21839080459770116,1.0121077332436588,2.35231371434894,0.9880403563931982,0.42511569256796006,-0.599906863540115,0,1,-0.2603525697442513,-0.0,-0.0,1,1
2026-02-04,N. MOLINA,-0.6227608382684843,-0.39366309293868906,2.0,-0.6058391747476699,0.6796630997405192,23.0,-0.6299793097294802,,,0,0,0.9728295524517759,1,True,False,False,False,False,False,False,False,0.2857142857142857,0.21839080459770116,1.5819680112442938,1.0279326464164504,0.6321266542062608,0.9728295524517759,0.6796630997405192,1,0,-0.6058391747476699,-0.0,-0.0,1,0
2026-02-05,N. MAUPAY,-0.36036923208630867,-1.00155326450141,17.0,2.1711821562698126,1.020881756615355,23.0,-0.9462952368252298,Jotabetrbb,-4.586,0,1,-9.631544779067497,1,False,False,True,False,False,False,False,False,0.17708333333333334,0.21839080459770116,0.35981071069287296,-0.10382576313225662,2.7792495989533745,-9.631544779067497,1.020881756615355,1,0,0.0,0.0,3.47090276429267,2,3
2026-02-05,J. KARRIKABURU,-0.6294888281705914,-0.9222632421236637,16.0,-0.8131311377497211,0.20195698011574914,23.0,-0.9462952368252298,,,0,0,1.291734488517167,1,False,False,True,False,False,False,False,False,0.12037037037037036,0.21839080459770116,0.6825486281657673,0.7741550816363248,1.4651009929833467,1.291734488517167,0.20195698011574914,1,0,-0.0,-0.0,-0.8131311377497211,0,0
2026-02-05,J. MONCAYOLA,0.838894967964276,1.0599873173199912,50.0,0.7761072452660043,0.7308458982717445,23.0,-0.9462952368252298,,,0,0,0.9251531475939272,1,False,True,False,False,False,True,False,False,0.18181818181818182,0.21839080459770116,0.7914190696792641,1.0808994403567405,1.2635503778760924,0.9251531475939272,0.7308458982717445,1,0,0.0,0.7761072452660043,0.0,3,3
2026-02-05,R. NAVARRO,-0.26281337850575626,0.7163972203497577,1.0,0.7761072452660043,1.0720645551465806,23.0,-0.9462952368252298,Dani,-1.91118,1,1,-2.9530848192106958,1,False,True,False,False,False,False,False,False,0.14035087719298245,0.21839080459770116,-0.3668537568078356,-0.3386297982386198,-2.7258884243691237,-2.9530848192106958,1.0720645551465806,1,0,0.0,0.7761072452660043,0.0,2,3
2026-02-05,P. CISS,-0.34787439369668127,0.13493705624628557,14.0,0.1542313562598511,-0.6681505949150821,23.0,-0.9462952368252298,,,0,0,-0.443354849938104,0,False,True,False,False,True,False,False,False,0.15384615384615385,0.21839080459770116,-2.578030270880363,-2.255521488050027,-0.38789128082597846,-0.443354849938104,-0.6681505949150821,0,1,0.0,0.1542313562598511,0.0,2,2
2026-02-05,H. SOTELO,-0.46200993667885476,0.2406570860832805,5.0,0.637912603264637,0.457870972771876,23.0,-0.9462952368252298,Libre,-0.86302,0,1,-1.3807365023072138,1,False,True,False,False,False,False,False,False,0.16049382716049382,0.21839080459770116,-1.9197773247435148,-0.7242515825253393,-0.5208927078624082,-1.3807365023072138,0.457870972771876,1,0,0.0,0.637912603264637,0.0,2,2
2026-02-05,A. REGO,-0.6222802675611909,-0.050072995968455554,1.0,0.08513403525916731,0.5602365698343267,23.0,-0.9462952368252298,,,0,0,-0.13681001392320336,1,False,True,False,False,False,False,False,False,0.14035087719298245,0.21839080459770116,12.427710450232825,-7.309332352619,0.08046708058376974,-0.13681001392320336,0.5602365698343267,1,0,0.0,0.08513403525916731,0.0,1,2
2026-02-05,P. CABANES,-0.6309305402924714,-1.2129933241753998,20.0,-2.0568829157620283,,23.0,-0.9462952368252298,,,0,0,3.260083391892773,0,False,True,False,True,False,False,False,False,0.2376237623762376,0.21839080459770116,0.520143885264387,0.306741255031515,1.9225495823402232,3.260083391892773,,0,0,-0.0,-2.0568829157620283,-0.0,0,0
2026-02-05,É. MILITÃO,0.6144684476582759,0.9278372800237475,15.0,2.1711821562698126,-1.8453549611332656,23.0,-0.9462952368252298,,,0,0,3.6245105346864133,0,True,False,False,True,False,False,False,False,0.17857142857142858,0.21839080459770116,0.662258133650779,0.2758987493639889,1.5099811448066405,3.6245105346864133,-1.8453549611332656,0,1,2.2271509862803627,0.0,0.0,3,3
2026-02-05,A. MATTURRO,-0.4961304568966834,-0.36723308547944034,12.0,0.43062064026258595,0.9526380252403879,23.0,-0.9462952368252298,Libre,-0.81503,1,1,-0.8679602355323575,1,True,False,False,False,False,False,False,False,0.125,0.21839080459770116,1.3509997533275437,-1.1521261602044692,0.7401960927224582,-0.8679602355323575,0.9526380252403879,1,0,0.43062064026258595,0.0,0.0,2,2
2026-02-05,S. BOSELLI,-0.6196371286710775,-1.1601333092569024,9.0,-1.365909705755191,0.9014552267091624,23.0,-0.9462952368252298,,,0,0,2.204373893892587,1,True,False,False,False,False,False,False,False,0.17117117117117117,0.21839080459770116,0.5341090181929099,0.4536446147976552,1.8722815787791776,2.204373893892587,0.9014552267091624,1,0,-1.365909705755191,-0.0,-0.0,1,0
2026-02-06,C. ALEÑÁ,-0.48868161093363627,0.5049571606757678,48.0,0.016036714258483527,1.0379426894590968,23.0,-1.1044532003731045,,,0,0,-0.032816350597264315,1,False,True,False,False,False,False,False,False,0.11224489795918367,0.21839080459770116,-0.9677665378843483,-30.470776761416396,-1.0333071322617746,-0.032816350597264315,1.0379426894590968,1,0,0.0,0.016036714258483527,0.0,2,1
2026-02-06,C. MACIA,-0.6220399822075442,-1.0279832719606588,20.0,-0.8131311377497211,0.7308458982717445,23.0,-1.1044532003731045,,,0,0,1.3072028618914093,1,False,True,False,False,False,False,False,False,0.2376237623762376,0.21839080459770116,0.6051076941445055,0.7649943758436932,1.6526026525097597,1.3072028618914093,0.7308458982717445,1,0,-0.0,-0.8131311377497211,-0.0,1,0
2026-02-06,D. VAN DE BEEK,-0.6266054039268312,-1.107273294338405,222.0,-0.6749364957483537,0.40668817424065057,23.0,-1.1044532003731045,,,0,0,1.0771333420554228,1,False,True,False,True,False,False,False,False,0.10227272727272728,0.21839080459770116,0.5659000113438473,0.9283930210724284,1.767101040783144,1.0771333420554228,0.40668817424065057,1,0,-0.0,-0.6749364957483537,-0.0,1,0
2026-02-06,R. VEIGA,0.6099030259389889,0.0820770413277881,20.0,-0.19125524874356753,-0.13926167675908666,23.0,-1.1044532003731045,,,0,0,-0.31358253202070113,0,True,False,False,False,False,False,False,False,0.2376237623762376,0.21839080459770116,7.430769741486288,-3.1889645848168477,0.134573699856178,-0.31358253202070113,-0.13926167675908666,0,1,-0.19125524874356753,-0.0,-0.0,3,1
2026-02-06,N. MENDY,0.02336647768744079,-0.12936301834620176,14.0,0.1542313562598511,-0.39517566941521354,23.0,-1.1044532003731045,,,0,0,6.6002569178762975,0,True,False,False,False,False,False,False,False,0.15384615384615385,0.21839080459770116,-0.18062858005900045,0.15150178765390113,-5.536028324346273,6.6002569178762975,-0.39517566941521354,0,1,0.1542313562598511,0.0,0.0,2,2
2026-02-06,J. ARESO,-0.39977603008436435,0.37280712337952415,1.0,0.1542313562598511,0.5943584355218103,23.0,-1.1044532003731045,,,0,0,-0.3857953715300921,1,True,False,False,False,False,False,False,False,0.14035087719298245,0.21839080459770116,-1.0723372292974058,-2.592037363488246,-0.9325422933514652,-0.3857953715300921,0.5943584355218103,1,0,0.1542313562598511,0.0,0.0,2,2
2026-02-06,Z. ROMERO,-0.5177561387248848,-1.00155326450141,9.0,0.7070099242653208,0.6967240325842611,23.0,-1.1044532003731045,,,0,0,-1.3655295165327153,1,True,False,False,False,False,False,False,False,0.17117117117117117,0.21839080459770116,0.5169536898632371,-0.7323170278633288,1.9344149185424058,-1.3655295165327153,0.6967240325842611,1,0,0.7070099242653208,0.0,0.0,2,3
2026-02-06,M. KUMBULLA,-0.6270859746341245,-0.7901132048274201,408.0,-0.4676445327463027,0.20195698011574914,23.0,-1.1044532003731045,,,0,0,0.7457434824030857,1,True,False,False,False,False,True,False,False,0.10833333333333334,0.21839080459770116,0.7936669890716288,1.3409486729164704,1.2599778926108303,0.7457434824030857,0.20195698011574914,1,0,-0.4676445327463027,-0.0,-0.0,1,1
2026-02-06,J. AGIRREZABALA,-0.23373885071450784,0.7956872427275039,19.0,0.8452045662666884,-1.094673916008627,23.0,-1.1044532003731045,,,0,0,-3.616036357325106,0,False,False,False,True,False,False,False,False,0.22413793103448276,0.21839080459770116,-0.29375682354345833,-0.27654674796682066,-3.404186529033214,-3.616036357325106,-1.094673916008627,0,1,0.0,0.0,0.0,2,3
2026-02-06,A. LUNIN,-0.6254039771585979,-1.2129933241753998,15.0,-2.0568829157620283,0.49199283845935954,23.0,-1.1044532003731045,,,0,0,3.2888921077847972,1,False,False,False,False,False,False,False,False,0.17857142857142858,0.21839080459770116,0.5155877450286024,0.3040543904665037,1.939538774961401,3.2888921077847972,0.49199283845935954,1,0,-0.0,-0.0,-0.0,1,0
2026-02-07,A. LOOKMAN,1.3233102409159847,-1.2129933241753998,2.0,-2.0568829157620283,2.6478123125945703,24.0,0.635284398653518,Jotabetrbb,-16.793,2,1,-1.5543455327548428,1,False,False,True,False,False,False,False,False,0.2857142857142857,0.21518987341772153,-1.090946920719865,-0.6433574191961955,-0.9166349432169686,-1.5543455327548428,3.1705592949268206,1,0,-0.0,-0.0,-2.0568829157620283,3,0
2026-02-07,K. TUNDE,-0.6309305402924714,-0.9486932495829125,12.0,-0.6749364957483537,-0.39517566941521354,24.0,0.635284398653518,,,0,0,1.06974939774651,0,False,False,True,False,False,False,False,False,0.125,0.21518987341772153,0.6650529089595247,0.9348012428845656,1.5036437335667303,1.06974939774651,-0.39517566941521354,0,1,-0.0,-0.0,-0.6749364957483537,0,0
2026-02-07,L. RIOJA,0.5837119223915007,1.0335573098607425,19.0,0.7070099242653208,0.5431756369905849,24.0,0.635284398653518,,,0,0,1.2112288372316071,1,False,True,False,False,False,False,False,False,0.22413793103448276,0.21518987341772153,0.5647595465321621,0.8256052379926883,1.7706603198473094,1.2112288372316071,0.5431756369905849,1,0,0.0,0.7070099242653208,0.0,3,3
2026-02-07,P. CISS,-0.36733750734206244,0.13493705624628557,14.0,0.1542313562598511,-0.4975412664776643,24.0,0.635284398653518,,,0,0,-0.41986394811619254,0,False,True,False,False,True,False,False,False,0.15384615384615385,0.21518987341772153,-2.7222676653323594,-2.3817149413393595,-0.36733908432529594,-0.41986394811619254,-0.4975412664776643,0,1,0.0,0.1542313562598511,0.0,2,2
2026-02-07,I. MUÑOZ,-0.6309305402924714,-0.605103152612679,50.0,-0.2603525697442513,-0.2245663409777956,24.0,0.635284398653518,,,0,0,0.412649199502631,0,False,True,False,False,False,False,False,False,0.18181818181818182,0.21518987341772153,1.0426843427481987,2.4233790520727316,0.9590661301611898,0.412649199502631,-0.2245663409777956,0,1,-0.0,-0.2603525697442513,-0.0,0,1
2026-02-07,M. BARTRA,2.31184418581843,0.7956872427275039,4.0,0.8452045662666884,0.23607884580323268,24.0,0.635284398653518,,,0,0,0.36559739010701636,1,True,False,False,False,False,False,False,False,0.19230769230769232,0.21518987341772153,2.9054648060322767,2.7352448659678754,0.34417842838633583,0.36559739010701636,0.23607884580323268,1,0,0.8452045662666884,0.0,0.0,3,3
2026-02-07,Ó. MINGUEZA,1.991063238700111,1.0335573098607425,5.0,0.9143018872673718,-0.19044447529031205,24.0,0.635284398653518,,,0,0,0.459202606071758,0,True,False,False,False,False,False,False,False,0.16049382716049382,0.21518987341772153,1.9264159745069238,2.1776845139917618,0.5190979224937072,0.459202606071758,-0.19044447529031205,0,1,0.9143018872673718,0.0,0.0,3,3
2026-02-07,N. TENAGLIA,1.0061335741023658,1.1392773396977374,48.0,1.0524965292687394,-0.9411255204149508,24.0,0.635284398653518,,,0,0,1.0460792784183328,0,True,False,False,False,False,False,False,False,0.11224489795918367,0.21518987341772153,0.8831323646241741,0.9559486327739064,1.1323309714450043,1.0460792784183328,-0.9411255204149508,0,1,1.0524965292687394,0.0,0.0,3,3
2026-02-07,L. LASO,-0.6309305402924714,-1.2129933241753998,9.0,-2.0568829157620283,-0.01983514685289414,24.0,0.635284398653518,,,0,0,3.260083391892773,0,True,False,False,False,False,False,False,False,0.17117117117117117,0.21518987341772153,0.520143885264387,0.306741255031515,1.9225495823402232,3.260083391892773,-0.01983514685289414,0,1,-2.0568829157620283,-0.0,-0.0,0,0
2026-02-07,A. LUNIN,-0.624442835744011,-1.2129933241753998,15.0,-2.0568829157620283,0.16783511442826554,24.0,0.635284398653518,,,0,0,3.29395437336656,1,False,False,False,False,False,False,False,False,0.17857142857142858,0.21518987341772153,0.5147953728136831,0.3035871096725886,1.942524114724217,3.29395437336656,0.16783511442826554,1,0,-0.0,-0.0,-0.0,1,0
2026-02-08,A. SANTOS,3.4159553858249287,0.9014072725644988,4.0,1.190691171270107,-1.0605520503211434,24.0,0.3189684715577685,,,0,0,0.3485674396227877,0,False,False,True,False,False,False,False,False,0.19230769230769232,0.21518987341772153,3.7895762550598353,2.8688820404195168,0.2638813763270035,0.3485674396227877,-1.0605520503211434,0,1,0.0,0.0,1.190691171270107,3,3
2026-02-08,G. MIKAUTADZE,2.1868958019221565,0.8485472576460014,20.0,1.3288858132714745,-0.2928100723527628,24.0,0.3189684715577685,,,0,0,0.60765821784707,0,False,False,True,False,False,False,False,False,0.2376237623762376,0.21518987341772153,2.577220307998663,1.645659946416672,0.38801431183226254,0.60765821784707,-0.2928100723527628,0,1,0.0,0.0,1.3288858132714745,3,3
2026-02-08,A. PÉREZ,1.2171041146041517,-0.10293301088695302,20.0,0.1542313562598511,-2.2377564165393267,24.0,0.3189684715577685,,,0,0,0.1267198325019059,0,False,False,True,False,False,True,False,False,0.2376237623762376,0.21518987341772153,-11.824349919102026,7.89136692273294,-0.08457199764576678,0.1267198325019059,-2.2377564165393267,0,1,0.0,0.0,0.1542313562598511,3,2
2026-02-08,L. CEPEDA,-0.5271272675171053,-1.0808432868791562,23.0,-0.3294498907449351,-0.5316631321651478,24.0,0.3189684715577685,,,0,0,0.6249923615014015,0,False,False,True,False,False,False,False,False,0.1746031746031746,0.21518987341772153,0.4877004479896342,1.6000274468224454,2.0504447482198045,0.6249923615014015,-0.5316631321651478,0,1,-0.0,-0.0,-0.3294498907449351,2,1
2026-02-08,C. BAKAMBU,-0.6309305402924714,-0.8429732197459175,4.0,-0.8131311377497211,,24.0,0.3189684715577685,,,0,0,1.2887827971611363,0,False,False,True,False,False,False,False,False,0.19230769230769232,0.21518987341772153,0.7484594693792422,0.7759281214671566,1.3360813940573333,1.2887827971611363,,0,0,-0.0,-0.0,-0.8131311377497211,0,0
2026-02-08,J. BELLINGHAM,3.4300673446445993,1.2185673620754836,15.0,1.4670804552728416,-0.8728817890399836,24.0,0.3189684715577685,,,0,0,0.34990479589146695,0,False,True,False,True,False,False,False,False,0.17857142857142858,0.21518987341772153,3.4407572563458104,2.8579176153411945,0.2906333886287978,0.34990479589146695,-0.8728817890399836,0,1,0.0,1.4670804552728416,0.0,3,3
2026-02-08,A. OUNAHI,1.5378850617224709,0.7428272278090065,222.0,2.1711821562698126,-0.5146021993214059,24.0,0.3189684715577685,Maldinillo 💥,-9.23451,0,1,1.9873506330276605,0,False,True,False,True,False,False,False,False,0.10227272727272728,0.21518987341772153,2.070310475758989,0.5031819780300325,0.4830183758717609,1.9873506330276605,-0.5146021993214059,0,1,0.0,3.056318838288568,0.0,3,3
2026-02-08,J. MONCAYOLA,0.7639259376265114,1.0599873173199912,50.0,0.7761072452660043,-1.9818424238831998,24.0,0.3189684715577685,,,0,0,1.0159443358252773,0,False,True,False,True,False,False,False,False,0.18181818181818182,0.21518987341772153,0.7206927898582641,0.9843033394970343,1.3875506479890953,1.0159443358252773,-1.9818424238831998,0,1,0.0,0.7761072452660043,0.0,3,3
2026-02-08,P. FERNÁNDEZ,-0.23662227495826801,0.3199471084610267,17.0,0.1542313562598511,0.18489604727200734,24.0,0.3189684715577685,Chamacónicos,-1.901,0,1,-0.6518068009186929,1,False,True,False,False,False,False,False,False,0.17708333333333334,0.21518987341772153,-0.7395645378134539,-1.5341934772727335,-1.3521485272930531,-0.6518068009186929,0.18489604727200734,1,0,0.0,0.1542313562598511,0.0,2,2
2026-02-08,H. SOTELO,-0.49853331043315025,0.2406570860832805,5.0,0.637912603264637,-1.162917647383594,24.0,0.3189684715577685,,,0,0,-1.279581262667581,0,False,True,False,False,False,False,True,False,0.16049382716049382,0.21518987341772153,-2.071541906390094,-0.7815060031355607,-0.48273117117361036,-1.279581262667581,-1.162917647383594,0,1,0.0,0.637912603264637,0.0,2,2
2026-02-08,T. ABED,-0.6309305402924714,-1.1865633167161511,12.0,-1.365909705755191,,24.0,0.3189684715577685,,,0,0,2.1649163948196417,0,False,True,False,False,False,False,False,False,0.125,0.21518987341772153,0.5317297974189773,0.4619126722262445,1.8806589974628738,2.1649163948196417,,0,0,-0.0,-1.365909705755191,-0.0,0,0
2026-02-08,A. REGO,-0.6309305402924714,-0.050072995968455554,1.0,0.08513403525916731,-0.01983514685289414,24.0,0.3189684715577685,,,0,0,-0.13493429903393472,0,False,True,False,False,False,False,False,False,0.14035087719298245,0.21518987341772153,12.600467149141531,-7.410938849931739,0.0793638477368549,-0.13493429903393472,-0.01983514685289414,0,1,0.0,0.08513403525916731,0.0,0,2
2026-02-08,J. LUIS GAYÀ,-0.07611165872228516,0.1613670637055343,19.0,-0.05306060674220026,0.42374910708439234,24.0,0.3189684715577685,Jotabetrbb,-2.669,0,1,0.6971508016480239,1,True,False,False,False,False,False,False,False,0.22413793103448276,0.21518987341772153,-0.47166494394562675,1.4344557639126028,-2.120163803789102,0.6971508016480239,0.42374910708439234,1,0,-0.05306060674220026,-0.0,-0.0,2,1
2026-02-08,D. JIMÉNEZ,-0.6309305402924714,-1.2129933241753998,15.0,-2.0568829157620283,,24.0,0.3189684715577685,,,0,0,3.260083391892773,0,True,False,False,False,False,False,False,False,0.17857142857142858,0.21518987341772153,0.520143885264387,0.306741255031515,1.9225495823402232,3.260083391892773,,0,0,-2.0568829157620283,-0.0,-0.0,0,0
2026-02-08,A. GOROSABEL,-0.6309305402924714,-0.605103152612679,1.0,-0.6058391747476699,-0.0539570125403777,24.0,0.3189684715577685,,,0,0,0.9602326980391968,0,True,False,False,False,False,False,False,False,0.14035087719298245,0.21518987341772153,1.0426843427481987,1.0414176038927432,0.9590661301611898,0.9602326980391968,-0.0539570125403777,0,1,-0.6058391747476699,-0.0,-0.0,0,0
2026-02-09,T. MARTÍNEZ,0.1826756671551902,1.3242873919124785,48.0,0.9833992082680559,2.163964257146055,24.0,0.0026525444620189103,Dani,-3.7531,1,1,5.383277588662289,1,False,False,True,False,False,False,False,False,0.11224489795918367,0.21518987341772153,0.13794251182053943,0.18575923171392733,7.24935161416893,5.383277588662289,2.163964257146055,1,0,0.0,0.0,0.9833992082680559,2,3
2026-02-09,J. EL-ABDELLAOUI,-0.43437712100948644,0.21422707862403179,5.0,0.637912603264637,-0.4975412664776643,24.0,0.0026525444620189103,,,0,0,-1.4685719872955572,0,False,True,False,False,False,False,False,False,0.16049382716049382,0.21518987341772153,-2.027638598074784,-0.680934093247869,-0.4931833686579498,-1.4685719872955572,-0.4975412664776643,0,1,0.0,0.637912603264637,0.0,2,2
2026-02-09,J. KALUMBA,-0.6196371286710775,-1.2129933241753998,408.0,-2.0568829157620283,0.9014552267091624,24.0,0.0026525444620189103,,,0,0,3.3195012695166572,1,False,True,False,False,False,False,False,False,0.10833333333333334,0.21518987341772153,0.5108335117390878,0.30125070570301354,1.9575897337956796,3.3195012695166572,0.9014552267091624,1,0,-0.0,-2.0568829157620283,-0.0,1,0
2026-02-09,J. FOYTH,1.003009864504959,0.26708709354252924,20.0,0.9143018872673718,-2.6874826063003603,24.0,0.0026525444620189103,,,0,0,0.9115573117132985,0,True,False,False,True,False,False,False,False,0.2376237623762376,0.21518987341772153,3.755352218069754,1.0970214340049944,0.26628534445073176,0.9115573117132985,-2.8690109317577726,0,1,0.9143018872673718,0.0,0.0,3,3
2026-02-09,J. MOJICA,0.1620111267415757,0.8485472576460014,408.0,0.29242599826121835,-1.333526975821012,24.0,0.0026525444620189103,,,0,0,1.8049636415653305,0,True,False,False,False,False,False,False,False,0.10833333333333334,0.21518987341772153,0.19092741665750226,0.5540224661365052,5.237553970262439,1.8049636415653305,-1.333526975821012,0,1,0.29242599826121835,0.0,0.0,2,2
2026-02-09,M. SÁNCHEZ,-0.427168560400086,0.7428272278090065,12.0,0.637912603264637,-0.2928100723527628,24.0,0.0026525444620189103,De la Guettir FC,-1.3896,0,1,-1.4933545109726185,0,True,False,False,False,False,False,False,False,0.125,0.21518987341772153,-0.5750569841160077,-0.6696338786537464,-1.7389598290499235,-1.4933545109726185,-0.2928100723527628,0,1,0.637912603264637,0.0,0.0,2,2
2026-02-09,Y. ÁLVAREZ,-0.6263651185731846,-1.2129933241753998,1.0,-2.0568829157620283,0.42374910708439234,24.0,0.0026525444620189103,,,0,0,3.2838453780645507,1,True,False,False,False,False,False,True,False,0.14035087719298245,0.21518987341772153,0.5163801172435214,0.3045216712604187,1.936562597069764,3.2838453780645507,0.42374910708439234,1,0,-2.0568829157620283,-0.0,-0.0,1,0
2026-02-09,A. BATALLA,0.8477855260492031,1.3507173993717272,14.0,0.9833992082680559,-1.8624158939770075,24.0,0.0026525444620189103,,,0,0,1.1599608840810738,0,False,False,False,False,False,False,False,False,0.15384615384615385,0.21518987341772153,0.6276552732557296,0.8620961424670688,1.5932281982190117,1.1599608840810738,-1.8624158939770075,0,1,0.0,0.0,0.0,3,3
2026-02-09,A. PADILLA,-0.625163691804951,-1.2129933241753998,1.0,-2.0568829157620283,0.49199283845935954,24.0,0.0026525444620189103,,,0,0,3.2901562148941705,1,False,False,False,False,False,False,False,False,0.14035087719298245,0.21518987341772153,0.5153896519748724,0.30393757026802487,1.9402842493260144,3.2901562148941705,0.49199283845935954,1,0,-0.0,-0.0,-0.0,1,0
2026-02-09,C. RIVERO,-0.6309305402924714,-1.2129933241753998,19.0,-2.0568829157620283,-0.0539570125403777,24.0,0.0026525444620189103,,,0,0,3.260083391892773,0,False,False,False,False,False,False,False,False,0.22413793103448276,0.21518987341772153,0.520143885264387,0.306741255031515,1.9225495823402232,3.260083391892773,-0.0539570125403777,0,1,-0.0,-0.0,-0.0,0,0
2026-02-09,A. LUNIN,-0.6309305402924714,-1.2129933241753998,15.0,-2.0568829157620283,,24.0,0.0026525444620189103,,,0,0,3.260083391892773,0,False,False,False,False,False,False,False,False,0.17857142857142858,0.21518987341772153,0.520143885264387,0.306741255031515,1.9225495823402232,3.260083391892773,,0,0,-0.0,-0.0,-0.0,0,0
2026-02-10,B. MAYORAL,-0.2803542093219639,0.10850704878703685,9.0,0.43062064026258595,-1.1117348488523686,23.0,-1.1044532003731045,Maldinillo 💥,-1.61904,0,1,-1.535993261158111,0,False,False,True,True,False,False,False,False,0.17117117117117117,0.21839080459770116,-2.5837180970068006,-0.6510453333255816,-0.38703694189719406,-1.535993261158111,-1.1117348488523686,0,1,0.0,0.0,0.43062064026258595,2,2
2026-02-10,B. MAYORAL,-0.2803542093219639,0.10850704878703685,9.0,0.43062064026258595,-1.1117348488523686,24.0,-0.3136633826337306,Maldinillo 💥,-1.61904,0,1,-1.535993261158111,0,False,False,True,True,False,False,False,False,0.17117117117117117,0.21518987341772153,-2.5837180970068006,-0.6510453333255816,-0.38703694189719406,-1.535993261158111,-1.1117348488523686,0,1,0.0,0.0,0.43062064026258595,2,2
2026-02-10,O. SANCET,0.20285963686151143,-0.49938312277568403,1.0,-0.8822284587504049,-2.1012689537893925,23.0,-1.1044532003731045,Maldinillo 💥,-3.63018,0,1,-4.348938623083803,0,False,True,False,True,False,False,False,False,0.14035087719298245,0.21839080459770116,-0.40622126345646803,-0.22994028903707406,-2.4617053880029083,-4.348938623083803,-2.1012689537893925,0,1,-0.0,-0.8822284587504049,-0.0,2,0
2026-02-10,O. SANCET,0.20285963686151143,-0.49938312277568403,1.0,-0.8822284587504049,-2.1012689537893925,24.0,-0.3136633826337306,Maldinillo 💥,-3.63018,0,1,-4.348938623083803,0,False,True,False,True,False,False,False,False,0.14035087719298245,0.21518987341772153,-0.40622126345646803,-0.22994028903707406,-2.4617053880029083,-4.348938623083803,-2.1012689537893925,0,1,-0.0,-0.8822284587504049,-0.0,2,0
2026-02-10,P. LOZANO,-0.41082915635211165,0.6635372054312603,8.0,0.29242599826121835,-0.2928100723527628,23.0,-1.1044532003731045,,,0,0,-0.7117963891710152,0,False,True,False,False,False,False,False,False,0.0641025641025641,0.21839080459770116,-0.6191492109864226,-1.404894755938805,-1.615121055292416,-0.7117963891710152,-0.2928100723527628,0,1,0.0,0.29242599826121835,0.0,2,2
2026-02-10,P. LOZANO,-0.41082915635211165,0.6635372054312603,8.0,0.29242599826121835,-0.2928100723527628,24.0,-0.3136633826337306,,,0,0,-0.7117963891710152,0,False,True,False,False,False,False,False,False,0.0641025641025641,0.21518987341772153,-0.6191492109864226,-1.404894755938805,-1.615121055292416,-0.7117963891710152,-0.2928100723527628,0,1,0.0,0.29242599826121835,0.0,2,2
2026-02-10,D. SUÁREZ,-0.6270859746341245,0.3199471084610267,48.0,0.1542313562598511,-0.8558208561962418,23.0,-1.1044532003731045,,,0,0,-0.2459496918257977,0,False,True,False,False,False,False,False,False,0.11224489795918367,0.21839080459770116,-1.9599615001646766,-4.0658522623982245,-0.5102133226006591,-0.2459496918257977,-0.8558208561962418,0,1,0.0,0.1542313562598511,0.0,1,2
2026-02-10,D. SUÁREZ,-0.6270859746341245,0.3199471084610267,48.0,0.1542313562598511,-0.8558208561962418,24.0,-0.3136633826337306,,,0,0,-0.2459496918257977,0,False,True,False,False,False,False,False,False,0.11224489795918367,0.21518987341772153,-1.9599615001646766,-4.0658522623982245,-0.5102133226006591,-0.2459496918257977,-0.8558208561962418,0,1,0.0,0.1542313562598511,0.0,1,2
2026-02-10,T. PARTEY,-0.628287401402358,-0.39366309293868906,20.0,-0.5367418537469861,-0.5657849978526314,23.0,-1.1044532003731045,,,0,0,0.8542948765864723,0,False,True,False,True,False,False,False,False,0.2376237623762376,0.21839080459770116,1.596006861397779,1.1705600514965195,0.6265663112555339,0.8542948765864723,-0.5657849978526314,0,1,-0.0,-0.5367418537469861,-0.0,1,1
2026-02-10,T. PARTEY,-0.628287401402358,-0.39366309293868906,20.0,-0.5367418537469861,-0.5657849978526314,24.0,-0.3136633826337306,,,0,0,0.8542948765864723,0,False,True,False,True,False,False,False,False,0.2376237623762376,0.21518987341772153,1.596006861397779,1.1705600514965195,0.6265663112555339,0.8542948765864723,-0.5657849978526314,0,1,-0.0,-0.5367418537469861,-0.0,1,1
2026-02-10,M. PUBILL,1.3062499808070704,0.18779707116478303,2.0,1.6052750972742091,1.908050264489928,23.0,-1.1044532003731045,Jotabetrbb,-9.422,3,1,1.2289178120137265,1,True,False,False,True,False,False,False,False,0.2857142857142857,0.21839080459770116,6.955609142869759,0.8137229371477648,0.1437679848085183,1.2289178120137265,1.908050264489928,1,0,1.6052750972742091,0.0,0.0,3,3
2026-02-10,M. PUBILL,1.3062499808070704,0.18779707116478303,2.0,1.6052750972742091,1.908050264489928,24.0,-0.3136633826337306,Jotabetrbb,-9.422,3,1,1.2289178120137265,1,True,False,False,True,False,False,False,False,0.2857142857142857,0.21518987341772153,6.955609142869759,0.8137229371477648,0.1437679848085183,1.2289178120137265,1.908050264489928,1,0,1.6052750972742091,0.0,0.0,3,3
2026-02-10,J. VERTROUWD,-0.6189162726101374,-1.0544132794199075,14.0,-1.365909705755191,0.9526380252403879,23.0,-1.1044532003731045,,,0,0,2.206941347552745,1,True,False,False,False,False,False,False,False,0.15384615384615385,0.21839080459770116,0.5869774894414532,0.4531168664511495,1.7036472132496492,2.206941347552745,0.9526380252403879,1,0,-1.365909705755191,-0.0,-0.0,1,0
2026-02-10,J. VERTROUWD,-0.6189162726101374,-1.0544132794199075,14.0,-1.365909705755191,0.9526380252403879,24.0,-0.3136633826337306,,,0,0,2.206941347552745,1,True,False,False,False,False,False,False,False,0.15384615384615385,0.21518987341772153,0.5869774894414532,0.4531168664511495,1.7036472132496492,2.206941347552745,0.9526380252403879,1,0,-1.365909705755191,-0.0,-0.0,1,0
2026-02-10,I. BEKHOUCHA,-0.628287401402358,-1.00155326450141,9.0,-0.6749364957483537,0.28726164433445806,23.0,-1.1044532003731045,,,0,0,1.0742497278977725,1,True,False,False,False,False,False,True,False,0.17117117117117117,0.21839080459770116,0.6273136447004393,0.9308851073327039,1.5941030432393681,1.0742497278977725,0.28726164433445806,1,0,-0.6749364957483537,-0.0,-0.0,1,0
2026-02-10,I. BEKHOUCHA,-0.628287401402358,-1.00155326450141,9.0,-0.6749364957483537,0.28726164433445806,24.0,-0.3136633826337306,,,0,0,1.0742497278977725,1,True,False,False,False,False,False,True,False,0.17117117117117117,0.21518987341772153,0.6273136447004393,0.9308851073327039,1.5941030432393681,1.0742497278977725,0.28726164433445806,1,0,-0.6749364957483537,-0.0,-0.0,1,0
2026-02-10,J. AGIRREZABALA,-0.2957324719553515,0.7956872427275039,19.0,0.8452045662666884,-0.9411255204149508,23.0,-1.1044532003731045,Maldinillo 💥,-1.555,0,1,-2.858013591445872,0,False,False,False,True,False,False,False,False,0.22413793103448276,0.21839080459770116,-0.37166877185670544,-0.34989413671471115,-2.6905734363221034,-2.858013591445872,-0.9411255204149508,0,1,0.0,0.0,0.0,2,3
2026-02-10,J. AGIRREZABALA,-0.2957324719553515,0.7956872427275039,19.0,0.8452045662666884,-0.9411255204149508,24.0,-0.3136633826337306,Maldinillo 💥,-1.555,0,1,-2.858013591445872,0,False,False,False,True,False,False,False,False,0.22413793103448276,0.21518987341772153,-0.37166877185670544,-0.34989413671471115,-2.6905734363221034,-2.858013591445872,-0.9411255204149508,0,1,0.0,0.0,0.0,2,3
2026-02-10,L. BERGSTRÖM,-0.6309305402924714,-0.6315331600719277,408.0,0.9833992082680559,-0.2075054081340538,23.0,-1.1044532003731045,,,0,0,-1.558651395229006,0,False,False,False,False,False,False,False,False,0.10833333333333334,0.21839080459770116,0.9990473647780855,-0.6415806453851105,1.000956715038539,-1.558651395229006,-0.2075054081340538,0,1,0.0,0.0,0.0,0,3
2026-02-10,L. BERGSTRÖM,-0.6309305402924714,-0.6315331600719277,408.0,0.9833992082680559,-0.2075054081340538,24.0,-0.3136633826337306,,,0,0,-1.558651395229006,0,False,False,False,False,False,False,False,False,0.10833333333333334,0.21518987341772153,0.9990473647780855,-0.6415806453851105,1.000956715038539,-1.558651395229006,-0.2075054081340538,0,1,0.0,0.0,0.0,0,3
2026-02-11,A. GONZÁLEZ,-0.621559411500251,-0.49938312277568403,20.0,-0.19125524874356753,0.7649677639592282,24.0,-0.6299793097294802,,,0,0,0.307702776126762,1,False,False,True,False,False,True,False,False,0.2376237623762376,0.21518987341772153,1.2446569133181553,3.249911652073329,0.8034371565663904,0.307702776126762,0.7649677639592282,1,0,-0.0,-0.0,-0.19125524874356753,1,1
2026-02-11,J. KARRIKABURU,-0.6261248332195378,-0.9222632421236637,16.0,-0.8131311377497211,-0.0539570125403777,24.0,-0.6299793097294802,,,0,0,1.298674630493762,0,False,False,True,False,False,False,False,False,0.12037037037037036,0.21518987341772153,0.6789010810827301,0.770017988697717,1.4729725865590722,1.298674630493762,-0.0539570125403777,0,1,-0.0,-0.0,-0.8131311377497211,1,0
2026-02-11,R. GARCÍA,1.168806758521169,0.8749772651052501,50.0,0.5688152822639532,-0.8558208561962418,24.0,-0.6299793097294802,,,0,0,0.4866628221082698,0,False,True,False,False,False,False,False,False,0.18181818181818182,0.21518987341772153,1.3358123340133192,2.0548053826258026,0.7486066538541059,0.4866628221082698,-0.8558208561962418,0,1,0.0,0.5688152822639532,0.0,3,2
2026-02-11,A. GUEVARA,-0.6309305402924714,-0.10293301088695302,48.0,-0.12215792774288405,0.06546951736581481,24.0,-0.6299793097294802,,,0,0,0.19361580008800502,1,False,True,False,False,False,False,False,False,0.11224489795918367,0.21518987341772153,6.129585294757358,5.16491820767181,0.16314501749155344,0.19361580008800502,0.06546951736581481,1,0,-0.0,-0.12215792774288405,-0.0,0,1
2026-02-11,T. MARQUÉS,-0.6309305402924714,-1.1865633167161511,3.0,-1.365909705755191,-0.15632260960282846,24.0,-0.6299793097294802,,,0,0,2.1649163948196417,0,False,True,False,False,False,False,False,False,0.30337078651685395,0.21518987341772153,0.5317297974189773,0.4619126722262445,1.8806589974628738,2.1649163948196417,-0.15632260960282846,0,1,-0.0,-1.365909705755191,-0.0,0,0
2026-02-11,L. DENDONCKER,-0.6309305402924714,0.21422707862403179,1370.0,0.016036714258483527,,24.0,-0.6299793097294802,,,0,0,-0.02541759932662149,0,False,True,False,False,False,False,False,False,0.09649122807017543,0.21518987341772153,-2.9451346636952684,-39.34042782678497,-0.3395420010366379,-0.02541759932662149,,0,0,0.0,0.016036714258483527,0.0,0,1
2026-02-11,J. MOJICA,0.14062573026702108,0.8485472576460014,408.0,0.29242599826121835,-0.10513981107160308,24.0,-0.6299793097294802,,,0,0,2.079448179631012,0,True,False,False,False,False,False,False,False,0.10833333333333334,0.21518987341772153,0.16572508281041987,0.48089174769493526,6.034039588595892,2.079448179631012,-0.10513981107160308,0,1,0.29242599826121835,0.0,0.0,2,2
2026-02-11,A. PAREDES,-0.1109530350010539,0.5049571606757678,1.0,0.7761072452660043,1.1403082865215475,24.0,-0.6299793097294802,,,0,0,-6.994979815004135,1,True,False,False,False,False,False,False,False,0.14035087719298245,0.21518987341772153,-0.21972718462965196,-0.14296077342024077,-4.551130230923402,-6.994979815004135,1.1403082865215475,1,0,0.7761072452660043,0.0,0.0,2,3
2026-02-11,A. MATTURRO,-0.4833953331534093,-0.5786731451534302,12.0,-0.3985472117456189,-1.094673916008627,24.0,-0.6299793097294802,,,0,0,0.8244763837956216,0,True,False,False,False,True,False,False,False,0.125,0.21518987341772153,0.8353526901234222,1.2128965698510947,1.1971037007787662,0.8244763837956216,-1.094673916008627,0,1,-0.3985472117456189,-0.0,-0.0,2,1
2026-02-11,U. ELGEZABAL,-0.6006545857329897,-0.20865304072394794,12.0,0.1542313562598511,1.020881756615355,24.0,-0.6299793097294802,,,0,0,-0.25677255563477486,1,True,False,False,False,False,False,False,False,0.125,0.21518987341772153,2.878738130952054,-3.8944784369435763,0.34737666715054144,-0.25677255563477486,1.020881756615355,1,0,0.1542313562598511,0.0,0.0,1,2
2026-02-11,D. PAMPÍN,-0.6225205529148377,-0.8694032272051663,12.0,-0.2603525697442513,-0.08807887822786128,24.0,-0.6299793097294802,,,0,0,0.4182239232891505,0,True,False,False,False,False,False,False,False,0.125,0.21518987341772153,0.7160328481283403,2.3910766258346445,1.3965878230399986,0.4182239232891505,-0.08807887822786128,0,1,-0.2603525697442513,-0.0,-0.0,1,1
2026-02-11,J. MONTES,-0.6309305402924714,-1.1601333092569024,9.0,-0.6749364957483537,-0.01983514685289414,24.0,-0.6299793097294802,,,0,0,1.06974939774651,0,True,False,False,False,False,False,False,False,0.17117117117117117,0.21518987341772153,0.5438436075421434,0.9348012428845656,1.8387684125855246,1.06974939774651,-0.01983514685289414,0,1,-0.6749364957483537,-0.0,-0.0,0,0
2026-02-12,J. ÁLVAREZ,3.4300673446445993,1.2185673620754836,2.0,0.7070099242653208,-0.7022724606025658,24.0,-0.9462952368252298,,,0,0,0.18625877849114625,0,False,False,True,False,False,False,False,False,0.2857142857142857,0.21518987341772153,3.1150049911645414,5.368865458316256,0.3210264249192956,0.18625877849114625,-0.7022724606025658,0,1,0.0,0.0,0.7070099242653208,3,3
2026-02-12,V. BIRMANCEVIC,-0.4562430881913344,-1.2129933241753998,9.0,-2.0568829157620283,-0.6681505949150821,24.0,-0.9462952368252298,,,0,0,4.508314706159753,0,False,False,True,False,False,False,False,False,0.17117117117117117,0.21518987341772153,0.3761302352028414,0.22181297073746048,2.6586616087613257,4.508314706159753,-0.6681505949150821,0,1,-0.0,-0.0,-2.0568829157620283,2,0
2026-02-12,H. LÓPEZ,-0.6299693988778847,-1.1865633167161511,20.0,-1.365909705755191,0.03134765167833123,24.0,-0.9462952368252298,,,0,0,2.1682194030497137,1,False,False,True,False,False,False,False,False,0.2376237623762376,0.21518987341772153,0.5309197755591506,0.4612090077642369,1.88352831480069,2.1682194030497137,0.03134765167833123,1,0,-0.0,-0.0,-1.365909705755191,0,0
2026-02-12,P. GARCÍA,-0.6306902549388248,-0.3408030780201916,4.0,-0.3985472117456189,-0.4804803336339225,24.0,-0.9462952368252298,,,0,0,0.6319232627235373,0,False,False,True,False,False,False,False,False,0.19230769230769232,0.21518987341772153,1.850605661217412,1.5824771039133023,0.5403660762434404,0.6319232627235373,-0.4804803336339225,0,1,-0.0,-0.0,-0.3985472117456189,0,1
2026-02-12,Á. BERENGUER,0.9040122988025264,0.9014072725644988,1.0,0.7070099242653208,-2.4595485435079696,24.0,-0.9462952368252298,,,0,0,0.7820791189707496,0,False,True,False,False,False,True,False,False,0.14035087719298245,0.21518987341772153,1.0028888421787157,1.2786397886877299,0.9971172700208286,0.7820791189707496,-2.4595485435079696,0,1,0.0,0.7070099242653208,0.0,3,3
2026-02-12,R. MORO,0.27806895255292263,-1.0279832719606588,50.0,0.3615233192619022,2.6478123125945703,24.0,-0.9462952368252298,De la Guettir FC,-6.788802,4,1,1.3001164489108064,1,False,True,False,False,False,False,False,False,0.18181818181818182,0.21518987341772153,-0.27049975484748867,0.7691569771036033,-3.6968513229239024,1.3001164489108064,2.6757922424583085,1,0,0.0,0.3615233192619022,0.0,2,2
2026-02-12,M. ROMÁN,-0.0677016713446513,0.3992371308387729,5.0,0.7761072452660043,1.6350753389900594,24.0,-0.9462952368252298,Dani,-2.9212,3,1,-11.463804270344518,1,False,True,False,False,False,False,False,False,0.16049382716049382,0.21518987341772153,-0.169577167397349,-0.08723225369348724,-5.897092641907969,-11.463804270344518,1.6350753389900594,1,0,0.0,0.7761072452660043,0.0,2,3
2026-02-12,M. CASADÓ,-0.3743057825978162,0.10850704878703685,3.0,0.08513403525916731,0.5943584355218103,24.0,-0.9462952368252298,Dani,-1.3417,0,1,-0.22744575868976352,1,False,True,False,False,False,False,False,False,0.30337078651685395,0.21518987341772153,-3.449566984034953,-4.396612762987152,-0.28988956014389405,-0.22744575868976352,0.5943584355218103,1,0,0.0,0.08513403525916731,0.0,2,2
2026-02-12,B. SANTAMARIA,-0.6268456892804779,-0.12936301834620176,19.0,-0.4676445327463027,-0.3781147365714717,24.0,-0.9462952368252298,Dani,-0.19309,0,1,0.746029344658064,0,False,True,False,False,False,False,False,False,0.22413793103448276,0.21518987341772153,4.845670292518924,1.3404348513048776,0.20637172262668568,0.746029344658064,-0.3781147365714717,0,1,-0.0,-0.4676445327463027,-0.0,1,1
2026-02-12,Ó. MINGUEZA,1.9132107841185864,1.0335573098607425,5.0,0.9143018872673718,-0.8216989905087583,24.0,-0.9462952368252298,,,0,0,0.4778884882776265,0,True,False,False,False,False,False,False,False,0.16049382716049382,0.21518987341772153,1.8510912890597966,2.092534991152337,0.5402210661883942,0.4778884882776265,-0.8216989905087583,0,1,0.9143018872673718,0.0,0.0,3,3
2026-02-13,J. LUIS MORALES,-0.6205982700856641,-0.12936301834620176,12.0,-0.3985472117456189,0.7820286968029699,24.0,-1.1044532003731045,,,0,0,0.6421994278038082,1,False,False,True,False,False,False,False,False,0.125,0.21518987341772153,4.797376216137909,1.55715510973612,0.2084492223569484,0.6421994278038082,0.7820286968029699,1,0,-0.0,-0.0,-0.3985472117456189,1,1
2026-02-13,M. SANNADI,-0.6302096842315315,-0.8429732197459175,1.0,-0.8131311377497211,0.15077418158452377,24.0,-1.1044532003731045,,,0,0,1.2902569547121412,1,False,False,True,True,False,False,False,False,0.14035087719298245,0.21518987341772153,0.7476043331789565,0.7750416015517408,1.3376096534972832,1.2902569547121412,0.15077418158452377,1,0,-0.0,-0.0,-0.8131311377497211,0,0
2026-02-13,F. LÓPEZ,0.5741005082456335,-1.0279832719606588,5.0,0.3615233192619022,1.327978547802707,24.0,-1.1044532003731045,Dani,-5.50589,0,1,0.6297202046492826,1,False,True,False,False,False,False,False,False,0.16049382716049382,0.21518987341772153,-0.5584731603889026,1.5879996936796192,-1.790594968304505,0.6297202046492826,1.327978547802707,1,0,0.0,0.3615233192619022,0.0,3,2
2026-02-13,F. LÓPEZ,0.5741005082456335,-1.0279832719606588,5.0,0.3615233192619022,1.2938566821152238,24.0,-1.1044532003731045,Dani,-5.50589,0,1,0.6297202046492826,1,False,True,False,False,False,False,False,False,0.16049382716049382,0.21518987341772153,-0.5584731603889026,1.5879996936796192,-1.790594968304505,0.6297202046492826,1.2938566821152238,1,0,0.0,0.3615233192619022,0.0,3,2
2026-02-13,D. CEBALLOS,-0.4507165250574607,-0.15579302580545049,15.0,0.08513403525916731,-0.5657849978526314,24.0,-1.1044532003731045,,,0,0,-0.18888640511842533,0,False,True,False,False,False,False,False,False,0.17857142857142858,0.21518987341772153,2.893065435969779,-5.294136822583011,0.34565710995996596,-0.18888640511842533,-0.5657849978526314,0,1,0.0,0.08513403525916731,0.0,2,2
2026-02-13,A. GUEVARA,-0.6309305402924714,-0.10293301088695302,48.0,-0.12215792774288405,-0.36105380372772994,24.0,-1.1044532003731045,,,0,0,0.19361580008800502,0,False,True,False,False,False,False,False,False,0.11224489795918367,0.21518987341772153,6.129585294757358,5.16491820767181,0.16314501749155344,0.19361580008800502,-0.36105380372772994,0,1,-0.0,-0.12215792774288405,-0.0,0,1
2026-02-13,E. CÖMERT,-0.48916218164092967,-0.5522431376941814,19.0,0.8452045662666884,0.9355770923966461,24.0,-1.1044532003731045,Libre,-0.75351,0,1,-1.7278651658976354,1,True,False,False,False,False,False,False,False,0.22413793103448276,0.21518987341772153,0.8857748227677188,-0.5787493612963073,1.1289594481754222,-1.7278651658976354,0.9355770923966461,1,0,0.8452045662666884,0.0,0.0,2,3
2026-02-13,Y. ÁLVAREZ,-0.6249234064513044,-1.2129933241753998,1.0,-2.0568829157620283,-0.07101794538411951,24.0,-1.1044532003731045,,,0,0,3.2914212941127854,0,True,False,False,False,False,False,True,False,0.14035087719298245,0.21518987341772153,0.5151915589211428,0.3038207500695461,1.9410302969668276,3.2914212941127854,-0.07101794538411951,0,1,-2.0568829157620283,-0.0,-0.0,1,0
2026-02-13,I. BEKHOUCHA,-0.6273262599877713,-1.00155326450141,9.0,-0.6749364957483537,0.3555053757094252,24.0,-1.1044532003731045,,,0,0,1.0758956139619031,1,True,False,False,False,False,False,False,False,0.17117117117117117,0.21518987341772153,0.6263539929192462,0.9294610580411179,1.5965454101448646,1.0758956139619031,0.3555053757094252,1,0,-0.6749364957483537,-0.0,-0.0,1,0
2026-02-13,T. STEGEN,-0.32937242146588686,-1.00155326450141,222.0,0.7070099242653208,-0.9581864532586926,24.0,-1.1044532003731045,,,0,0,-2.146543015537692,0,False,False,False,True,False,False,False,False,0.10227272727272728,0.21518987341772153,0.32886194074939673,-0.465866099322509,3.0408019616393505,-2.146543015537692,-0.9581864532586926,0,1,0.0,0.0,0.0,2,3
2026-02-13,D. CÁRDENAS,-0.6227608382684843,-1.2129933241753998,14.0,-2.0568829157620283,0.03134765167833123,24.0,-1.1044532003731045,,,0,0,3.30285093765996,1,False,False,False,False,False,False,False,False,0.15384615384615385,0.21518987341772153,0.5134087214375748,0.30276936828323736,1.9477706326535047,3.30285093765996,0.03134765167833123,1,0,-0.0,-0.0,-0.0,1,0
2026-02-14,A. SANTOS,3.4089871105691754,1.1921373546162348,4.0,1.4670804552728416,-0.5487240650088896,25.0,0.635284398653518,,,0,0,0.43035657728588944,0,False,False,True,False,False,True,False,False,0.19230769230769232,0.15384615384615385,2.859556608818759,2.323652240519383,0.34970416908177243,0.43035657728588944,-0.5487240650088896,0,1,0.0,0.0,1.4670804552728416,3,3
2026-02-14,R. BARDGHJI,-0.5184769947858248,-0.10293301088695302,3.0,0.3615233192619022,-0.08807887822786128,25.0,0.635284398653518,,,0,0,-0.6972807283223257,0,False,False,True,False,False,False,False,False,0.30337078651685395,0.15384615384615385,5.037082150811682,-1.4341414039430638,0.19852994530532359,-0.6972807283223257,-0.08807887822786128,0,1,0.0,0.0,0.3615233192619022,2,2
2026-02-14,F. DE JONG,3.207627984213257,1.08641732477924,3.0,1.4670804552728416,0.06546951736581481,25.0,0.635284398653518,Maldinillo 💥,-18.59253,1,1,0.45737224052197417,1,False,True,False,False,False,False,False,False,0.30337078651685395,0.15384615384615385,2.952479639797172,2.186400743247563,0.33869793861016256,0.45737224052197417,0.06546951736581481,1,0,0.0,1.4670804552728416,0.0,3,3
2026-02-14,R. GARCÍA,1.1164245514261926,0.9278372800237475,50.0,0.4997179612632697,-1.7771112297582985,25.0,0.635284398653518,,,0,0,0.4476052707902452,0,False,True,False,False,False,False,False,False,0.18181818181818182,0.15384615384615385,1.203253385274876,2.2341048428579047,0.8310785066128857,0.4476052707902452,-1.7771112297582985,0,1,0.0,0.4997179612632697,0.0,3,2
2026-02-14,G. RODRÍGUEZ,-0.03838685819975624,-1.1865633167161511,19.0,-1.365909705755191,0.9185161595529042,25.0,0.635284398653518,,,0,0,35.58366986735403,1,False,True,False,False,False,False,False,False,0.22413793103448276,0.15384615384615385,0.032351320835801604,0.028103531398559103,30.911470326946763,35.58366986735403,0.9185161595529042,1,0,-0.0,-1.365909705755191,-0.0,2,0
2026-02-14,W. SWEDBERG,-0.12969529258549498,0.26708709354252924,5.0,0.3615233192619022,-1.1117348488523686,25.0,0.635284398653518,,,0,0,-2.78750369083192,0,False,True,False,False,False,False,False,False,0.16049382716049382,0.15384615384615385,-0.48558994474548983,-0.35874569337488665,-2.0593588832481924,-2.78750369083192,-1.1117348488523686,0,1,0.0,0.3615233192619022,0.0,2,2
2026-02-14,A. REINA,-0.5143921437738311,0.6106771905127628,1370.0,0.22332867726053457,-0.2586882066652792,25.0,0.635284398653518,,,0,0,-0.4341612019640998,0,False,True,False,False,False,False,False,False,0.09649122807017543,0.15384615384615385,-0.8423293180683528,-2.3032861108456513,-1.1871844955038087,-0.4341612019640998,-0.2586882066652792,0,1,0.0,0.22332867726053457,0.0,2,2
2026-02-14,P. CORTÉS,-0.6309305402924714,-1.0544132794199075,12.0,-1.0204231007517723,,25.0,0.635284398653518,,,0,0,1.6173328962830757,0,False,True,False,False,False,False,False,False,0.125,0.15384615384615385,0.5983717684315877,0.6183034842421071,1.6712060730761276,1.6173328962830757,,0,0,-0.0,-1.0204231007517723,-0.0,0,0
2026-02-14,J. RUEDA,0.43401414706961844,0.7163972203497577,5.0,1.121593850269423,-1.2652832444460447,25.0,0.635284398653518,,,0,0,2.5842274350151038,0,True,False,False,False,False,False,False,False,0.16049382716049382,0.15384615384615385,0.6058280642541594,0.38696160825396275,1.65062723083912,2.5842274350151038,-1.2652832444460447,0,1,1.121593850269423,0.0,0.0,3,3
2026-02-14,Y. BERCHICHE,0.08127524791629093,0.4520971457572704,1.0,0.1542313562598511,-2.0330252224144254,25.0,0.635284398653518,,,0,0,1.8976190487865412,0,True,False,False,False,False,True,False,False,0.14035087719298245,0.15384615384615385,0.17977345998655628,0.5269662597863587,5.562475598318713,1.8976190487865412,-2.0330252224144254,0,1,0.1542313562598511,0.0,0.0,2,2
2026-02-14,Í. LEKUE,-0.623001123622131,-1.0544132794199075,1.0,-1.4350070267558748,0.4749319056156177,25.0,0.635284398653518,,,0,0,2.303381608357836,1,True,False,False,False,False,False,False,False,0.14035087719298245,0.15384615384615385,0.5908515442980989,0.4341453011389455,1.6924768381899102,2.303381608357836,0.4749319056156177,1,0,-1.4350070267558748,-0.0,-0.0,1,0
2026-02-14,Y. LAGO,-0.6242025503903643,-0.9486932495829125,5.0,-0.3294498907449351,0.5772975026780686,25.0,0.635284398653518,,,0,0,0.527794092371131,1,True,False,False,False,False,False,True,False,0.16049382716049382,0.15384615384615385,0.6579610518213801,1.8946870604995676,1.519850838226238,0.527794092371131,0.5772975026780686,1,0,-0.3294498907449351,-0.0,-0.0,1,1
2026-02-14,Á. FORTUÑO,-0.623001123622131,-1.2129933241753998,8.0,-2.0568829157620283,0.13371324874078197,25.0,0.635284398653518,,,0,0,3.3015770587705244,1,False,False,False,False,False,False,False,False,0.0641025641025641,0.15384615384615385,0.5136068144913045,0.3028861884817161,1.9470193956351736,3.3015770587705244,0.13371324874078197,1,0,-0.0,-0.0,-0.0,1,0
2026-02-14,J. MUSSO,-0.6258845478658911,-1.107273294338405,2.0,0.7070099242653208,-0.39517566941521354,25.0,0.635284398653518,,,0,0,-1.1296189629461435,0,False,False,False,False,False,False,False,False,0.2857142857142857,0.15384615384615385,0.5652489916582416,-0.8852544230717072,1.769136284399765,-1.1296189629461435,-0.39517566941521354,0,1,0.0,0.0,0.0,1,3
2026-02-15,P. MILLA,1.519623374845323,1.377147406830976,8.0,1.0524965292687394,-2.6874826063003603,25.0,0.3189684715577685,,,0,0,0.692603084479919,0,False,False,True,False,False,False,False,False,0.0641025641025641,0.15384615384615385,1.103456510066481,1.4438260733031234,0.9062419829710555,0.692603084479919,-2.886071864601514,0,1,0.0,0.0,1.0524965292687394,3,3
2026-02-15,M. JOSEPH,-0.5833540402704286,0.4785271532165191,408.0,-0.05306060674220026,-0.9070036547274671,25.0,0.3189684715577685,,,0,0,0.0909579672673046,0,False,False,True,False,False,False,False,False,0.10833333333333334,0.15384615384615385,-1.2190589756303827,10.994315187912346,-0.8203045500451757,0.0909579672673046,-0.9070036547274671,0,1,-0.0,-0.0,-0.05306060674220026,2,1
2026-02-15,H. LÓPEZ,-0.6309305402924714,-1.1601333092569024,20.0,-1.365909705755191,-0.5657849978526314,25.0,0.3189684715577685,,,0,0,2.1649163948196417,0,False,False,True,False,False,False,False,False,0.2376237623762376,0.15384615384615385,0.5438436075421434,0.4619126722262445,1.8387684125855246,2.1649163948196417,-0.5657849978526314,0,1,-0.0,-0.0,-1.365909705755191,0,0
2026-02-15,KOKE,2.2085214837503577,1.8000275261789558,2.0,1.5361777762735256,0.6455412340530357,25.0,0.3189684715577685,Dani,-12.07495,0,1,0.6955680947675462,1,False,True,False,False,False,False,False,False,0.2857142857142857,0.15384615384615385,1.2269369355154265,1.4376721758308668,0.8150369939283006,0.6955680947675462,0.6455412340530357,1,0,0.0,1.5361777762735256,0.0,3,3
2026-02-15,F. MASTANTUONO,0.4260847303992781,0.029217026409290647,15.0,0.08513403525916731,-1.6065019013208806,25.0,0.3189684715577685,,,0,0,0.19980494343096067,0,False,True,False,False,False,False,False,False,0.17857142857142858,0.15384615384615385,14.582940149023656,5.004810641144328,0.06857076950667144,0.19980494343096067,-1.6065019013208806,0,1,0.0,0.08513403525916731,0.0,3,2
2026-02-15,K. BARJA,-0.6242025503903643,-0.5522431376941814,50.0,-0.8822284587504049,0.5772975026780686,25.0,0.3189684715577685,,,0,0,1.413371143020512,1,False,True,False,False,False,False,False,False,0.18181818181818182,0.15384615384615385,1.1303059071092343,0.7075301773926767,0.8847192663152128,1.413371143020512,0.5772975026780686,1,0,-0.0,-0.8822284587504049,-0.0,1,0
2026-02-15,C. BENAVÍDEZ,-0.6309305402924714,-0.9486932495829125,48.0,-1.0895204217524561,-0.41223660225895525,25.0,0.3189684715577685,,,0,0,1.7268495959903891,0,False,True,False,True,False,False,False,False,0.11224489795918367,0.15384615384615385,0.6650529089595247,0.5790906776839649,1.5036437335667303,1.7268495959903891,-0.41223660225895525,0,1,-0.0,-1.0895204217524561,-0.0,0,0
2026-02-15,L. ILIC,-0.6309305402924714,-0.5522431376941814,1370.0,-0.8131311377497211,-0.2075054081340538,25.0,0.3189684715577685,,,0,0,1.2887827971611363,0,False,True,False,False,False,False,False,False,0.09649122807017543,0.15384615384615385,1.1424889504572102,0.7759281214671566,0.8752849604064911,1.2887827971611363,-0.2075054081340538,0,1,-0.0,-0.8131311377497211,-0.0,0,0
2026-02-15,P. GAZZANIGA,0.4316112935331517,0.7163972203497577,222.0,0.4997179612632697,0.8161505624904536,25.0,0.3189684715577685,,,0,0,1.1577936234684356,1,False,False,False,False,False,False,False,False,0.10227272727272728,0.15384615384615385,0.6024739890091181,0.8637080579093006,1.6598165322988698,1.1577936234684356,0.8161505624904536,1,0,0.0,0.0,0.0,3,2
2026-02-15,A. LUNIN,-0.6309305402924714,-1.2129933241753998,15.0,-2.0568829157620283,-0.2928100723527628,25.0,0.3189684715577685,,,0,0,3.260083391892773,0,False,False,False,False,False,False,False,False,0.17857142857142858,0.15384615384615385,0.520143885264387,0.306741255031515,1.9225495823402232,3.260083391892773,-0.2928100723527628,0,1,-0.0,-0.0,-0.0,0,0
2026-02-16,M. SANNADI,-0.6205982700856641,-0.8429732197459175,1.0,-0.8131311377497211,0.7649677639592282,25.0,0.0026525444620189103,,,0,0,1.3102396303442982,1,False,False,True,True,False,False,False,False,0.14035087719298245,0.15384615384615385,0.7362025171751453,0.7632213360128614,1.358325697484228,1.3102396303442982,0.7649677639592282,1,0,-0.0,-0.0,-0.8131311377497211,1,0
2026-02-16,R. GARCÍA,1.0549115008926422,0.9278372800237475,50.0,0.4997179612632697,-2.2718782822268104,25.0,0.0026525444620189103,,,0,0,0.4737056019721258,0,False,True,False,False,False,False,False,False,0.18181818181818182,0.15384615384615385,1.1369562170528706,2.111009552701118,0.8795395629861562,0.4737056019721258,-2.2718782822268104,0,1,0.0,0.4997179612632697,0.0,3,2
2026-02-16,H. ÁLVAREZ,-0.39617174977966413,0.26708709354252924,5.0,0.4997179612632697,-0.3439928708839881,25.0,0.0026525444620189103,,,0,0,-1.261370158047243,0,False,True,False,False,False,False,False,False,0.16049382716049382,0.15384615384615385,-1.4832999274697378,-0.7927891084583977,-0.6741716638370536,-1.261370158047243,-0.3439928708839881,0,1,0.0,0.4997179612632697,0.0,2,2
2026-02-16,A. MESTANZA,-0.6309305402924714,-1.0808432868791562,9.0,-0.8822284587504049,-0.4463584679464389,25.0,0.0026525444620189103,,,0,0,1.3982994968684495,0,False,True,False,False,False,False,True,False,0.17117117117117117,0.15384615384615385,0.583739688899693,0.7151563171544527,1.7130966579534768,1.3982994968684495,-0.4463584679464389,0,1,-0.0,-0.8822284587504049,-0.0,0,0
2026-02-16,T. ABED,-0.6309305402924714,-1.1865633167161511,12.0,-1.365909705755191,,25.0,0.0026525444620189103,,,0,0,2.1649163948196417,0,False,True,False,False,False,False,False,False,0.125,0.15384615384615385,0.5317297974189773,0.4619126722262445,1.8806589974628738,2.1649163948196417,,0,0,-0.0,-1.365909705755191,-0.0,0,0
2026-02-16,S. BECERRA,-0.6309305402924714,-1.1865633167161511,14.0,-1.8495909527599772,-0.03689607969663593,25.0,0.0026525444620189103,,,0,0,2.9315332927708337,0,False,True,False,False,False,False,True,False,0.15384615384615385,0.15384615384615385,0.5317297974189773,0.3411191433814778,1.8806589974628738,2.9315332927708337,-0.03689607969663593,0,1,-0.0,-1.8495909527599772,-0.0,0,0
2026-02-16,D. HANCKO,1.947571589690062,1.3242873919124785,2.0,0.8452045662666884,0.2190179129594909,25.0,0.0026525444620189103,Maldinillo 💥,-11.40691,1,1,0.4339784667031049,1,True,False,False,False,False,False,False,False,0.2857142857142857,0.15384615384615385,1.470655184764903,2.3042578840229067,0.679968181377633,0.4339784667031049,0.2190179129594909,1,0,0.8452045662666884,0.0,0.0,3,3
2026-02-16,F. LEJEUNE,1.7452513219195565,1.3242873919124785,14.0,0.8452045662666884,0.28726164433445806,25.0,0.0026525444620189103,Maldinillo 💥,-10.2155,1,1,0.4842878910122695,1,True,False,False,False,False,False,False,False,0.15384615384615385,0.15384615384615385,1.317878592440988,2.06488384787669,0.7587942300835504,0.4842878910122695,0.28726164433445806,1,0,0.8452045662666884,0.0,0.0,3,3
2026-02-16,J. MOJICA,0.08079467720899751,0.9014072725644988,408.0,0.22332867726053457,-1.1117348488523686,25.0,0.0026525444620189103,,,0,0,2.764116657910312,0,True,False,False,False,False,False,False,False,0.10833333333333334,0.15384615384615385,0.08963161274206785,0.3617731337816922,11.156627479373574,2.764116657910312,-1.1117348488523686,0,1,0.22332867726053457,0.0,0.0,2,2
2026-02-16,Y. BERCHICHE,0.05075900800316239,0.5578171755942654,1.0,0.1542313562598511,-0.2245663409777956,25.0,0.0026525444620189103,,,0,0,3.038442315656104,0,True,False,False,False,False,False,False,False,0.14035087719298245,0.15384615384615385,0.090995615101797,0.3291073885796277,10.989304327129203,3.038442315656104,-0.2245663409777956,0,1,0.1542313562598511,0.0,0.0,2,2
2026-02-16,M. RUGGERI,-0.4257268482782059,0.0027870189500419124,2.0,-0.19125524874356753,0.2702007114907163,25.0,0.0026525444620189103,,,0,0,0.449245094036632,1,True,False,False,False,False,False,False,False,0.2857142857142857,0.15384615384615385,-152.69869247904714,2.225973284645915,-0.006546511003063723,0.449245094036632,0.2702007114907163,1,0,-0.19125524874356753,-0.0,-0.0,2,1
2026-02-16,S. DIMITRIEVSKI,-0.2678593709323365,-0.6315331600719277,19.0,0.4997179612632697,0.7649677639592282,25.0,0.0026525444620189103,Libre,-1.67102,0,1,-1.8656051685967394,1,False,False,False,False,False,False,False,False,0.22413793103448276,0.15384615384615385,0.4241420910406668,-0.5360200266469751,2.3577129879262153,-1.8656051685967394,0.7649677639592282,1,0,0.0,0.0,0.0,2,2
2026-02-16,A. LUNIN,-0.6309305402924714,-1.2129933241753998,15.0,-2.0568829157620283,,25.0,0.0026525444620189103,,,0,0,3.260083391892773,0,False,False,False,False,False,False,False,False,0.17857142857142858,0.15384615384615385,0.520143885264387,0.306741255031515,1.9225495823402232,3.260083391892773,,0,0,-0.0,-0.0,-0.0,0,0
2026-02-17,J. ÁLVAREZ,3.4300673446445993,1.2185673620754836,2.0,0.5688152822639532,-0.9581864532586926,25.0,-0.3136633826337306,,,0,0,0.15175404279032434,0,False,False,True,False,False,False,False,False,0.2857142857142857,0.15384615384615385,3.075962044127078,6.589596934531745,0.32510118728048537,0.15175404279032434,-0.9581864532586926,0,1,0.0,0.0,0.5688152822639532,3,2
2026-02-17,I. ROMERO,0.7672899325775651,1.1128473322384886,12.0,0.9833992082680559,-1.4529535057272045,25.0,-0.3136633826337306,,,0,0,1.2816510224674713,0,False,False,True,False,False,False,False,False,0.125,0.15384615384615385,0.6894829334327756,0.7802417836873353,1.4503590293972246,1.2816510224674713,-1.4529535057272045,0,1,0.0,0.0,0.9833992082680559,3,3
2026-02-17,I. ROMERO,0.7672899325775651,1.1128473322384886,12.0,0.9833992082680559,-1.1970395130710776,25.0,-0.3136633826337306,,,0,0,1.2816510224674713,0,False,False,True,False,False,False,False,False,0.125,0.15384615384615385,0.6894829334327756,0.7802417836873353,1.4503590293972246,1.2816510224674713,-1.1970395130710776,0,1,0.0,0.0,0.9833992082680559,3,3
2026-02-17,H. HASSAN,0.5166723087240768,0.980697294942245,1370.0,0.5688152822639532,-1.5211972371021716,25.0,-0.3136633826337306,,,0,0,1.1009186514175482,0,False,False,True,False,False,False,False,False,0.09649122807017543,0.15384615384615385,0.5268412430088955,0.9083289716455768,1.8980993954653358,1.1009186514175482,-1.5211972371021716,0,1,0.0,0.0,0.5688152822639532,3,2
2026-02-17,H. LÓPEZ,-0.6210788407929575,-1.1601333092569024,20.0,-1.365909705755191,0.7990896296467117,25.0,-0.3136633826337306,,,0,0,2.199256866114035,1,False,False,True,False,False,False,False,False,0.2376237623762376,0.15384615384615385,0.5353517317268546,0.4547001114906666,1.8679354391000476,2.199256866114035,0.7990896296467117,1,0,-0.0,-0.0,-1.365909705755191,1,0
2026-02-17,A. BARRENETXEA,1.0950391549516378,1.377147406830976,16.0,1.5361777762735256,-2.3060001479142933,25.0,-0.3136633826337306,,,0,0,1.4028506345882545,0,False,True,False,True,False,False,False,False,0.12037037037037036,0.15384615384615385,0.7951497090073876,0.712833149282268,1.2576227461647718,1.4028506345882545,-2.3060001479142933,0,1,0.0,1.5361777762735256,0.0,3,3
2026-02-17,U. GÓMEZ,-0.6193968433174307,-0.1822230332646992,1.0,-0.3985472117456189,0.7649677639592282,25.0,-0.3136633826337306,,,0,0,0.6434450861197816,1,False,True,False,False,False,False,False,False,0.14035087719298245,0.15384615384615385,3.3991325429767487,1.5541405866197886,0.29419479518740127,0.6434450861197816,0.7649677639592282,1,0,-0.0,-0.3985472117456189,-0.0,1,1
2026-02-17,C. PORTU,-0.6309305402924714,-0.5258131302349327,222.0,-0.2603525697442513,,25.0,-0.3136633826337306,,,0,0,0.412649199502631,0,False,True,False,True,False,False,False,False,0.10227272727272728,0.15384615384615385,1.199916289513085,2.4233790520727316,0.8333943755291418,0.412649199502631,,0,0,-0.0,-0.2603525697442513,-0.0,0,1
2026-02-17,A. PEDRAZA,0.28527751316232297,0.5313871681350165,20.0,0.637912603264637,1.430344144865158,25.0,-0.3136633826337306,Dani,-4.0834,0,1,2.236104626995395,1,True,False,False,False,False,False,False,False,0.2376237623762376,0.15384615384615385,0.5368533404940978,0.4472039970653773,1.8626960798574346,2.236104626995395,1.430344144865158,1,0,0.637912603264637,0.0,0.0,2,2
2026-02-17,O. EL HILALI,0.21102933888549866,0.9278372800237475,8.0,0.4997179612632697,-1.2652832444460447,25.0,-0.3136633826337306,,,0,0,2.367991085558593,0,True,False,False,False,False,False,False,False,0.0641025641025641,0.15384615384615385,0.22744194050723737,0.42229604086269784,4.39670089582321,2.367991085558593,-1.2652832444460447,0,1,0.4997179612632697,0.0,0.0,2,2
2026-02-17,J. DONALD,-0.6191565579637841,-0.3408030780201916,23.0,-0.3985472117456189,0.9355770923966461,25.0,-0.3136633826337306,,,0,0,0.643694797889436,1,True,False,False,False,False,False,False,False,0.1746031746031746,0.15384615384615385,1.8167628600172465,1.5535376819965225,0.5504320741963299,0.643694797889436,0.9355770923966461,1,0,-0.3985472117456189,-0.0,-0.0,1,1
2026-02-18,A. SØRLOTH,1.7255479229205288,0.8749772651052501,2.0,0.29242599826121835,-0.12220074391534486,25.0,-0.6299793097294802,,,0,0,0.16946839024782967,0,False,False,True,False,False,False,False,False,0.2857142857142857,0.15384615384615385,1.9721037558721126,5.9007818470274636,0.5070718386960203,0.16946839024782967,-0.12220074391534486,0,1,0.0,0.0,0.29242599826121835,3,2
2026-02-18,G. GARCÍA,-0.11671988348857425,0.26708709354252924,15.0,-0.05306060674220026,1.3621004134901906,25.0,-0.6299793097294802,,,0,0,0.45460173329531917,1,False,False,True,False,False,False,False,False,0.17857142857142858,0.15384615384615385,-0.437008935667844,2.199787948969901,-2.288293766695213,0.45460173329531917,1.3621004134901906,1,0,-0.0,-0.0,-0.05306060674220026,2,1
2026-02-18,A. BARRENETXEA,1.062600632209336,1.377147406830976,16.0,1.5361777762735256,-2.203634550851843,25.0,-0.6299793097294802,,,0,0,1.4456760931935908,0,False,True,False,False,False,True,False,False,0.12037037037037036,0.15384615384615385,0.7715948600300375,0.6917167771234289,1.296014767046465,1.4456760931935908,-2.203634550851843,0,1,0.0,1.5361777762735256,0.0,3,3
2026-02-18,F. BELTRÁN,-0.2854002017485442,0.10850704878703685,222.0,0.43062064026258595,1.2597348164277402,25.0,-0.6299793097294802,De la Guettir FC,-3.3161,2,1,-1.508836176220253,1,False,True,False,False,False,False,False,False,0.10227272727272728,0.15384615384615385,-2.6302214899162406,-0.6627632591211902,-0.380193946311871,-1.508836176220253,1.2597348164277402,1,0,0.0,0.43062064026258595,0.0,2,2
2026-02-18,U. LÓPEZ,-0.6287679721096513,0.13493705624628557,14.0,0.016036714258483527,-0.17338354244657025,25.0,-0.6299793097294802,,,0,0,-0.02550502009460966,0,False,True,False,False,False,False,False,False,0.15384615384615385,0.15384615384615385,-4.659678593280161,-39.20558515856146,-0.21460582732827413,-0.02550502009460966,-0.17338354244657025,0,1,0.0,0.016036714258483527,0.0,0,1
2026-02-18,L. ASTIAZARAN,-0.6309305402924714,-1.2129933241753998,16.0,-2.0568829157620283,-0.10513981107160308,25.0,-0.6299793097294802,,,0,0,3.260083391892773,0,False,True,False,False,False,False,False,False,0.12037037037037036,0.15384615384615385,0.520143885264387,0.306741255031515,1.9225495823402232,3.260083391892773,-0.10513981107160308,0,1,-0.0,-2.0568829157620283,-0.0,0,0
2026-02-18,A. RÜDIGER,0.6043764628051154,-0.4729531153164353,15.0,0.3615233192619022,1.3791613463339325,25.0,-0.6299793097294802,Jotabetrbb,-6.301,0,1,0.5981747194608367,1,True,False,False,False,False,False,False,False,0.17857142857142858,0.15384615384615385,-1.277880874685905,1.6717449715112576,-0.7825459161255016,0.5981747194608367,1.3791613463339325,1,0,0.3615233192619022,0.0,0.0,3,2
2026-02-18,R. VEIGA,0.4897603491156485,0.21422707862403179,20.0,-0.19125524874356753,-1.6065019013208806,25.0,-0.6299793097294802,,,0,0,-0.39050702773690293,0,True,False,False,False,False,False,False,False,0.2376237623762376,0.15384615384615385,2.28616319700637,-2.5607815373153673,0.4374111575175481,-0.39050702773690293,-1.6065019013208806,0,1,-0.19125524874356753,-0.0,-0.0,3,1
2026-02-18,D. JIMÉNEZ,-0.6302096842315315,-1.1337033017976537,15.0,-1.0204231007517723,0.15077418158452377,25.0,-0.6299793097294802,,,0,0,1.6191828616199784,1,True,False,False,False,False,False,False,False,0.17857142857142858,0.15384615384615385,0.5558863938374653,0.6175970549513177,1.7989331631951047,1.6191828616199784,0.15077418158452377,1,0,-1.0204231007517723,-0.0,-0.0,0,0
2026-02-18,Á. FORTUÑO,-0.6309305402924714,-1.2129933241753998,8.0,-2.0568829157620283,-0.3439928708839881,25.0,-0.6299793097294802,,,0,0,3.260083391892773,0,False,False,False,False,False,False,False,False,0.0641025641025641,0.15384615384615385,0.520143885264387,0.306741255031515,1.9225495823402232,3.260083391892773,-0.3439928708839881,0,1,-0.0,-0.0,-0.0,0,0
2026-02-19,F. VIÑAS,-0.37094178764676267,0.37280712337952415,1370.0,0.1542313562598511,0.0825304502095566,25.0,-0.9462952368252298,,,0,0,-0.4157843014198849,1,False,False,True,False,False,False,False,False,0.09649122807017543,0.15384615384615385,-0.9949938437074733,-2.4050840993559026,-1.0050313575506253,-0.4157843014198849,0.0825304502095566,1,0,0.0,0.0,0.1542313562598511,2,2
2026-02-19,G. RODRÍGUEZ,0.013274492834280232,-1.0808432868791562,19.0,-0.3294498907449351,1.106186420834064,25.0,-0.9462952368252298,Maldinillo 💥,-2.84116,0,1,-24.816396261705876,1,False,True,False,False,False,False,False,False,0.22413793103448276,0.15384615384615385,-0.012281618692593204,-0.04029302634549639,-81.41643405419812,-24.816396261705876,1.106186420834064,1,0,-0.0,-0.3294498907449351,-0.0,2,1
2026-02-19,C. BENAVÍDEZ,-0.6309305402924714,-0.9486932495829125,48.0,-1.0895204217524561,,25.0,-0.9462952368252298,,,0,0,1.7268495959903891,0,False,True,False,False,False,True,False,False,0.11224489795918367,0.15384615384615385,0.6650529089595247,0.5790906776839649,1.5036437335667303,1.7268495959903891,,0,0,-0.0,-1.0895204217524561,-0.0,0,0
2026-02-19,R. MARÍN,0.7305262734696227,0.7163972203497577,20.0,1.121593850269423,-1.5041363042584297,25.0,-0.9462952368252298,,,0,0,1.5353209811626036,0,True,False,False,False,False,False,False,False,0.2376237623762376,0.15384615384615385,1.0197209494922634,0.6513281273484272,0.9806577336219705,1.5353209811626036,-1.5041363042584297,0,1,1.121593850269423,0.0,0.0,3,3
2026-02-19,O. EL HILALI,0.18964394241094404,0.9278372800237475,8.0,0.4997179612632697,-0.6169677963838568,25.0,-0.9462952368252298,,,0,0,2.6350186559704003,0,True,False,False,False,False,False,False,False,0.0641025641025641,0.15384615384615385,0.2043933156175559,0.37950119389412734,4.892496832386941,2.6350186559704003,-0.6169677963838568,0,1,0.4997179612632697,0.0,0.0,2,2
2026-02-19,D. CARVAJAL,0.09713408125697183,-0.49938312277568403,15.0,0.29242599826121835,0.9014552267091624,25.0,-0.9462952368252298,Maldinillo 💥,-3.33181,0,1,3.010508607982758,1,True,False,False,False,False,False,False,False,0.17857142857142858,0.15384615384615385,-0.1945085272918414,0.33216523041488866,-5.141120142315637,3.010508607982758,0.9014552267091624,1,0,0.29242599826121835,0.0,0.0,2,2
2026-02-19,F. GATTONI,-0.6198774140247241,-1.1601333092569024,17.0,-0.6749364957483537,0.3043225771781998,25.0,-0.9462952368252298,,,0,0,1.088824288967758,1,True,False,False,False,False,False,False,False,0.17708333333333334,0.15384615384615385,0.534316137115234,0.9184246760313259,1.871555818238682,1.088824288967758,0.3043225771781998,1,0,-0.6749364957483537,-0.0,-0.0,1,0
2026-02-19,J. TORRENTS,-0.6220399822075442,-1.0279832719606588,3.0,-0.4676445327463027,0.7308458982717445,25.0,-0.9462952368252298,,,0,0,0.7517929681620379,1,True,False,False,False,False,False,False,False,0.30337078651685395,0.15384615384615385,0.6051076941445055,1.3301584190730202,1.6526026525097597,0.7517929681620379,0.7308458982717445,1,0,-0.4676445327463027,-0.0,-0.0,1,1
2026-02-19,R. IRANZO,-0.6304499695851781,-1.1865633167161511,19.0,-1.365909705755191,0.13371324874078197,25.0,-0.9462952368252298,,,0,0,2.1665666400469026,1,True,False,False,False,False,False,False,False,0.22413793103448276,0.15384615384615385,0.5313247864890639,0.4615608399952407,1.8820925625382248,2.1665666400469026,0.13371324874078197,1,0,-1.365909705755191,-0.0,-0.0,0,0
2026-02-19,A. SAN MIGUEL,-0.6213191261466041,-1.2129933241753998,4.0,-2.0568829157620283,0.7820286968029699,25.0,-0.9462952368252298,,,0,0,3.310514902436137,1,False,False,False,False,False,False,False,False,0.19230769230769232,0.15384615384615385,0.512220163115196,0.3020684470923648,1.9522902570030383,3.310514902436137,0.7820286968029699,1,0,-0.0,-0.0,-0.0,1,0
2026-02-20,A. DANJUMA,0.6031750360368819,0.9014072725644988,19.0,0.43062064026258595,-1.3676488415084953,25.0,-1.1044532003731045,,,0,0,0.7139219971203483,0,False,False,True,False,False,True,False,False,0.22413793103448276,0.15384615384615385,0.6691474378428479,1.400707673838862,1.4944348228539057,0.7139219971203483,-1.3676488415084953,0,1,0.0,0.0,0.43062064026258595,3,2
2026-02-20,H. LÓPEZ,-0.6304499695851781,-1.1601333092569024,20.0,-1.365909705755191,-0.36105380372772994,25.0,-1.1044532003731045,,,0,0,2.1665666400469026,0,False,False,True,False,False,False,False,False,0.2376237623762376,0.15384615384615385,0.5434293696974952,0.4615608399952407,1.8401700458329646,2.1665666400469026,-0.36105380372772994,0,1,-0.0,-0.0,-1.365909705755191,0,0
2026-02-20,A. GÜLER,3.4300673446445993,1.9057475560159507,15.0,1.3288858132714745,0.9014552267091624,25.0,-1.1044532003731045,Maldinillo 💥,-25.23226,1,1,0.3615795149242367,1,False,True,False,False,False,False,False,False,0.17857142857142858,0.15384615384615385,1.9284932793510337,2.765640569012778,0.5185391175001782,0.3615795149242367,0.9014552267091624,1,0,0.0,1.3288858132714745,0.0,3,3
2026-02-20,O. VARGAS,-0.32720985328306673,-1.107273294338405,2.0,-0.6749364957483537,-0.12220074391534486,25.0,-1.1044532003731045,,,0,0,2.0627085391374465,0,False,True,False,False,False,False,False,False,0.2857142857142857,0.15384615384615385,0.29550983525563107,0.4848016667433732,3.383995522213173,2.0627085391374465,-0.12220074391534486,0,1,-0.0,-0.6749364957483537,-0.0,2,0
2026-02-20,U. RAGHOUBER,-0.5417846740895528,-0.8429732197459175,12.0,-0.12215792774288405,-0.0539570125403777,25.0,-1.1044532003731045,,,0,0,0.22547362274835225,0,False,True,False,False,False,False,False,False,0.125,0.15384615384615385,0.6427076259438935,4.43515307809559,1.5559221513318995,0.22547362274835225,-0.0539570125403777,0,1,-0.0,-0.12215792774288405,-0.0,2,1
2026-02-20,A. JANUZAJ,-0.6309305402924714,-0.605103152612679,17.0,-0.4676445327463027,,25.0,-1.1044532003731045,,,0,0,0.7411992986245708,0,False,True,False,False,False,True,False,False,0.17708333333333334,0.15384615384615385,1.0426843427481987,1.3491698187019558,0.9590661301611898,0.7411992986245708,,0,0,-0.0,-0.4676445327463027,-0.0,0,1
2026-02-20,J. PACHECO,0.3218008869166185,0.5049571606757678,48.0,0.43062064026258595,2.6478123125945703,25.0,-1.1044532003731045,Dani,-4.40323,0,1,1.3381544912263468,1,True,False,False,False,False,False,False,False,0.11224489795918367,0.15384615384615385,0.6372822779732159,0.7472938116170605,1.5691553754207983,1.3381544912263468,2.658731309614567,1,0,0.43062064026258595,0.0,0.0,2,2
2026-02-20,J. COPETE,-0.141709560267829,0.26708709354252924,19.0,-0.12215792774288405,-0.41223660225895525,25.0,-1.1044532003731045,,,0,0,0.8620363336696507,0,True,False,False,False,False,False,False,False,0.22413793103448276,0.15384615384615385,-0.5305723605581248,1.160061593609323,-1.884763298968919,0.8620363336696507,-0.41223660225895525,0,1,-0.12215792774288405,-0.0,-0.0,2,1
2026-02-20,J. ARESO,-0.49348731800657,0.4520971457572704,1.0,0.1542313562598511,-0.0539570125403777,25.0,-1.1044532003731045,,,0,0,-0.312534209424217,0,True,False,False,False,False,False,False,False,0.14035087719298245,0.15384615384615385,-1.0915490864930937,-3.199635471918364,-0.9161290379508585,-0.312534209424217,-0.0539570125403777,0,1,0.1542313562598511,0.0,0.0,2,2
2026-02-20,U. EGILUZ,-0.6309305402924714,-1.2129933241753998,1.0,-2.0568829157620283,-0.39517566941521354,25.0,-1.1044532003731045,,,0,0,3.260083391892773,0,True,False,False,True,False,False,False,False,0.14035087719298245,0.15384615384615385,0.520143885264387,0.306741255031515,1.9225495823402232,3.260083391892773,-0.39517566941521354,0,1,-2.0568829157620283,-0.0,-0.0,0,0
2026-02-21,G. GURUZETA,0.03802388425988831,0.6371071979720115,1.0,0.1542313562598511,2.232207988521022,26.0,0.635284398653518,Dani,-3.33935,0,1,4.056063792481984,1,False,False,True,False,False,False,False,False,0.14035087719298245,0.16216216216216217,0.059681988680922164,0.24653636358784253,16.75500689542093,4.056063792481984,2.232207988521022,1,0,0.0,0.0,0.1542313562598511,2,2
2026-02-21,A. SÁNCHEZ,-0.3615706588545421,0.26708709354252924,17.0,0.3615233192619022,-0.7363943262900493,26.0,0.635284398653518,,,0,0,-0.9998718377178363,0,False,False,True,False,False,False,False,False,0.17708333333333334,0.16216216216216217,-1.3537505699293486,-1.0001281783552889,-0.7386877936292138,-0.9998718377178363,-0.7363943262900493,0,1,0.0,0.0,0.3615233192619022,2,2
2026-02-21,D. RABA,-0.6309305402924714,-0.6315331600719277,19.0,-0.6749364957483537,,26.0,0.635284398653518,,,0,0,1.06974939774651,0,False,False,True,False,False,False,False,False,0.22413793103448276,0.16216216216216217,0.9990473647780855,0.9348012428845656,1.000956715038539,1.06974939774651,,0,0,-0.0,-0.0,-0.6749364957483537,0,0
2026-02-21,B. MÉNDEZ,2.097509650365591,1.165707347156986,16.0,0.9143018872673718,-0.9923083189461761,26.0,0.635284398653518,,,0,0,0.43589856724112996,0,False,True,False,False,False,False,False,False,0.12037037037037036,0.16216216216216217,1.799343425378354,2.294108089972826,0.5557575342722604,0.43589856724112996,-0.9923083189461761,0,1,0.0,0.9143018872673718,0.0,3,3
2026-02-21,O. VARGAS,-0.33393784318517383,-1.107273294338405,2.0,-0.6749364957483537,-0.3781147365714717,26.0,0.635284398653518,,,0,0,2.0211501351891545,0,False,True,False,False,False,False,False,False,0.2857142857142857,0.16216216216216217,0.30158601898795057,0.4947700117844756,3.3158164992426498,2.0211501351891545,-0.3781147365714717,0,1,-0.0,-0.6749364957483537,-0.0,2,0
2026-02-21,G. DIANGANA,-0.625163691804951,-0.2350830481831967,23.0,-0.12215792774288405,0.49199283845935954,26.0,0.635284398653518,,,0,0,0.19540181994896935,1,False,True,False,True,False,False,False,False,0.1746031746031746,0.16216216216216217,2.659342542897058,5.117709681769305,0.37603499259444284,0.19540181994896935,0.49199283845935954,1,0,-0.0,-0.12215792774288405,-0.0,1,1
2026-02-21,U. LÓPEZ,-0.6309305402924714,0.13493705624628557,14.0,0.016036714258483527,-0.10513981107160308,26.0,0.635284398653518,,,0,0,-0.02541759932662149,0,False,True,False,False,False,False,False,False,0.15384615384615385,0.16216216216216217,-4.675704970441495,-39.34042782678497,-0.21387024640459004,-0.02541759932662149,-0.10513981107160308,0,1,0.0,0.016036714258483527,0.0,0,1
2026-02-21,R. ALHASSANE,-0.6196371286710775,0.10850704878703685,1370.0,-0.2603525697442513,0.9014552267091624,26.0,0.635284398653518,,,0,0,0.42017009289407453,1,True,False,False,False,False,False,False,False,0.09649122807017543,0.16216216216216217,-5.7105176583463155,2.3800015082673007,-0.17511414161687114,0.42017009289407453,0.9014552267091624,1,0,-0.2603525697442513,-0.0,-0.0,1,1
2026-02-21,I. BEKHOUCHA,-0.6302096842315315,-1.00155326450141,9.0,-0.6749364957483537,0.15077418158452377,26.0,0.635284398653518,,,0,0,1.0709730167735831,1,True,False,False,False,False,False,False,False,0.17117117117117117,0.16216216216216217,0.6292329482628255,0.9337332059158762,1.589240658787004,1.0709730167735831,0.15077418158452377,1,0,-0.6749364957483537,-0.0,-0.0,0,0
2026-02-21,J. TORRENTS,-0.6309305402924714,-1.0279832719606588,3.0,-0.4676445327463027,-0.7193333934463075,26.0,0.635284398653518,,,0,0,0.7411992986245708,0,True,False,False,False,False,False,False,False,0.30337078651685395,0.16216216216216217,0.6137562460966421,1.3491698187019558,1.6293154881987781,0.7411992986245708,-0.7193333934463075,0,1,-0.4676445327463027,-0.0,-0.0,0,1
2026-02-22,A. SANTOS,3.427008512092676,1.4564374292087223,4.0,1.4670804552728416,0.16783511442826554,26.0,0.3189684715577685,,,0,0,0.4280934879509513,1,False,False,True,False,False,False,False,False,0.19230769230769232,0.16216216216216217,2.3530061026709914,2.3359360857406077,0.4249878572176359,0.4280934879509513,0.16783511442826554,1,0,0.0,0.0,1.4670804552728416,3,3
2026-02-22,L. BOYÉ,0.863644359389884,1.08641732477924,48.0,1.2597884922707905,-0.01983514685289414,26.0,0.3189684715577685,,,0,0,1.4586872708501077,0,False,False,True,False,False,False,False,False,0.11224489795918367,0.16216216216216217,0.7949464213661681,0.6855465652703226,1.2579437994627,1.4586872708501077,-0.01983514685289414,0,1,0.0,0.0,1.2597884922707905,3,3
2026-02-22,I. WILLIAMS,0.5392591319668648,-0.12936301834620176,1.0,-0.3985472117456189,-0.13926167675908666,26.0,0.3189684715577685,,,0,0,-0.7390630015461775,0,False,False,True,False,False,False,False,False,0.14035087719298245,0.16216216216216217,-4.168604810445107,-1.3530655067700381,-0.2398898243680112,-0.7390630015461775,-0.13926167675908666,0,1,-0.0,-0.0,-0.3985472117456189,3,1
2026-02-22,I. DIABATE,-0.6309305402924714,-1.2129933241753998,48.0,-2.0568829157620283,-0.3781147365714717,26.0,0.3189684715577685,,,0,0,3.260083391892773,0,False,False,True,False,False,False,False,False,0.11224489795918367,0.16216216216216217,0.520143885264387,0.306741255031515,1.9225495823402232,3.260083391892773,-0.3781147365714717,0,1,-0.0,-0.0,-2.0568829157620283,0,0
2026-02-22,J. KOUNDÉ,2.8755536254735437,1.3242873919124785,3.0,0.8452045662666884,-0.7363943262900493,26.0,0.3189684715577685,Maldinillo 💥,-14.80397,0,1,0.2939274944663939,0,True,False,False,False,False,False,False,False,0.30337078651685395,0.16216216216216217,2.171395326754165,3.4021943776056696,0.46053285866353383,0.2939274944663939,-0.7363943262900493,0,1,0.8452045662666884,0.0,0.0,3,3
2026-02-22,D. HUIJSEN,2.098711077133824,0.2406570860832805,15.0,0.08513403525916731,-1.7600502969145566,26.0,0.3189684715577685,,,0,0,0.040564895102444654,0,True,False,False,True,False,False,False,False,0.17857142857142858,0.16216216216216217,8.720717060832763,24.651555857643643,0.11466893849104917,0.040564895102444654,-1.7600502969145566,0,1,0.08513403525916731,0.0,0.0,3,2
2026-02-22,N. SOUZA,0.979702185201231,0.9278372800237475,4.0,0.3615233192619022,0.6284803012092939,26.0,0.3189684715577685,,,0,0,0.3690131100141777,1,True,False,False,False,False,False,False,False,0.19230769230769232,0.16216216216216217,1.0558975699689346,2.7099205585987063,0.9470595727757788,0.3690131100141777,0.6284803012092939,1,0,0.3615233192619022,0.0,0.0,3,2
2026-02-22,N. MENDY,-0.08235907791709882,0.26708709354252924,14.0,0.4997179612632697,0.5943584355218103,26.0,0.3189684715577685,,,0,0,-6.067625348982562,1,True,False,False,False,False,False,False,False,0.15384615384615385,0.16216216216216217,-0.3083592264437072,-0.16481079226791462,-3.242998140527,-6.067625348982562,0.5943584355218103,1,0,0.4997179612632697,0.0,0.0,2,2
2026-02-22,Á. MORENO,-0.38271576997545,0.5842471830535141,222.0,0.1542313562598511,-0.7875771248212746,26.0,0.3189684715577685,,,0,0,-0.4029929554841706,0,True,False,False,True,False,False,False,False,0.10227272727272728,0.16216216216216217,-0.6550568424110875,-2.4814233488766093,-1.5265864525975619,-0.4029929554841706,-0.7875771248212746,0,1,0.1542313562598511,0.0,0.0,2,2
2026-02-22,J. CRUZ,-0.6309305402924714,-0.605103152612679,50.0,-0.7440338167490376,-0.4463584679464389,26.0,0.3189684715577685,,,0,0,1.1792660974538234,0,True,False,False,False,False,False,False,False,0.18181818181818182,0.16216216216216217,1.0426843427481987,0.8479875162620474,0.9590661301611898,1.1792660974538234,-0.4463584679464389,0,1,-0.7440338167490376,-0.0,-0.0,0,0
2026-02-22,L. JÚNIOR,0.5745810789529268,1.0071273024014937,20.0,0.7070099242653208,-1.1117348488523686,26.0,0.3189684715577685,,,0,0,1.230476811169816,0,False,False,False,False,False,False,False,False,0.2376237623762376,0.16216216216216217,0.5705142806361815,0.8126905246195362,1.7527997118128071,1.230476811169816,-1.1117348488523686,0,1,0.0,0.0,0.0,3,3
2026-02-23,A. GRIEZMANN,1.8452100290365758,1.5092974441272198,2.0,1.190691171270107,-0.6340287292275985,26.0,0.0026525444620189103,,,0,0,0.6452872612038268,0,False,False,True,False,False,False,False,False,0.2857142857142857,0.16216216216216217,1.2225614067359643,1.549695272681853,0.8179538385456412,0.6452872612038268,-0.6340287292275985,0,1,0.0,0.0,1.190691171270107,3,3
2026-02-23,H. DURO,1.4523434758242526,1.2978573844532297,19.0,0.7070099242653208,-1.811233095445782,26.0,0.0026525444620189103,,,0,0,0.48680594448095366,0,False,False,True,False,False,False,False,False,0.22413793103448276,0.16216216216216217,1.1190307765635812,2.0542023128333304,0.893629167224018,0.48680594448095366,-1.811233095445782,0,1,0.0,0.0,0.7070099242653208,3,3
2026-02-23,K. GARCÍA,-0.2986158961991117,0.980697294942245,8.0,0.3615233192619022,-0.2928100723527628,26.0,0.0026525444620189103,,,0,0,-1.2106673975863684,0,False,False,True,False,False,False,False,False,0.0641025641025641,0.16216216216216217,-0.3044931328413268,-0.8259911720704545,-3.2841539635997643,-1.2106673975863684,-0.2928100723527628,0,1,0.0,0.0,0.3615233192619022,2,2
2026-02-23,M. ROCA,0.9881121725788649,0.7163972203497577,4.0,0.4997179612632697,1.4985878762401252,26.0,0.0026525444620189103,De la Guettir FC,-7.899931,3,1,0.5057294803175852,1,False,True,False,False,False,False,False,False,0.19230769230769232,0.16216216216216217,1.3792778157606977,1.977335761046482,0.7250153527252765,0.5057294803175852,1.4985878762401252,1,0,0.0,0.4997179612632697,0.0,3,2
2026-02-23,P. CABANES,-0.6242025503903643,-1.2129933241753998,20.0,-2.0568829157620283,0.3043225771781998,26.0,0.0026525444620189103,,,0,0,3.2952223756504466,1,False,True,False,True,False,False,False,False,0.2376237623762376,0.16216216216216217,0.5145972797599534,0.30347028947410987,1.9432718861669214,3.2952223756504466,0.3043225771781998,1,0,-0.0,-2.0568829157620283,-0.0,1,0
2026-02-23,A. DE LA FUENTE,0.21967961161677915,1.1128473322384886,12.0,0.7070099242653208,1.3621004134901906,26.0,0.0026525444620189103,,,0,0,3.2183537685094445,1,True,False,False,False,False,False,False,False,0.125,0.16216216216216217,0.1974030110418504,0.31071600745781364,5.065751246995752,3.2183537685094445,1.3621004134901906,1,0,0.7070099242653208,0.0,0.0,2,3
2026-02-23,A. RAÍLLO,-0.07130595164935154,0.4785271532165191,408.0,0.29242599826121835,0.16783511442826554,26.0,0.0026525444620189103,,,0,0,-4.101061588250551,1,True,False,False,False,False,False,False,False,0.10833333333333334,0.16216216216216217,-0.14901098539355492,-0.24384188899567874,-6.710994708610408,-4.101061588250551,0.16783511442826554,1,0,0.29242599826121835,0.0,0.0,2,2
2026-02-23,J. FIRPO,-0.6309305402924714,-0.7372531899089226,4.0,-0.4676445327463027,,26.0,0.0026525444620189103,,,0,0,0.7411992986245708,0,True,False,False,False,False,False,False,False,0.19230769230769232,0.16216216216216217,0.855786593689758,1.3491698187019558,1.168519054547936,0.7411992986245708,,0,0,-0.4676445327463027,-0.0,-0.0,0,1
2026-02-23,A. BATALLA,0.7117840158851818,1.6943074963419609,14.0,1.121593850269423,1.020881756615355,26.0,0.0026525444620189103,De la Guettir FC,-6.228,0,1,1.575748049254169,1,False,False,False,False,False,False,False,False,0.15384615384615385,0.16216216216216217,0.42010296083737697,0.634617763904855,2.380364096643571,1.575748049254169,1.020881756615355,1,0,0.0,0.0,0.0,3,3
2026-02-23,C. RIVERO,-0.6205982700856641,-1.2129933241753998,19.0,-2.0568829157620283,0.40668817424065057,26.0,0.0026525444620189103,,,0,0,3.314360237965769,1,False,False,False,False,False,False,False,False,0.22413793103448276,0.16216216216216217,0.5116258839540068,0.30171798649692855,1.9545579438465213,3.314360237965769,0.40668817424065057,1,0,-0.0,-0.0,-0.0,1,0
2026-02-24,M. BARTRA,2.1076016352187517,0.8749772651052501,4.0,0.7070099242653208,-1.9477205581957162,26.0,-0.3136633826337306,,,0,0,0.3354569369248957,0,True,False,False,False,False,False,False,False,0.19230769230769232,0.16216216216216217,2.4087474161032225,2.981002927796105,0.4151528615897914,0.3354569369248957,-1.9477205581957162,0,1,0.7070099242653208,0.0,0.0,3,3
2026-02-24,R. VEIGA,0.386197361693929,0.42566713829802166,20.0,-0.12215792774288405,-1.1970395130710776,26.0,-0.3136633826337306,,,0,0,-0.3163087673574778,0,True,False,False,False,False,False,False,False,0.2376237623762376,0.16216216216216217,0.9072733590963341,-3.1614855483824655,1.102198197918231,-0.3163087673574778,-1.1970395130710776,0,1,-0.12215792774288405,-0.0,-0.0,2,1
2026-02-24,J. HERRANDO,-0.44879424222828723,0.13493705624628557,50.0,-0.3985472117456189,0.6284803012092939,26.0,-0.3136633826337306,Dani,-0.95561,0,1,0.8880419182936142,1,True,False,False,False,False,False,False,False,0.18181818181818182,0.16216216216216217,-3.3259278717425658,1.1260783041007556,-0.3006664172934388,0.8880419182936142,0.6284803012092939,1,0,-0.3985472117456189,-0.0,-0.0,2,1
2026-02-24,A. ABQAR,-0.572541199356328,-0.2615130556424454,9.0,-0.12215792774288405,-0.12220074391534486,26.0,-0.3136633826337306,,,0,0,0.2133613113633222,0,True,False,False,False,False,False,False,False,0.17117117117117117,0.16216216216216217,2.1893491600216692,4.686931882908949,0.45675929120164593,0.2133613113633222,-0.12220074391534486,0,1,-0.12215792774288405,-0.0,-0.0,2,1
2026-02-24,S. BOSELLI,-0.625163691804951,-1.1337033017976537,9.0,-1.365909705755191,0.5090537713031014,26.0,-0.3136633826337306,,,0,0,2.184886788128027,1,True,False,False,False,False,False,False,False,0.17117117117117117,0.16216216216216217,0.5514354966146412,0.45769068545419883,1.8134532285099412,2.184886788128027,0.5090537713031014,1,0,-1.365909705755191,-0.0,-0.0,1,0
2026-02-24,Á. ORTIZ,-0.6309305402924714,-0.4729531153164353,4.0,-0.3294498907449351,,26.0,-0.3136633826337306,,,0,0,0.5221658992099443,0,True,False,False,False,False,False,False,False,0.19230769230769232,0.16216216216216217,1.3340262573312276,1.9151090139227347,0.7496132057744433,0.5221658992099443,,0,0,-0.3294498907449351,-0.0,-0.0,0,1
2026-02-24,D. LÓPEZ,-0.6309305402924714,-1.0808432868791562,222.0,-0.8822284587504049,0.49199283845935954,26.0,-0.3136633826337306,,,0,0,1.3982994968684495,1,True,False,False,False,False,False,False,False,0.10227272727272728,0.16216216216216217,0.583739688899693,0.7151563171544527,1.7130966579534768,1.3982994968684495,0.49199283845935954,1,0,-0.8822284587504049,-0.0,-0.0,0,0
2026-02-24,D. LÓPEZ,-0.6309305402924714,-1.0808432868791562,222.0,-0.8822284587504049,-1.0605520503211434,26.0,-0.3136633826337306,,,0,0,1.3982994968684495,0,True,False,False,False,False,False,False,False,0.10227272727272728,0.16216216216216217,0.583739688899693,0.7151563171544527,1.7130966579534768,1.3982994968684495,-1.0605520503211434,0,1,-0.8822284587504049,-0.0,-0.0,0,0
2026-02-24,Y. LAGO,-0.6309305402924714,-0.9486932495829125,5.0,-0.3294498907449351,-0.0027742140091523483,26.0,-0.3136633826337306,,,0,0,0.5221658992099443,0,True,False,False,False,False,False,True,False,0.16049382716049382,0.16216216216216217,0.6650529089595247,1.9151090139227347,1.5036437335667303,0.5221658992099443,-0.0027742140091523483,0,1,-0.3294498907449351,-0.0,-0.0,0,1
2026-02-24,A. SIVERA,0.7103423037633017,1.6150174739642147,48.0,0.9143018872673718,-0.7022724606025658,26.0,-0.3136633826337306,,,0,0,1.2871267771843917,0,False,False,False,False,False,False,False,False,0.11224489795918367,0.16216216216216217,0.439835404495219,0.776922301849381,2.273573165831328,1.2871267771843917,-0.7022724606025658,0,1,0.0,0.0,0.0,3,3
2026-02-24,R. BLANCO,-0.6261248332195378,-1.2129933241753998,222.0,-2.0568829157620283,0.44081003992813417,26.0,-0.3136633826337306,,,0,0,3.285105607920252,1,False,False,False,False,False,False,False,False,0.10227272727272728,0.16216216216216217,0.5161820241897916,0.30440485106193993,1.937305784924638,3.285105607920252,0.44081003992813417,1,0,-0.0,-0.0,-0.0,1,0
2026-02-24,I. VILLAR,-0.6309305402924714,-1.2129933241753998,5.0,-2.0568829157620283,-0.0539570125403777,26.0,-0.3136633826337306,,,0,0,3.260083391892773,0,False,False,False,False,False,False,False,False,0.16049382716049382,0.16216216216216217,0.520143885264387,0.306741255031515,1.9225495823402232,3.260083391892773,-0.0539570125403777,0,1,-0.0,-0.0,-0.0,0,0
2026-02-25,L. VÁZQUEZ,-0.1208047345005678,-0.49938312277568403,9.0,1.6743724182748931,1.4644660105526415,26.0,-0.6299793097294802,Maldinillo 💥,-2.39327,1,1,-13.860270340127798,1,False,False,True,False,False,False,False,False,0.17117117117117117,0.16216216216216217,0.24190840839296868,-0.07214921903444509,4.1338384516029745,-13.860270340127798,1.4644660105526415,1,0,0.0,0.0,1.6743724182748931,2,3
2026-02-25,T. ASANO,-0.6285276867560047,-0.28794306310169415,408.0,-0.4676445327463027,0.23607884580323268,26.0,-0.6299793097294802,,,0,0,0.7440328988414827,1,False,False,True,True,False,False,False,False,0.10833333333333334,0.16216216216216217,2.1828269200600396,1.3440316025860275,0.45812384608177226,0.7440328988414827,0.23607884580323268,1,0,-0.0,-0.0,-0.4676445327463027,1,1
2026-02-25,N. SERRANO,-0.6020962978548697,-0.49938312277568403,1.0,-0.3294498907449351,-0.7363943262900493,26.0,-0.6299793097294802,,,0,0,0.5471723362044032,0,False,True,False,False,False,False,False,False,0.14035087719298245,0.16216216216216217,1.2056825232514852,1.8275863563948767,0.8294087739181387,0.5471723362044032,-0.7363943262900493,0,1,-0.0,-0.3294498907449351,-0.0,1,1
2026-02-25,M. GÓMEZ,-0.6309305402924714,0.26708709354252924,50.0,0.22332867726053457,-0.0027742140091523483,26.0,-0.6299793097294802,,,0,0,-0.35396769844856074,0,False,True,False,False,False,False,False,False,0.18181818181818182,0.16216216216216217,-2.362256332448629,-2.825108369079104,-0.4233231707913364,-0.35396769844856074,-0.0027742140091523483,0,1,0.0,0.22332867726053457,0.0,0,2
2026-02-25,N. SOUZA,0.9917164528835651,0.9278372800237475,4.0,0.3615233192619022,0.611419368365552,26.0,-0.6299793097294802,Chamacónicos,-6.993,1,1,0.3645426610278156,1,True,False,False,False,False,False,False,False,0.19230769230769232,0.16216216216216217,1.0688462356372952,2.7431528117064996,0.935586317782271,0.3645426610278156,0.611419368365552,1,0,0.3615233192619022,0.0,0.0,3,2
2026-02-25,J. OTTO,-0.15252240118192972,0.8749772651052501,48.0,0.22332867726053457,-0.5487240650088896,26.0,-0.6299793097294802,,,0,0,-1.4642448569833482,0,True,False,False,False,False,False,False,False,0.11224489795918367,0.16216216216216217,-0.1743156456161605,-0.6829473048671375,-5.736750766284691,-1.4642448569833482,-0.5487240650088896,0,1,0.22332867726053457,0.0,0.0,2,2
2026-02-25,A. GOROSABEL,-0.6309305402924714,-0.49938312277568403,1.0,-0.6058391747476699,,26.0,-0.6299793097294802,,,0,0,0.9602326980391968,0,True,False,False,False,False,False,False,False,0.14035087719298245,0.16216216216216217,1.2634223603872925,1.0414176038927432,0.7915037906517927,0.9602326980391968,,0,0,-0.6058391747476699,-0.0,-0.0,0,0
2026-02-25,J. AGIRREZABALA,-0.4425468230334736,0.7956872427275039,19.0,0.8452045662666884,-0.7022724606025658,26.0,-0.6299793097294802,,,0,0,-1.9098690401666227,0,False,False,False,True,False,False,False,False,0.22413793103448276,0.16216216216216217,-0.5561811765830387,-0.5235966736331649,-1.7979770711050618,-1.9098690401666227,-0.7022724606025658,0,1,0.0,0.0,0.0,2,3
2026-02-25,V. KRAPYVTSOV,-0.625163691804951,-1.0808432868791562,222.0,-0.3294498907449351,0.5090537713031014,26.0,-0.6299793097294802,,,0,0,0.5269826479788121,1,False,False,False,False,False,False,False,False,0.10227272727272728,0.16216216216216217,0.5784041755158008,1.897604482417163,1.7288992146325588,0.5269826479788121,0.5090537713031014,1,0,-0.0,-0.0,-0.0,1,1
2026-02-25,J. CARLOS MARTÍN,-0.6309305402924714,-1.2129933241753998,222.0,-2.0568829157620283,-0.2586882066652792,26.0,-0.6299793097294802,,,0,0,3.260083391892773,0,False,False,False,True,False,False,False,False,0.10227272727272728,0.16216216216216217,0.520143885264387,0.306741255031515,1.9225495823402232,3.260083391892773,-0.2586882066652792,0,1,-0.0,-0.0,-0.0,0,0
2026-02-26,A. SÁNCHEZ,-0.4192391437297455,0.29351710100177797,17.0,0.29242599826121835,0.6796630997405192,26.0,-0.9462952368252298,,,0,0,-0.6975176343918877,1,False,False,True,False,False,False,False,False,0.17708333333333334,0.16216216216216217,-1.4283246665159026,-1.4336540272360516,-0.7001202190013239,-0.6975176343918877,0.6796630997405192,1,0,0.0,0.0,0.29242599826121835,2,2
2026-02-26,A. SÁNCHEZ,-0.4192391437297455,0.29351710100177797,17.0,0.29242599826121835,-0.5657849978526314,26.0,-0.9462952368252298,,,0,0,-0.6975176343918877,0,False,False,True,False,False,False,False,False,0.17708333333333334,0.16216216216216217,-1.4283246665159026,-1.4336540272360516,-0.7001202190013239,-0.6975176343918877,-0.5657849978526314,0,1,0.0,0.0,0.29242599826121835,2,2
2026-02-26,C. SOLER,1.4432126323856787,0.689967212890509,16.0,0.43062064026258595,1.0379426894590968,26.0,-0.9462952368252298,Dani,-9.10228,0,1,0.29837622830014165,1,False,True,False,False,False,False,False,False,0.12037037037037036,0.16216216216216217,2.091708872122638,3.3514633205744877,0.47807697863134163,0.29837622830014165,1.0379426894590968,1,0,0.0,0.43062064026258595,0.0,3,2
2026-02-26,A. LISO,-0.6258845478658911,0.7163972203497577,9.0,0.3615233192619022,-0.6340287292275985,26.0,-0.9462952368252298,Dani,-0.18101,0,1,-0.5776207419009619,0,False,True,False,False,False,False,False,False,0.17117117117117117,0.16216216216216217,-0.8736545263335853,-1.731237746726732,-1.1446174336943287,-0.5776207419009619,-0.6340287292275985,0,1,0.0,0.3615233192619022,0.0,1,2
2026-02-26,B. SANTAMARIA,-0.6309305402924714,-0.10293301088695302,19.0,-0.5367418537469861,-0.4634194007901807,26.0,-0.9462952368252298,Dani,-0.16,0,1,0.8507159983318835,0,False,True,False,False,False,False,False,False,0.22413793103448276,0.16216216216216217,6.129585294757358,1.175484474282044,0.16314501749155344,0.8507159983318835,-0.4634194007901807,0,1,-0.0,-0.5367418537469861,-0.0,0,1
2026-02-26,J. SALAS,-0.6309305402924714,-1.107273294338405,408.0,-0.6749364957483537,,26.0,-0.9462952368252298,,,0,0,1.06974939774651,0,False,True,False,True,False,False,False,False,0.10833333333333334,0.16216216216216217,0.5698061294574812,0.9348012428845656,1.754987242830826,1.06974939774651,,0,0,-0.0,-0.6749364957483537,-0.0,0,0
2026-02-26,J. ARAMBURU,0.564729379453413,0.7956872427275039,16.0,0.22332867726053457,-0.8387599233525,26.0,-0.9462952368252298,,,0,0,0.39546071078500905,0,True,False,False,False,False,False,False,False,0.12037037037037036,0.16216216216216217,0.7097369913593325,2.5286804081779257,1.4089683708845764,0.39546071078500905,-0.8387599233525,0,1,0.22332867726053457,0.0,0.0,3,2
2026-02-26,P. NAVARRO,-0.5458695251015464,-0.050072995968455554,20.0,0.29242599826121835,0.9355770923966461,26.0,-0.9462952368252298,Chamacónicos,-0.714,0,1,-0.5357077479541784,1,True,False,False,False,False,False,False,False,0.2376237623762376,0.16216216216216217,10.901692943205905,-1.8666864836260217,0.09173087229959012,-0.5357077479541784,0.9355770923966461,1,0,0.29242599826121835,0.0,0.0,2,2
2026-02-26,I. BEKHOUCHA,-0.6208385554393109,-1.00155326450141,9.0,-0.6749364957483537,0.8161505624904536,26.0,-0.9462952368252298,,,0,0,1.0871386401081389,1,True,False,False,False,False,False,False,False,0.17117117117117117,0.16216216216216217,0.619876343396193,0.9198487253229121,1.6132291864861508,1.0871386401081389,0.8161505624904536,1,0,-0.6749364957483537,-0.0,-0.0,1,0
2026-02-26,J. CABELLO,-0.6309305402924714,-0.9222632421236637,12.0,-0.5367418537469861,-0.7534552591337911,26.0,-0.9462952368252298,,,0,0,0.8507159983318835,0,True,False,False,False,False,False,False,False,0.125,0.16216216216216217,0.6841118626299261,1.175484474282044,1.4617531486893809,0.8507159983318835,-0.7534552591337911,0,1,-0.5367418537469861,-0.0,-0.0,0,1
2026-02-26,M. DITURO,-0.5112684341764243,-0.10293301088695302,23.0,1.190691171270107,0.9014552267091624,26.0,-0.9462952368252298,,,0,0,-2.3289008680713903,1,False,False,False,False,False,False,False,False,0.1746031746031746,0.16216216216216217,4.967049897994651,-0.4293875835523939,0.2013290970757071,-2.3289008680713903,0.9014552267091624,1,0,0.0,0.0,0.0,2,3
2026-02-27,K. GARCÍA,-0.2974144694308783,0.980697294942245,8.0,0.3615233192619022,0.457870972771876,26.0,-1.1044532003731045,,,0,0,-1.215557990543275,1,False,False,True,False,False,False,False,False,0.0641025641025641,0.16216216216216217,-0.3032680600799796,-0.822667946759675,-3.297420580240964,-1.215557990543275,0.457870972771876,1,0,0.0,0.0,0.3615233192619022,2,2
2026-02-27,M. SATRIANO,-0.32865156540494683,-0.605103152612679,9.0,0.5688152822639532,0.6967240325842611,26.0,-1.1044532003731045,,,0,0,-1.7307600903199034,1,False,False,True,False,False,False,False,False,0.17117117117117117,0.16216216216216217,0.5431340212324679,-0.5777815714010092,1.8411748413306426,-1.7307600903199034,0.6967240325842611,1,0,0.0,0.0,0.5688152822639532,2,2
2026-02-27,P. DURÁN,-0.6225205529148377,0.4520971457572704,5.0,0.1542313562598511,0.6967240325842611,26.0,-1.1044532003731045,,,0,0,-0.24775343286438165,1,False,False,True,True,False,False,False,False,0.16049382716049382,0.16216216216216217,-1.3769588722203394,-4.036251328910604,-0.7262376637655886,-0.24775343286438165,0.6967240325842611,1,0,0.0,0.0,0.1542313562598511,1,2
2026-02-27,Á. FORÉS,-0.6309305402924714,-0.39366309293868906,1370.0,-0.5367418537469861,,26.0,-1.1044532003731045,,,0,0,0.8507159983318835,0,False,False,True,False,False,False,False,False,0.09649122807017543,0.16216216216216217,1.6027210940798806,1.175484474282044,0.6239414511423954,0.8507159983318835,,0,0,-0.0,-0.0,-0.5367418537469861,0,1
2026-02-27,M. DÍAZ,-0.6309305402924714,-0.7636831973681714,48.0,-0.7440338167490376,-0.39517566941521354,26.0,-1.1044532003731045,,,0,0,1.1792660974538234,0,False,False,True,False,False,False,False,False,0.11224489795918367,0.16216216216216217,0.8261689777067039,0.8479875162620474,1.2104096394252855,1.1792660974538234,-0.39517566941521354,0,1,-0.0,-0.0,-0.7440338167490376,0,0
2026-02-27,S. COMESAÑA,1.114502268597019,1.2449973695347323,20.0,0.7070099242653208,1.2256129507402564,26.0,-1.1044532003731045,Dani,-7.49497,1,1,0.6343722303796678,1,False,True,False,False,False,False,False,False,0.2376237623762376,0.16216216216216217,0.8951837173999827,1.5763579180267069,1.1170872303514952,0.6343722303796678,1.2256129507402564,1,0,0.0,0.7070099242653208,0.0,3,3
2026-02-27,F. MASTANTUONO,0.06301356103914316,0.029217026409290647,15.0,0.08513403525916731,-0.8387599233525,26.0,-1.1044532003731045,,,0,0,1.3510216346073418,0,False,True,False,False,False,False,False,False,0.17857142857142858,0.16216216216216217,2.156667262752091,0.7401601567124256,0.4636551604500065,1.3510216346073418,-0.8387599233525,0,1,0.0,0.08513403525916731,0.0,2,2
2026-02-27,A. ELUSTONDO,-0.6292485428169448,-0.9486932495829125,16.0,-1.2968123847545072,-0.15632260960282846,26.0,-1.1044532003731045,,,0,0,2.0608938398854657,0,True,False,False,False,False,False,False,False,0.12037037037037036,0.16216216216216217,0.6632799446749887,0.48522749739436055,1.5076630181755006,2.0608938398854657,-0.15632260960282846,0,1,-1.2968123847545072,-0.0,-0.0,0,0
2026-02-27,V. VALDEPEÑAS,-0.6309305402924714,-1.1601333092569024,15.0,-0.6749364957483537,,26.0,-1.1044532003731045,,,0,0,1.06974939774651,0,True,False,False,False,False,False,False,False,0.17857142857142858,0.16216216216216217,0.5438436075421434,0.9348012428845656,1.8387684125855246,1.06974939774651,,0,0,-0.6749364957483537,-0.0,-0.0,0,0
2026-02-27,U. MARRERO,-0.6201176993783708,-1.2129933241753998,16.0,-2.0568829157620283,0.8673333610216789,26.0,-1.1044532003731045,,,0,0,3.316928761673292,1,False,False,False,False,False,False,False,False,0.12037037037037036,0.16216216216216217,0.5112296978465473,0.30148434609997105,1.956072664050737,3.316928761673292,0.8673333610216789,1,0,-0.0,-0.0,-0.0,1,0
2026-02-28,N. PÉPÉ,2.14316386755846,1.8528875410974532,20.0,1.2597884922707905,,27.0,0.635284398653518,Los marinero,-11.905,1,1,0.5878168830314808,0,False,False,True,False,False,False,False,False,0.2376237623762376,0.17105263157894737,1.1566609755647141,1.7012079245837917,0.8645566979680396,0.5878168830314808,,0,0,0.0,0.0,1.2597884922707905,3,3
2026-02-28,R. BARDGHJI,-0.5977711614892295,-0.050072995968455554,3.0,0.08513403525916731,-0.3781147365714717,27.0,0.635284398653518,,,0,0,-0.1424193456680277,0,False,False,True,False,False,False,False,False,0.30337078651685395,0.17105263157894737,11.938233136658152,-7.021447276899574,0.08376630215818787,-0.1424193456680277,-0.3781147365714717,0,1,0.0,0.0,0.08513403525916731,1,2
2026-02-28,C. ESPÍ,-0.623001123622131,0.05564703386853938,12.0,0.4997179612632697,0.6626021668967774,27.0,0.635284398653518,,,0,0,-0.8021153484816389,1,False,False,True,False,False,False,False,False,0.125,0.17105263157894737,-11.19538428067168,-1.2467029909115492,-0.08932106392693277,-0.8021153484816389,0.6626021668967774,1,0,0.0,0.0,0.4997179612632697,1,2
2026-02-28,J. LLABRÉS,-0.6256442625122445,-0.8165432122866688,408.0,-1.2277150637538237,-0.3781147365714717,27.0,0.635284398653518,,,0,0,1.9623244384091743,0,False,False,True,False,False,False,False,False,0.10833333333333334,0.17105263157894737,0.766211780723708,0.5096009575709285,1.3051258779769699,1.9623244384091743,-0.3781147365714717,0,1,-0.0,-0.0,-1.2277150637538237,1,0
2026-02-28,J. PUADO,-0.6309305402924714,-0.2350830481831967,8.0,0.4997179612632697,-0.03689607969663593,27.0,0.635284398653518,,,0,0,-0.7920344972778137,0,False,False,True,True,False,False,False,False,0.0641025641025641,0.17105263157894737,2.6838737588367216,-1.2625707431583226,0.37259794187829987,-0.7920344972778137,-0.03689607969663593,0,1,0.0,0.0,0.4997179612632697,0,2
2026-02-28,J. ARAMBURU,0.5419022708569784,0.7956872427275039,16.0,0.22332867726053457,-0.9240645875712089,27.0,0.635284398653518,Los marinero,-5.041,0,1,0.41211907967884637,0,True,False,False,False,False,False,False,False,0.12037037037037036,0.17105263157894737,0.6810484832594936,2.426467800895085,1.4683196900974331,0.41211907967884637,-0.9240645875712089,0,1,0.22332867726053457,0.0,0.0,3,2
2026-02-28,U. NÚÑEZ,-0.2217245830321738,-0.9222632421236637,19.0,0.4997179612632697,0.49199283845935954,27.0,0.635284398653518,,,0,0,-2.253788047393934,1,True,False,False,False,False,False,False,False,0.22413793103448276,0.17105263157894737,0.2404138138861846,-0.44369855902938493,4.159518033721457,-2.253788047393934,0.49199283845935954,1,0,0.4997179612632697,0.0,0.0,2,2
2026-02-28,S. CARDONA,-0.39881488866977766,0.4785271532165191,20.0,0.1542313562598511,-0.27574913950902097,27.0,0.635284398653518,,,0,0,-0.3867251383202363,0,True,False,False,False,False,False,False,False,0.2376237623762376,0.17105263157894737,-0.8334199064131684,-2.5858055880171684,-1.1998758488893673,-0.3867251383202363,-0.27574913950902097,0,1,0.1542313562598511,0.0,0.0,2,2
2026-02-28,J. ARESO,-0.5271272675171053,0.5313871681350165,1.0,0.08513403525916731,0.15077418158452377,27.0,0.635284398653518,,,0,0,-0.16150596262290176,1,True,False,False,False,False,False,False,False,0.14035087719298245,0.17105263157894737,-0.9919815666335486,-6.191660882178872,-1.0080832636893267,-0.16150596262290176,0.15077418158452377,1,0,0.08513403525916731,0.0,0.0,2,2
2026-02-28,T. NIANZOU,-0.6309305402924714,-0.6315331600719277,17.0,-0.3985472117456189,-0.2075054081340538,27.0,0.635284398653518,,,0,0,0.6316825989172575,0,True,False,False,False,False,False,False,True,0.17708333333333334,0.17105263157894737,0.9990473647780855,1.5830800085365684,1.000956715038539,0.6316825989172575,-0.2075054081340538,0,1,-0.3985472117456189,-0.0,-0.0,0,1
2026-03-01,F. PÉREZ,-0.6153119923054372,0.29351710100177797,14.0,-0.19125524874356753,-0.7022724606025658,27.0,0.3189684715577685,,,0,0,0.3108269657705537,0,False,True,False,False,False,False,False,False,0.15384615384615385,0.17105263157894737,-2.096334059825871,3.217246133603252,-0.47702235889209926,0.3108269657705537,-0.7022724606025658,0,1,-0.0,-0.19125524874356753,-0.0,1,1
2026-03-01,L. ASTIAZARAN,-0.6278068306950646,-1.2129933241753998,16.0,-2.0568829157620283,-0.36105380372772994,27.0,0.3189684715577685,,,0,0,3.2763042571375696,0,False,True,False,False,False,False,True,False,0.12037037037037036,0.17105263157894737,0.5175686755659,0.3052225924512912,1.9321154166925383,3.2763042571375696,-0.36105380372772994,0,1,-0.0,-2.0568829157620283,-0.0,1,0
2026-03-01,C. PORTU,-0.6287679721096513,-0.5258131302349327,222.0,-0.2603525697442513,0.11665231589704018,27.0,0.3189684715577685,,,0,0,0.4140684566664042,1,False,True,False,True,False,False,False,False,0.10227272727272728,0.17105263157894737,1.195803474196607,2.4150727138972234,0.8362607349917159,0.4140684566664042,0.11665231589704018,1,0,-0.0,-0.2603525697442513,-0.0,0,1
2026-03-01,A. ZAKHARYAN,-0.6302096842315315,-0.5258131302349327,16.0,-0.7440338167490376,0.15077418158452377,27.0,0.3189684715577685,,,0,0,1.1806149857428625,1,False,True,False,False,False,False,False,False,0.12037037037037036,0.17105263157894737,1.1985453510742592,0.8470186664415655,0.8343476429178418,1.1806149857428625,0.15077418158452377,1,0,-0.0,-0.7440338167490376,-0.0,0,0
2026-03-01,N. FONSECA,-0.6302096842315315,-0.7372531899089226,1370.0,-0.4676445327463027,0.15077418158452377,27.0,0.3189684715577685,,,0,0,0.7420471098657464,1,False,True,False,False,False,False,False,False,0.09649122807017543,0.17105263157894737,0.8548088332018182,1.3476283538671776,1.1698556499708028,0.7420471098657464,0.15077418158452377,1,0,-0.0,-0.4676445327463027,-0.0,0,1
2026-03-01,MARCÃO,-0.623721979683071,-0.36723308547944034,17.0,-0.3294498907449351,0.03134765167833123,27.0,0.3189684715577685,,,0,0,0.5282007523818378,1,True,False,False,True,False,False,False,False,0.17708333333333334,0.17105263157894737,1.6984408616386824,1.89322834954077,0.5887778308596275,0.5282007523818378,0.03134765167833123,1,0,-0.3294498907449351,-0.0,-0.0,1,1
2026-03-01,Á. ODRIOZOLA,-0.625163691804951,-0.5258131302349327,16.0,1.5361777762735256,-0.2928100723527628,27.0,0.3189684715577685,,,0,0,-2.457244804289775,0,True,False,False,True,False,False,False,False,0.12037037037037036,0.17105263157894737,1.1889487820024771,-0.4069602454223967,0.8410820689200451,-2.457244804289775,-0.2928100723527628,0,1,1.5361777762735256,0.0,0.0,1,3
2026-03-01,C. RIEDEL,-0.6302096842315315,-0.2615130556424454,8.0,0.016036714258483527,-0.10513981107160308,27.0,0.3189684715577685,,,0,0,-0.025446672919206905,0,True,False,False,False,False,False,False,False,0.0641025641025641,0.17105263157894737,2.4098685725341507,-39.29548027071047,0.41496263410164075,-0.025446672919206905,-0.10513981107160308,0,1,0.016036714258483527,0.0,0.0,0,1
2026-03-01,J. GARCIA,3.4300673446445993,2.3286276753639306,3.0,2.1711821562698126,0.9526380252403879,27.0,0.3189684715577685,Dani,-25.31061,1,1,0.7471845553405453,1,False,False,False,False,False,False,False,False,0.30337078651685395,0.17105263157894737,1.4785988282347748,1.3383565194319995,0.6763154826258466,0.7471845553405453,0.9526380252403879,1,0,0.0,0.0,0.0,3,3
2026-03-01,C. RIVERO,-0.6196371286710775,-1.2129933241753998,19.0,-2.0568829157620283,0.40668817424065057,27.0,0.3189684715577685,,,0,0,3.3195012695166572,1,False,False,False,False,False,False,False,False,0.22413793103448276,0.17105263157894737,0.5108335117390878,0.30125070570301354,1.9575897337956796,3.3195012695166572,0.40668817424065057,1,0,-0.0,-0.0,-0.0,1,0
2026-03-02,ALEMÃO,-0.6203579847320174,-0.3143730705609429,14.0,-0.3985472117456189,0.18489604727200734,27.0,0.0026525444620189103,,,0,0,0.6424481734783463,1,False,False,True,False,False,False,False,False,0.15384615384615385,0.17105263157894737,1.9733241048579642,1.5565522051128535,0.5067615555207236,0.6424481734783463,0.18489604727200734,1,0,-0.0,-0.0,-0.3985472117456189,1,1
2026-03-02,P. DURÁN,-0.6280471160487112,0.4520971457572704,5.0,0.1542313562598511,-0.01983514685289414,27.0,0.0026525444620189103,,,0,0,-0.24557329839117886,0,False,False,True,True,False,False,False,False,0.16049382716049382,0.17105263157894737,-1.3891831274749513,-4.072084037869303,-0.7198470529546365,-0.24557329839117886,-0.01983514685289414,0,1,0.0,0.0,0.1542313562598511,1,2
2026-03-02,P. FORNALS,3.4300673446445993,2.735121190087179,4.0,2.088956344278995,0.18489604727200734,27.0,0.0026525444620189103,Chamacónicos,-25.3641064,2,1,0.5335081607366313,1,False,True,False,False,False,False,False,False,0.19230769230769232,0.17105263157894737,1.3454945371265659,1.8743841978294766,0.743220706870328,0.5335081607366313,0.18489604727200734,1,0,0.0,2.088956344278995,0.0,3,3
2026-03-02,PEPELU,1.7238659254450022,0.8749772651052501,19.0,0.43062064026258595,-1.6065019013208806,27.0,0.0026525444620189103,,,0,0,0.24979923560597625,0,False,True,False,False,False,False,False,False,0.22413793103448276,0.17105263157894737,1.970181425292479,4.003203193396916,0.5075665947238833,0.24979923560597625,-1.6065019013208806,0,1,0.0,0.43062064026258595,0.0,3,2
2026-03-02,S. BECERRA,-0.6306902549388248,-1.1865633167161511,14.0,-1.8495909527599772,-0.5487240650088896,27.0,0.0026525444620189103,,,0,0,2.9326501732447983,0,False,True,False,False,False,False,True,False,0.15384615384615385,0.17105263157894737,0.5315272919540206,0.34098923061173764,1.8813755069146447,2.9326501732447983,-0.5487240650088896,0,1,-0.0,-1.8495909527599772,-0.0,0,0
2026-03-02,B. PRADOS,-0.6309305402924714,-1.107273294338405,1.0,-0.6749364957483537,-0.7022724606025658,27.0,0.0026525444620189103,,,0,0,1.06974939774651,0,False,True,False,True,False,False,False,False,0.14035087719298245,0.17105263157894737,0.5698061294574812,0.9348012428845656,1.754987242830826,1.06974939774651,-0.7022724606025658,0,1,-0.0,-0.6749364957483537,-0.0,0,0
2026-03-02,D. COSTAS,-0.3291321361122402,0.3992371308387729,1370.0,0.43062064026258595,-1.094673916008627,27.0,0.0026525444620189103,,,0,0,-1.3083558284675194,0,True,False,False,True,False,False,False,False,0.09649122807017543,0.17105263157894737,-0.8244005536764621,-0.764318616016466,-1.213003228909419,-1.3083558284675194,-1.094673916008627,0,1,0.43062064026258595,0.0,0.0,2,2
2026-03-02,J. TOLJAN,-0.43221455282666627,1.0071273024014937,12.0,0.29242599826121835,-0.19044447529031205,27.0,0.0026525444620189103,,,0,0,-0.6765775768685626,0,True,False,False,False,False,False,False,False,0.125,0.17105263157894737,-0.4291554033344632,-1.478025474380375,-2.3301613191324178,-0.6765775768685626,-0.19044447529031205,0,1,0.29242599826121835,0.0,0.0,2,2
2026-03-02,L. COSTA,-0.6302096842315315,-1.2129933241753998,20.0,-2.0568829157620283,0.15077418158452377,27.0,0.0026525444620189103,,,0,0,3.263812396159164,1,True,False,False,True,False,False,False,False,0.2376237623762376,0.17105263157894737,0.5195496061031978,0.30639079443607875,1.9247486658399648,3.263812396159164,0.15077418158452377,1,0,-2.0568829157620283,-0.0,-0.0,0,0
2026-03-02,Á. VALLES,0.8816657609133851,0.7956872427275039,4.0,0.8452045662666884,-0.5487240650088896,27.0,0.0026525444620189103,,,0,0,0.9586440180540289,0,False,False,False,False,False,False,False,False,0.19230769230769232,0.17105263157894737,1.1080542775034135,1.0431376650863091,0.9024807081342064,0.9586440180540289,-0.5487240650088896,0,1,0.0,0.0,0.0,3,3
2026-03-03,S. CAMELLO,-0.6309305402924714,-0.7901132048274201,14.0,-1.2277150637538237,-0.4292975351026971,27.0,-0.3136633826337306,,,0,0,1.9458829954050154,0,False,False,True,False,False,False,True,False,0.15384615384615385,0.17105263157894737,0.7985328367763692,0.5139067466274322,1.2523002243026347,1.9458829954050154,-0.4292975351026971,0,1,-0.0,-0.0,-1.2277150637538237,0,0
2026-03-03,T. DOLAN,0.048596439820342285,1.3242873919124785,8.0,0.5688152822639532,0.0825304502095566,27.0,-0.3136633826337306,,,0,0,11.704634737277953,1,False,True,False,False,False,False,False,False,0.0641025641025641,0.17105263157894737,0.036696266551246796,0.08543433325593802,27.250147267184808,11.704634737277953,0.0825304502095566,1,0,0.0,0.5688152822639532,0.0,2,2
2026-03-03,A. REINA,-0.5203992776149982,0.9278372800237475,1370.0,0.29242599826121835,-0.3781147365714717,27.0,-0.3136633826337306,,,0,0,-0.5619272984557443,0,False,True,False,False,False,False,False,False,0.09649122807017543,0.17105263157894737,-0.5608728253825427,-1.7795869762686463,-1.7829368772626522,-0.5619272984557443,-0.3781147365714717,0,1,0.0,0.29242599826121835,0.0,2,2
2026-03-03,L. SUČIĆ,-0.6217996968538976,-0.605103152612679,16.0,-0.6058391747476699,0.7479068311154864,27.0,-0.3136633826337306,,,0,0,0.9743332975977954,1,False,True,False,False,False,False,False,False,0.12037037037037036,0.17105263157894737,1.027594587408296,1.0263461808310044,0.9731495991778486,0.9743332975977954,0.7479068311154864,1,0,-0.0,-0.6058391747476699,-0.0,1,0
2026-03-03,A. DADIE,-0.6258845478658911,-1.2129933241753998,16.0,-2.0568829157620283,0.457870972771876,27.0,-0.3136633826337306,,,0,0,3.2863668054153092,1,False,True,False,False,False,False,True,False,0.12037037037037036,0.17105263157894737,0.5159839311360618,0.3042880308634611,1.9380495434197123,3.2863668054153092,0.457870972771876,1,0,-0.0,-2.0568829157620283,-0.0,1,0
2026-03-03,H. SOTELO,-0.6266054039268312,0.2406570860832805,5.0,0.637912603264637,0.40668817424065057,27.0,-0.3136633826337306,,,0,0,-1.018046791990192,1,False,True,False,False,False,False,False,False,0.16049382716049382,0.17105263157894737,-2.603716393348164,-0.9822731490911402,-0.38406542401413146,-1.018046791990192,0.40668817424065057,1,0,0.0,0.637912603264637,0.0,1,2
2026-03-03,D. SUÁREZ,-0.6309305402924714,0.3992371308387729,48.0,0.08513403525916731,,27.0,-0.3136633826337306,,,0,0,-0.13493429903393472,0,False,True,False,False,False,False,False,False,0.11224489795918367,0.17105263157894737,-1.5803363746016148,-7.410938849931739,-0.6327760951780828,-0.13493429903393472,,0,0,0.0,0.08513403525916731,0.0,0,2
2026-03-03,D. CARMO,-0.5254452700415786,0.29351710100177797,1370.0,0.016036714258483527,-0.17338354244657025,27.0,-0.3136633826337306,,,0,0,-0.030520295248846346,0,True,False,False,False,False,False,False,False,0.09649122807017543,0.17105263157894737,-1.7901630878921357,-32.76310212121605,-0.5586074827280005,-0.030520295248846346,-0.17338354244657025,0,1,0.016036714258483527,0.0,0.0,2,1
2026-03-03,A. CHRISTENSEN,-0.6309305402924714,-0.4200931003979378,3.0,-0.3294498907449351,,27.0,-0.3136633826337306,,,0,0,0.5221658992099443,0,True,False,False,True,False,False,False,False,0.30337078651685395,0.17105263157894737,1.501886228507544,1.9151090139227347,0.6658320360197447,0.5221658992099443,,0,0,-0.3294498907449351,-0.0,-0.0,0,1
2026-03-03,U. MARRERO,-0.6208385554393109,-1.2129933241753998,16.0,-2.0568829157620283,0.32138351002194165,27.0,-0.3136633826337306,,,0,0,3.3130774672717043,1,False,False,False,False,False,False,False,False,0.12037037037037036,0.17105263157894737,0.5118239770077366,0.30183480669540735,1.9538014631171494,3.3130774672717043,0.32138351002194165,1,0,-0.0,-0.0,-0.0,1,0
2026-03-04,M. RASHFORD,2.764541792088777,1.9321775634751994,3.0,1.6743724182748931,0.7990896296467117,27.0,-0.6299793097294802,,,0,0,0.6056597941136606,1,False,False,True,False,False,False,False,False,0.30337078651685395,0.17105263157894737,1.4307900130702706,1.6510903493302496,0.6989139647266316,0.6056597941136606,0.7990896296467117,1,0,0.0,0.0,1.6743724182748931,3,3
2026-03-04,M. SANNADI,-0.6189162726101374,-0.8429732197459175,1.0,-0.8131311377497211,0.9014552267091624,27.0,-0.6299793097294802,,,0,0,1.313800408124559,1,False,False,True,True,False,False,False,False,0.14035087719298245,0.17105263157894737,0.7342071993744783,0.7611527895435575,1.3620171565501458,1.313800408124559,0.9014552267091624,1,0,-0.0,-0.0,-0.8131311377497211,1,0
2026-03-04,M. JOSEPH,-0.6205982700856641,0.6635372054312603,408.0,-0.12215792774288405,0.23607884580323268,27.0,-0.6299793097294802,,,0,0,0.1968392927768148,1,False,False,True,False,False,False,False,False,0.10833333333333334,0.17105263157894737,-0.9352864160735285,5.080336265429822,-1.0691913055622513,0.1968392927768148,0.23607884580323268,1,0,-0.0,-0.0,-0.12215792774288405,1,1
2026-03-04,C. STUANI,-0.6309305402924714,-0.1822230332646992,222.0,0.016036714258483527,,27.0,-0.6299793097294802,,,0,0,-0.02541759932662149,0,False,False,True,False,False,True,False,False,0.10227272727272728,0.17105263157894737,3.462427287132559,-39.34042782678497,0.28881677212360124,-0.02541759932662149,,0,0,0.0,0.0,0.016036714258483527,0,1
2026-03-04,D. PAREJO,0.4972091950786957,0.5578171755942654,20.0,0.016036714258483527,-2.0671470881019087,27.0,-0.6299793097294802,,,0,0,0.032253389848422805,0,False,True,False,False,False,False,False,False,0.2376237623762376,0.17105263157894737,0.8913463505361751,31.002497429812056,1.1218940824533519,0.032253389848422805,-2.0671470881019087,0,1,0.0,0.016036714258483527,0.0,3,1
2026-03-04,A. WITSEL,-0.4387022573751267,0.6635372054312603,222.0,0.43062064026258595,1.345039480646449,27.0,-0.6299793097294802,Jotabetrbb,-1.36,2,1,-0.9815805927685519,1,False,True,False,False,False,False,False,False,0.10227272727272728,0.17105263157894737,-0.6611559873782947,-1.0187650047211128,-1.512503541479207,-0.9815805927685519,1.345039480646449,1,0,0.0,0.43062064026258595,0.0,2,2
2026-03-04,S. COLOMBATTO,-0.5542795124791802,0.4785271532165191,1370.0,0.1542313562598511,-0.2928100723527628,27.0,-0.6299793097294802,,,0,0,-0.2782560622276411,0,False,True,False,False,False,False,False,False,0.09649122807017543,0.17105263157894737,-1.158300736860483,-3.5937952704640557,-0.8633334008857029,-0.2782560622276411,-0.2928100723527628,0,1,0.0,0.1542313562598511,0.0,2,2
2026-03-04,B. MENDY,-0.6066617195741566,0.5313871681350165,17.0,0.08513403525916731,-0.6681505949150821,27.0,-0.6299793097294802,,,0,0,-0.14033220301279248,0,False,True,False,False,False,False,False,False,0.17708333333333334,0.17105263157894737,-1.141654549259769,-7.125876176915443,-0.8759215010789259,-0.14033220301279248,-0.6681505949150821,0,1,0.0,0.08513403525916731,0.0,1,2
2026-03-04,J. RUEDA,0.5690545158190532,0.980697294942245,5.0,0.9833992082680559,-1.2311613787585611,27.0,-0.6299793097294802,,,0,0,1.7281252547963257,0,True,False,False,False,False,False,False,False,0.16049382716049382,0.17105263157894737,0.5802544154036342,0.5786601538566483,1.7233771884817026,1.7281252547963257,-1.2311613787585611,0,1,0.9833992082680559,0.0,0.0,3,3
2026-03-04,F. CARDOSO,-0.6294888281705914,-0.9486932495829125,17.0,-0.3294498907449351,0.20195698011574914,27.0,-0.6299793097294802,,,0,0,0.5233618125744826,1,True,False,False,False,False,False,False,False,0.17708333333333334,0.17105263157894737,0.6635332252870653,1.910732881046342,1.5070875196109692,0.5233618125744826,0.20195698011574914,1,0,-0.3294498907449351,-0.0,-0.0,0,1
2026-03-04,J. CABELLO,-0.6309305402924714,-0.9222632421236637,12.0,-0.5367418537469861,,27.0,-0.6299793097294802,,,0,0,0.8507159983318835,0,True,False,False,False,False,False,False,False,0.125,0.17105263157894737,0.6841118626299261,1.175484474282044,1.4617531486893809,0.8507159983318835,,0,0,-0.5367418537469861,-0.0,-0.0,0,1
2026-03-04,C. LENGLET,-0.6309305402924714,-0.4465231078571866,2.0,-0.2603525697442513,,27.0,-0.6299793097294802,Dani,-0.16,0,1,0.412649199502631,0,True,False,False,False,False,False,False,False,0.2857142857142857,0.17105263157894737,1.412988358673307,2.4233790520727316,0.707722620897094,0.412649199502631,,0,0,-0.2603525697442513,-0.0,-0.0,0,1
2026-03-04,Y. LAGO,-0.6309305402924714,-0.9486932495829125,5.0,-0.3294498907449351,-0.03689607969663593,27.0,-0.6299793097294802,,,0,0,0.5221658992099443,0,True,False,False,False,False,False,False,False,0.16049382716049382,0.17105263157894737,0.6650529089595247,1.9151090139227347,1.5036437335667303,0.5221658992099443,-0.03689607969663593,0,1,-0.3294498907449351,-0.0,-0.0,0,1
2026-03-04,A. SIVERA,0.6168713011947426,1.7471675112604583,48.0,0.9143018872673718,-0.7022724606025658,27.0,-0.6299793097294802,,,0,0,1.482157466782955,0,False,False,False,False,False,False,False,False,0.11224489795918367,0.17105263157894737,0.35306915000987155,0.6746903130082202,2.8323001500903646,1.482157466782955,-0.7022724606025658,0,1,0.0,0.0,0.0,3,3
2026-03-05,H. DURO,1.1524673544731945,1.3242873919124785,19.0,0.5688152822639532,-2.4766094763517112,27.0,-0.9462952368252298,,,0,0,0.4935626041757691,0,False,False,True,False,False,False,False,False,0.22413793103448276,0.17105263157894737,0.8702540636249574,2.0260801077744186,1.1490878571827028,0.4935626041757691,-2.4766094763517112,0,1,0.0,0.0,0.5688152822639532,3,2
2026-03-05,G. GARCÍA,0.24130529344498042,0.29351710100177797,15.0,-0.19125524874356753,2.6478123125945703,27.0,-0.9462952368252298,Maldinillo 💥,-6.46538,0,1,-0.7925829285806635,1,False,False,True,False,False,False,False,False,0.17857142857142858,0.17105263157894737,0.8221138410932917,-1.2616989950823054,1.2163673678436489,-0.7925829285806635,2.914645302270694,1,0,-0.0,-0.0,-0.19125524874356753,2,1
2026-03-05,J. LLABRÉS,-0.6256442625122445,-0.7901132048274201,408.0,-1.2968123847545072,0.4749319056156177,27.0,-0.9462952368252298,,,0,0,2.0727664828471277,1,False,False,True,False,False,False,False,False,0.10833333333333334,0.17105263157894737,0.7918422961823511,0.4824481569697832,1.26288134496127,2.0727664828471277,0.4749319056156177,1,0,-0.0,-0.0,-1.2968123847545072,1,0
2026-03-05,I. DIABATE,-0.6309305402924714,-1.2129933241753998,48.0,-2.0568829157620283,,27.0,-0.9462952368252298,,,0,0,3.260083391892773,0,False,False,True,False,False,False,False,False,0.11224489795918367,0.17105263157894737,0.520143885264387,0.306741255031515,1.9225495823402232,3.260083391892773,,0,0,-0.0,-0.0,-2.0568829157620283,0,0
2026-03-05,B. MÉNDEZ,1.8370403270125886,1.2185673620754836,16.0,0.8452045662666884,-1.4188316400397207,27.0,-0.9462952368252298,,,0,0,0.46009012091261275,0,False,True,False,False,False,False,False,False,0.12037037037037036,0.17105263157894737,1.5075398181877253,2.17348346997628,0.6633314907820433,0.46009012091261275,-1.4188316400397207,0,1,0.0,0.8452045662666884,0.0,3,3
2026-03-05,L. ILIC,-0.6217996968538976,-0.4465231078571866,1370.0,-0.8131311377497211,0.04840858452207302,27.0,-0.9462952368252298,,,0,0,1.3077080120365394,1,False,True,False,False,False,False,False,False,0.09649122807017543,0.17105263157894737,1.392539553837211,0.7646988692052213,0.7181152197913097,1.3077080120365394,0.04840858452207302,1,0,-0.0,-0.8131311377497211,-0.0,1,0
2026-03-05,P. AGUDÍN,-0.623721979683071,-1.0808432868791562,1370.0,-1.1586177427531397,0.611419368365552,27.0,-0.9462952368252298,,,0,0,1.8575898205987296,1,False,True,False,False,False,False,False,False,0.09649122807017543,0.17105263157894737,0.5770702971698278,0.5383333044203764,1.7328955127152548,1.8575898205987296,0.611419368365552,1,0,-0.0,-1.1586177427531397,-0.0,1,0
2026-03-05,U. LÓPEZ,-0.6270859746341245,0.3463771159202754,14.0,0.08513403525916731,0.2531397786469745,27.0,-0.9462952368252298,Dani,-0.40943,0,1,-0.1357615613559217,1,False,True,False,False,False,False,False,False,0.15384615384615385,0.17105263157894737,-1.8104087579784014,-7.365780406681632,-0.552360732486647,-0.1357615613559217,0.2531397786469745,1,0,0.0,0.08513403525916731,0.0,1,2
2026-03-05,M. VALJENT,-0.06842252740559136,0.7956872427275039,408.0,-0.05306060674220026,-0.9752473861024343,27.0,-0.9462952368252298,Dani,-2.55429,0,1,0.7754957942938904,0,True,False,False,False,False,False,False,False,0.10833333333333334,0.17105263157894737,-0.08599162804146616,1.2895407939609247,-11.629194390981702,0.7754957942938904,-0.9752473861024343,0,1,-0.05306060674220026,-0.0,-0.0,2,1
2026-03-05,M. RYAN,1.9177762058378733,1.9586075709344481,12.0,1.397983134272158,1.2085520178965148,27.0,-0.9462952368252298,Maldinillo 💥,-11.22315,0,1,0.7289601367753152,1,False,False,False,False,False,False,False,False,0.125,0.17105263157894737,0.9791523606592338,1.371815429676774,1.0212904632364406,0.7289601367753152,1.2085520178965148,1,0,0.0,0.0,0.0,3,3
2026-03-06,I. ROMERO,0.5923621951227813,1.3507173993717272,12.0,0.9833992082680559,0.7990896296467117,27.0,-1.1044532003731045,,,0,0,1.6601288134794112,1,False,False,True,False,False,False,False,False,0.125,0.17105263157894737,0.43855343600732216,0.6023612666973472,2.2802183027116647,1.6601288134794112,0.7990896296467117,1,0,0.0,0.0,0.9833992082680559,3,3
2026-03-06,I. ROMERO,0.5923621951227813,1.3507173993717272,12.0,0.9833992082680559,-0.6169677963838568,27.0,-1.1044532003731045,,,0,0,1.6601288134794112,0,False,False,True,False,False,False,False,False,0.125,0.17105263157894737,0.43855343600732216,0.6023612666973472,2.2802183027116647,1.6601288134794112,-0.6169677963838568,0,1,0.0,0.0,0.9833992082680559,3,3
2026-03-06,J. ARANGO,-0.6309305402924714,-1.1601333092569024,222.0,-1.365909705755191,,27.0,-1.1044532003731045,,,0,0,2.1649163948196417,0,False,False,True,False,False,False,False,False,0.10227272727272728,0.17105263157894737,0.5438436075421434,0.4619126722262445,1.8387684125855246,2.1649163948196417,,0,0,-0.0,-0.0,-1.365909705755191,0,0
2026-03-06,A. BOAYAR,-0.6309305402924714,-0.7108231824496739,23.0,-0.19125524874356753,-0.599906863540115,27.0,-1.1044532003731045,,,0,0,0.3031324997953178,0,False,False,True,False,False,False,False,False,0.1746031746031746,0.17105263157894737,0.8876067121570749,3.298909929778444,1.1266284696705868,0.3031324997953178,-0.599906863540115,0,1,-0.0,-0.0,-0.19125524874356753,0,1
2026-03-06,F. VALVERDE,3.4300673446445993,1.588587466504966,15.0,0.8452045662666884,1.3791613463339325,27.0,-1.1044532003731045,Maldinillo 💥,-25.3641064,1,1,0.24321967539980752,1,False,True,False,False,False,False,False,False,0.17857142857142858,0.17105263157894737,2.187517822326548,4.111503427706394,0.4571387133580947,0.24321967539980752,1.3791613463339325,1,0,0.0,0.8452045662666884,0.0,3,3
2026-03-06,C. ECHEVERRI,0.5618459552096527,-0.7108231824496739,222.0,0.1542313562598511,-0.9581864532586926,27.0,-1.1044532003731045,,,0,0,0.27450777267681337,0,False,True,False,False,False,False,False,False,0.10227272727272728,0.17105263157894737,-0.7904170256383795,3.642853995325424,-1.265154462187004,0.27450777267681337,-0.9581864532586926,0,1,0.0,0.1542313562598511,0.0,3,2
2026-03-06,I. CHAIRA,0.015196775663453682,1.08641732477924,1370.0,0.43062064026258595,1.0550036223028385,27.0,-1.1044532003731045,,,0,0,28.334451685459857,1,False,True,False,False,False,False,False,False,0.09649122807017543,0.17105263157894737,0.01398795962553528,0.035290320417215776,71.48528500731616,28.334451685459857,1.0550036223028385,1,0,0.0,0.43062064026258595,0.0,2,2
2026-03-06,A. SÁNCHEZ,-0.6213191261466041,-0.050072995968455554,408.0,-0.6058391747476699,0.7820286968029699,27.0,-1.1044532003731045,,,0,0,0.9750869148226301,1,False,True,False,False,False,False,False,False,0.10833333333333334,0.17105263157894737,12.408515261465189,1.025552948038281,0.08059155827145545,0.9750869148226301,0.7820286968029699,1,0,-0.0,-0.6058391747476699,-0.0,1,0
2026-03-06,A. SÁNCHEZ,-0.6213191261466041,-0.050072995968455554,408.0,-0.6058391747476699,0.40668817424065057,27.0,-1.1044532003731045,,,0,0,0.9750869148226301,1,False,True,False,False,False,False,False,False,0.10833333333333334,0.17105263157894737,12.408515261465189,1.025552948038281,0.08059155827145545,0.9750869148226301,0.40668817424065057,1,0,-0.0,-0.6058391747476699,-0.0,1,0
2026-03-06,J. LUIS GAYÀ,0.20814591464173848,0.4785271532165191,19.0,-0.05306060674220026,1.908050264489928,27.0,-1.1044532003731045,Maldinillo 💥,-3.70556,0,1,-0.2549190163761396,1,True,False,False,False,False,False,False,False,0.22413793103448276,0.17105263157894737,0.43497109468407585,-3.9228695314884865,2.2989874917923134,-0.2549190163761396,1.908050264489928,1,0,-0.05306060674220026,-0.0,-0.0,2,1
2026-03-06,P. MAFFEO,-0.012916610713207988,0.6106771905127628,408.0,0.22332867726053457,1.003820823771613,27.0,-1.1044532003731045,Maldinillo 💥,-2.78765,0,1,-17.2913757018203,1,True,False,False,False,False,False,False,False,0.10833333333333334,0.17105263157894737,-0.02115125595424066,-0.05783651716891874,-47.28209947426345,-17.2913757018203,1.003820823771613,1,0,0.22332867726053457,0.0,0.0,2,2
2026-03-06,P. CUÉLLAR,-0.6266054039268312,-1.2129933241753998,408.0,-2.0568829157620283,0.28726164433445806,27.0,-1.1044532003731045,,,0,0,3.2825861147350177,1,False,False,False,False,False,False,False,False,0.10833333333333334,0.17105263157894737,0.5165782102972512,0.30463849145889743,1.9358199791986166,3.2825861147350177,0.28726164433445806,1,0,-0.0,-0.0,-0.0,1,0
2026-03-07,F. JUTGLÀ,-0.4336562649485464,0.689967212890509,5.0,0.5688152822639532,1.174430152209031,28.0,0.635284398653518,,,0,0,-1.3116761820738958,1,False,False,True,False,False,False,False,False,0.16049382716049382,0.16901408450704225,-0.6285162951664315,-0.7623837053724014,-1.5910500082879755,-1.3116761820738958,1.174430152209031,1,0,0.0,0.0,0.5688152822639532,2,2
2026-03-07,J. GUERRA,-0.44879424222828723,0.6635372054312603,19.0,-0.12215792774288405,1.003820823771613,28.0,0.635284398653518,Dani,-0.99071,0,1,0.27219199455045734,1,False,True,False,False,False,False,False,False,0.22413793103448276,0.16901408450704225,-0.6763653374512139,3.673915597917701,-1.478491971351341,0.27219199455045734,1.003820823771613,1,0,-0.0,-0.12215792774288405,-0.0,2,1
2026-03-07,M. VECINO,-0.6275665453414179,-1.0808432868791562,5.0,-0.8822284587504049,-1.009369251789918,28.0,0.635284398653518,,,0,0,1.4057949250073016,0,False,True,False,False,False,False,False,False,0.16049382716049382,0.16901408450704225,0.5806273060924225,0.7113432472735647,1.7222795210835535,1.4057949250073016,-1.009369251789918,0,1,-0.0,-0.8822284587504049,-0.0,1,0
2026-03-07,J. OCHIENG,-0.6309305402924714,-1.1865633167161511,16.0,-1.365909705755191,,28.0,0.635284398653518,,,0,0,2.1649163948196417,0,False,True,False,False,False,False,True,False,0.12037037037037036,0.16901408450704225,0.5317297974189773,0.4619126722262445,1.8806589974628738,2.1649163948196417,,0,0,-0.0,-1.365909705755191,-0.0,0,0
2026-03-07,L. CABRERA,2.257779981247927,2.0643276007714433,8.0,1.397983134272158,0.3555053757094252,28.0,0.635284398653518,Maldinillo 💥,-13.74161,1,1,0.6191845647931097,1,True,False,False,False,False,False,False,False,0.0641025641025641,0.16901408450704225,1.093711524611048,1.6150254683851692,0.9143170298256486,0.6191845647931097,0.3555053757094252,1,0,1.397983134272158,0.0,0.0,3,3
2026-03-07,G. MARTÍN,1.1793793140816227,1.1392773396977374,3.0,0.8452045662666884,2.010415861552379,28.0,0.635284398653518,Maldinillo 💥,-8.95998,1,1,0.7166514110631437,1,True,False,False,False,False,False,False,False,0.30337078651685395,0.16901408450704225,1.0351985752617088,1.3953757063988528,0.9659965713306711,0.7166514110631437,2.010415861552379,1,0,0.8452045662666884,0.0,0.0,3,3
2026-03-07,D. VIVIAN,-0.028775444053888998,0.3463771159202754,1.0,-0.12215792774288405,0.611419368365552,28.0,0.635284398653518,Dani,-2.7116,0,1,4.245361874380813,1,True,False,False,False,False,False,False,False,0.14035087719298245,0.16901408450704225,-0.08307523694860716,0.2355612946852721,-12.037664924874925,4.245361874380813,0.611419368365552,1,0,-0.12215792774288405,-0.0,-0.0,2,1
2026-03-07,D. CARMO,-0.516794997310298,0.37280712337952415,1370.0,0.016036714258483527,0.18489604727200734,28.0,0.635284398653518,,,0,0,-0.031031154274136476,1,True,False,False,False,False,False,False,False,0.09649122807017543,0.16901408450704225,-1.3862224691498826,-32.22373144832201,-0.7213843916915313,-0.031031154274136476,0.18489604727200734,1,0,0.016036714258483527,0.0,0.0,2,1
2026-03-07,D. DUARTE,-0.5319329745900389,0.5049571606757678,9.0,-0.12215792774288405,0.2702007114907163,28.0,0.635284398653518,,,0,0,0.22964952959827512,1,True,False,False,False,False,False,False,False,0.17117117117117117,0.16901408450704225,-1.0534198989440464,4.354505179678811,-0.9492889782851265,0.22964952959827512,0.2702007114907163,1,0,-0.12215792774288405,-0.0,-0.0,2,1
2026-03-07,N. PÉREZ,-0.6203579847320174,-1.1601333092569024,12.0,-1.365909705755191,0.3896272413969088,28.0,0.635284398653518,,,0,0,2.2018124070050384,1,True,False,False,False,False,False,False,False,0.125,0.16901408450704225,0.5347303749598822,0.4541723631441609,1.8701059838280991,2.2018124070050384,0.3896272413969088,1,0,-1.365909705755191,-0.0,-0.0,1,0
2026-03-08,P. GARCÍA,-0.6217996968538976,-0.3408030780201916,4.0,-0.3985472117456189,0.4749319056156177,28.0,0.3189684715577685,,,0,0,0.6409585831590517,1,False,False,True,False,False,False,False,False,0.19230769230769232,0.16901408450704225,1.824518501958951,1.5601696328524512,0.5480923002002837,0.6409585831590517,0.4749319056156177,1,0,-0.0,-0.0,-0.3985472117456189,1,1
2026-03-08,R. NTEKA,-0.625163691804951,-0.8429732197459175,14.0,-0.8131311377497211,0.40668817424065057,28.0,0.3189684715577685,,,0,0,1.3006712467151123,1,False,False,True,False,False,False,False,False,0.15384615384615385,0.16901408450704225,0.7416183797769554,0.768835962143829,1.3484061521843387,1.3006712467151123,0.40668817424065057,1,0,-0.0,-0.0,-0.8131311377497211,1,0
2026-03-08,A. GONZÁLEZ,-0.6309305402924714,-0.4465231078571866,20.0,-0.3985472117456189,,28.0,0.3189684715577685,,,0,0,0.6316825989172575,0,False,False,True,False,False,False,False,False,0.2376237623762376,0.16901408450704225,1.412988358673307,1.5830800085365684,0.707722620897094,0.6316825989172575,,0,0,-0.0,-0.0,-0.3985472117456189,0,1
2026-03-08,J. CARDOSO,0.3948476344252096,-0.2615130556424454,2.0,0.016036714258483527,1.3791613463339325,28.0,0.3189684715577685,,,0,0,0.04061484037251021,1,False,True,False,False,False,False,False,False,0.2857142857142857,0.16901408450704225,-1.5098639848752071,24.619944467232642,-0.6623121693788713,0.04061484037251021,1.3791613463339325,1,0,0.0,0.016036714258483527,0.0,2,1
2026-03-08,C. ALEÑÁ,-0.5026181614451438,0.7428272278090065,48.0,-0.12215792774288405,-0.8558208561962418,28.0,0.3189684715577685,,,0,0,0.24304368635494056,0,False,True,False,False,False,False,False,False,0.11224489795918367,0.16901408450704225,-0.676627708302942,4.114528506341079,-1.4779185527075949,0.24304368635494056,-0.8558208561962418,0,1,-0.0,-0.12215792774288405,-0.0,2,1
2026-03-08,A. CASTRÍN,-0.6268456892804779,-0.3408030780201916,17.0,0.4997179612632697,0.3896272413969088,28.0,0.3189684715577685,,,0,0,-0.7971958123101749,1,True,False,False,False,False,False,False,False,0.17708333333333334,0.16901408450704225,1.8393247274840234,-1.2543964465463486,0.5436802510225963,-0.7971958123101749,0.3896272413969088,1,0,0.4997179612632697,0.0,0.0,1,2
2026-03-08,J. DONALD,-0.6309305402924714,-0.3408030780201916,23.0,-0.3985472117456189,,28.0,0.3189684715577685,,,0,0,0.6316825989172575,0,True,False,False,False,False,False,False,False,0.1746031746031746,0.16901408450704225,1.8513107195757488,1.5830800085365684,0.5401602813876969,0.6316825989172575,,0,0,-0.3985472117456189,-0.0,-0.0,0,1
2026-03-08,A. MUÑOZ,-0.6309305402924714,-0.28794306310169415,16.0,-0.5367418537469861,,28.0,0.3189684715577685,,,0,0,0.8507159983318835,0,True,False,False,False,False,False,True,False,0.12037037037037036,0.16901408450704225,2.1911718402519123,1.175484474282044,0.4563791116329984,0.8507159983318835,,0,0,-0.5367418537469861,-0.0,-0.0,0,1
2026-03-08,M. DMITROVIĆ,1.302885985856017,1.9850375783936969,8.0,1.190691171270107,0.8332114953341953,28.0,0.3189684715577685,,,0,0,0.9138867639297237,1,False,False,False,False,False,False,False,False,0.0641025641025641,0.16901408450704225,0.6563529797543375,1.0942257094595937,1.5235685058973067,0.9138867639297237,0.8332114953341953,1,0,0.0,0.0,0.0,3,3
2026-03-08,L. ROMÁN,0.8213541371480682,1.4564374292087223,408.0,1.121593850269423,-1.5382581699459135,28.0,0.3189684715577685,,,0,0,1.365540677281026,0,False,False,False,False,False,False,False,False,0.10833333333333334,0.16901408450704225,0.5639470372903487,0.7323091194211238,1.773212783773173,1.365540677281026,-1.5382581699459135,0,1,0.0,0.0,0.0,3,3
2026-03-09,A. SØRLOTH,2.014611203357486,1.5092974441272198,2.0,0.7070099242653208,1.4985878762401252,28.0,0.0026525444620189103,Maldinillo 💥,-11.47628,1,1,0.35094095185517166,1,False,False,True,False,False,False,False,False,0.2857142857142857,0.16901408450704225,1.3347997615690068,2.849476767916899,0.7491751720811949,0.35094095185517166,1.4985878762401252,1,0,0.0,0.0,0.7070099242653208,3,3
2026-03-09,T. MARTÍNEZ,0.7216357153846955,1.773597518719707,48.0,0.9143018872673718,-0.3781147365714717,28.0,0.0026525444620189103,,,0,0,1.2669836051509227,0,False,False,True,False,False,False,False,False,0.11224489795918367,0.16901408450704225,0.40687658890559786,0.7892742388044826,2.457742907072327,1.2669836051509227,-0.3781147365714717,0,1,0.0,0.0,0.9143018872673718,3,3
2026-03-09,U. IZETA,-0.6309305402924714,-0.7372531899089226,1.0,-0.8131311377497211,,28.0,0.0026525444620189103,,,0,0,1.2887827971611363,0,False,False,True,False,False,False,False,False,0.14035087719298245,0.16901408450704225,0.855786593689758,0.7759281214671566,1.168519054547936,1.2887827971611363,,0,0,-0.0,-0.0,-0.8131311377497211,0,0
2026-03-09,P. BARRIOS,2.722011284493315,1.8000275261789558,2.0,1.6743724182748931,-0.5657849978526314,28.0,0.0026525444620189103,Maldinillo 💥,-20.7426,0,1,0.6151230204997281,0,False,True,False,True,False,False,False,False,0.2857142857142857,0.16901408450704225,1.5122045261535468,1.6256894995966928,0.6612855997870778,0.6151230204997281,-0.5657849978526314,0,1,0.0,1.6743724182748931,0.0,3,3
2026-03-09,R. GARCÍA,0.9222739856796741,1.2185673620754836,50.0,0.4997179612632697,-1.401770707195979,28.0,0.0026525444620189103,,,0,0,0.5418318495269615,0,False,True,False,False,False,False,False,False,0.18181818181818182,0.16901408450704225,0.7568504274219328,1.8455853333005456,1.3212625095512653,0.5418318495269615,-1.401770707195979,0,1,0.0,0.4997179612632697,0.0,3,2
2026-03-09,K. ARRIAGA,-0.6306902549388248,0.18779707116478303,12.0,-0.05306060674220026,0.11665231589704018,28.0,0.0026525444620189103,,,0,0,0.08413114117085602,1,False,True,False,False,False,False,False,False,0.125,0.16901408450704225,-3.3583425592557177,11.886447971677363,-0.2977648179260623,0.08413114117085602,0.11665231589704018,1,0,-0.0,-0.05306060674220026,-0.0,0,1
2026-03-09,Ó. TREJO,-0.6309305402924714,-0.8694032272051663,14.0,-0.5367418537469861,-0.4292975351026971,28.0,0.0026525444620189103,,,0,0,0.8507159983318835,0,False,True,False,False,False,False,False,False,0.15384615384615385,0.16901408450704225,0.725706146763276,1.175484474282044,1.3779719789346825,0.8507159983318835,-0.4292975351026971,0,1,-0.0,-0.5367418537469861,-0.0,0,1
2026-03-09,L. ASTIAZARAN,-0.6309305402924714,-1.2129933241753998,16.0,-2.0568829157620283,,28.0,0.0026525444620189103,,,0,0,3.260083391892773,0,False,True,False,False,False,False,True,False,0.12037037037037036,0.16901408450704225,0.520143885264387,0.306741255031515,1.9225495823402232,3.260083391892773,,0,0,-0.0,-2.0568829157620283,-0.0,0,0
2026-03-09,A. REMIRO,0.5988498996712416,1.4300074217494736,16.0,0.4997179612632697,0.372566308553167,28.0,0.0026525444620189103,,,0,0,0.8344614018908645,1,False,False,False,False,False,False,False,False,0.12037037037037036,0.16901408450704225,0.418773687317595,1.1983733780230648,2.387918967032565,0.8344614018908645,0.372566308553167,1,0,0.0,0.0,0.0,3,2
2026-03-09,J. CARLOS MARTÍN,-0.6309305402924714,-1.2129933241753998,222.0,-2.0568829157620283,,28.0,0.0026525444620189103,,,0,0,3.260083391892773,0,False,False,False,True,False,False,False,False,0.10227272727272728,0.16901408450704225,0.520143885264387,0.306741255031515,1.9225495823402232,3.260083391892773,,0,0,-0.0,-0.0,-0.0,0,0
2026-03-10,J. PÉREZ,-0.6309305402924714,-1.1337033017976537,9.0,-1.0204231007517723,-0.24162727382153742,28.0,-0.3136633826337306,,,0,0,1.6173328962830757,0,False,False,True,False,False,False,True,False,0.17117117117117117,0.16901408450704225,0.5565222362978686,0.6183034842421071,1.7968778277081754,1.6173328962830757,-0.24162727382153742,0,1,-0.0,-0.0,-1.0204231007517723,0,0
2026-03-10,T. ASANO,-0.6309305402924714,-0.28794306310169415,408.0,-0.4676445327463027,-0.41223660225895525,28.0,-0.3136633826337306,,,0,0,0.7411992986245708,0,False,False,True,True,False,False,False,False,0.10833333333333334,0.16901408450704225,2.1911718402519123,1.3491698187019558,0.4563791116329984,0.7411992986245708,-0.41223660225895525,0,1,-0.0,-0.0,-0.4676445327463027,0,1
2026-03-10,J. DE FRUTOS,2.870507633046963,2.6986477797934127,14.0,2.019859023278312,1.993354928708637,28.0,-0.3136633826337306,Maldinillo 💥,-15.2973,1,1,0.7036589265137618,1,False,True,False,False,False,False,False,False,0.15384615384615385,0.16901408450704225,1.0636832975600132,1.4211418612998818,0.9401287802186036,0.7036589265137618,1.993354928708637,1,0,0.0,2.019859023278312,0.0,3,3
2026-03-10,T. KUBO,0.8725349174748113,0.9278372800237475,16.0,1.0524965292687394,-1.31646604297727,28.0,-0.3136633826337306,,,0,0,1.2062500903283713,0,False,True,False,True,False,False,False,False,0.12037037037037036,0.16901408450704225,0.94039547220716,0.8290137441757573,1.0633800413729475,1.2062500903283713,-1.31646604297727,0,1,0.0,1.0524965292687394,0.0,3,3
2026-03-10,G. VILLAR,-0.6309305402924714,-1.107273294338405,23.0,-0.6749364957483537,,28.0,-0.3136633826337306,,,0,0,1.06974939774651,0,False,True,False,False,False,False,False,False,0.1746031746031746,0.16901408450704225,0.5698061294574812,0.9348012428845656,1.754987242830826,1.06974939774651,,0,0,-0.0,-0.6749364957483537,-0.0,0,0
2026-03-10,J. KOUNDÉ,2.8044291607941263,1.6150174739642147,3.0,0.9143018872673718,-2.578975073414162,28.0,-0.3136633826337306,,,0,0,0.3260205584896685,0,True,False,False,True,False,False,False,False,0.30337078651685395,0.16901408450704225,1.7364687810105301,3.0672867819283396,0.5758807962280981,0.3260205584896685,-2.578975073414162,0,1,0.9143018872673718,0.0,0.0,3,3
2026-03-10,D. DJENÉ,-0.3072661689303922,0.4785271532165191,9.0,-0.2603525697442513,-0.8216989905087583,28.0,-0.3136633826337306,,,0,0,0.8473221050422135,0,True,False,False,False,False,False,False,False,0.17117117117117117,0.16901408450704225,-0.642106774418691,1.180197105138356,-1.557375197723516,0.8473221050422135,-0.8216989905087583,0,1,-0.2603525697442513,-0.0,-0.0,2,1
2026-03-10,Á. MORENO,-0.577827477136555,0.5842471830535141,222.0,0.1542313562598511,-0.7705161919775328,28.0,-0.3136633826337306,,,0,0,-0.2669163881588665,0,True,False,False,True,False,False,False,False,0.10227272727272728,0.16901408450704225,-0.9890103108521417,-3.746473769505471,-1.011111823654702,-0.2669163881588665,-0.7705161919775328,0,1,0.1542313562598511,0.0,0.0,2,2
2026-03-10,Y. ÁLVAREZ,-0.6309305402924714,-1.2129933241753998,1.0,-2.0568829157620283,-0.6852115277588239,28.0,-0.3136633826337306,,,0,0,3.260083391892773,0,True,False,False,False,False,False,True,False,0.14035087719298245,0.16901408450704225,0.520143885264387,0.306741255031515,1.9225495823402232,3.260083391892773,-0.6852115277588239,0,1,-2.0568829157620283,-0.0,-0.0,0,0
2026-03-10,A. PADILLA,-0.6309305402924714,-1.2129933241753998,1.0,-2.0568829157620283,-0.7534552591337911,28.0,-0.3136633826337306,,,0,0,3.260083391892773,0,False,False,False,False,False,False,False,False,0.14035087719298245,0.16901408450704225,0.520143885264387,0.306741255031515,1.9225495823402232,3.260083391892773,-0.7534552591337911,0,1,-0.0,-0.0,-0.0,0,0
2026-03-11,WESLEY,-0.6254039771585979,-1.1865633167161511,16.0,-1.7113963107586097,0.49199283845935954,28.0,-0.6299793097294802,,,0,0,2.736469721545012,1,False,False,True,False,False,False,False,False,0.12037037037037036,0.16901408450704225,0.5270721717249737,0.365435135428398,1.8972780112225895,2.736469721545012,0.49199283845935954,1,0,-0.0,-0.0,-1.7113963107586097,1,0
2026-03-11,K. TUNDE,-0.6309305402924714,-0.605103152612679,12.0,-0.6058391747476699,-0.6169677963838568,28.0,-0.6299793097294802,,,0,0,0.9602326980391968,0,False,False,True,False,False,True,False,False,0.125,0.16901408450704225,1.0426843427481987,1.0414176038927432,0.9590661301611898,0.9602326980391968,-0.6169677963838568,0,1,-0.0,-0.0,-0.6058391747476699,0,0
2026-03-11,C. ÁLVAREZ,1.4004418394365696,1.879317548556702,12.0,1.0524965292687394,-2.6874826063003603,28.0,-0.6299793097294802,,,0,0,0.7515455109129502,0,False,True,False,True,False,False,False,False,0.125,0.16901408450704225,0.7451859827127738,1.330589194265926,1.3419452016426423,0.7515455109129502,-3.244351454320092,0,1,0.0,1.0524965292687394,0.0,3,3
2026-03-11,F. UGRINIC,-0.33321698712423375,0.3463771159202754,19.0,0.3615233192619022,0.49199283845935954,28.0,-0.6299793097294802,Jotabetrbb,-1.399,0,1,-1.0849519027642407,1,False,True,False,False,False,False,False,False,0.22413793103448276,0.16901408450704225,-0.9620035787738077,-0.9217000610208979,-1.0394972909602165,-1.0849519027642407,0.49199283845935954,1,0,0.0,0.3615233192619022,0.0,2,2
2026-03-11,R. TERRATS,-0.6057005781595699,0.21422707862403179,8.0,-0.12215792774288405,0.9526380252403879,28.0,-0.6299793097294802,,,0,0,0.20168072118204758,1,False,True,False,False,False,False,False,False,0.0641025641025641,0.16901408450704225,-2.8273631638295584,4.958380906848351,-0.35368536870203043,0.20168072118204758,0.9526380252403879,1,0,-0.0,-0.12215792774288405,-0.0,1,1
2026-03-11,I. BENITO,-0.6246831210976578,-0.5522431376941814,50.0,1.397983134272158,0.5431756369905849,28.0,-0.6299793097294802,,,0,0,-2.237911230460218,1,False,True,False,True,False,False,False,False,0.18181818181818182,0.16901408450704225,1.1311761244912326,-0.4468456442267786,0.8840386478867197,-2.237911230460218,0.5431756369905849,1,0,0.0,1.397983134272158,0.0,1,3
2026-03-11,A. JANUZAJ,-0.625163691804951,-0.4200931003979378,17.0,-0.3294498907449351,0.014286718834589441,28.0,-0.6299793097294802,,,0,0,0.5269826479788121,1,False,True,False,False,False,False,False,False,0.17708333333333334,0.16901408450704225,1.4881586471460815,1.897604482417163,0.6719740411652806,0.5269826479788121,0.014286718834589441,1,0,-0.0,-0.3294498907449351,-0.0,1,1
2026-03-11,N. FONSECA,-0.6292485428169448,-0.6315331600719277,1370.0,-0.5367418537469861,-0.4804803336339225,28.0,-0.6299793097294802,,,0,0,0.8529899876035438,0,False,True,False,False,False,False,False,False,0.09649122807017543,0.16901408450704225,0.9963840048070982,1.1723507506912558,1.0036323022331577,0.8529899876035438,-0.4804803336339225,0,1,-0.0,-0.5367418537469861,-0.0,0,1
2026-03-11,J. LUIS GAYÀ,0.20694448787350497,0.5313871681350165,19.0,-0.05306060674220026,-0.0539570125403777,28.0,-0.6299793097294802,Dani,-3.6472,0,1,-0.25639895456253414,0,True,False,False,False,False,False,False,False,0.22413793103448276,0.16901408450704225,0.3894412790555848,-3.900226567433535,2.5677639729928585,-0.25639895456253414,-0.0539570125403777,0,1,-0.05306060674220026,-0.0,-0.0,2,1
2026-03-11,R. MARÍN,0.16513483633898252,0.8221172501867526,20.0,1.0524965292687394,1.430344144865158,28.0,-0.6299793097294802,Dani,-3.71284,0,1,6.373519840407188,1,True,False,False,False,False,False,False,False,0.2376237623762376,0.16901408450704225,0.20086506570249527,0.1568980750517447,4.978430293586619,6.373519840407188,1.430344144865158,1,0,1.0524965292687394,0.0,0.0,2,3
2026-03-12,I. ROMERO,0.5628070966242396,1.5092974441272198,12.0,1.0524965292687394,0.5602365698343267,28.0,-0.9462952368252298,,,0,0,1.8700806466390296,1,False,False,True,False,False,False,False,False,0.125,0.16901408450704225,0.37289318014880307,0.5347348387746527,2.681726601269751,1.8700806466390296,0.5602365698343267,1,0,0.0,0.0,1.0524965292687394,3,3
2026-03-12,I. ROMERO,0.5628070966242396,1.5092974441272198,12.0,1.0524965292687394,-0.4292975351026971,28.0,-0.9462952368252298,,,0,0,1.8700806466390296,0,False,False,True,False,False,False,False,False,0.125,0.16901408450704225,0.37289318014880307,0.5347348387746527,2.681726601269751,1.8700806466390296,-0.4292975351026971,0,1,0.0,0.0,1.0524965292687394,3,3
2026-03-12,M. SATRIANO,-0.13546214107301532,-0.07650300342770429,9.0,1.6743724182748931,1.754501868896252,28.0,-0.9462952368252298,De la Guettir FC,-5.555555,2,1,-12.360536793148558,1,False,False,True,False,False,False,False,False,0.17117117117117117,0.16901408450704225,1.7707005699665026,-0.08090318419685734,0.5647597740703231,-12.360536793148558,1.754501868896252,1,0,0.0,0.0,1.6743724182748931,2,3
2026-03-12,C. STUANI,-0.6249234064513044,-0.1822230332646992,222.0,0.016036714258483527,0.5261147041468431,28.0,-0.9462952368252298,,,0,0,-0.025661928733760567,1,False,False,True,False,False,True,False,False,0.10227272727272728,0.16901408450704225,3.4294612745514077,-38.965864859497444,0.2915930544073051,-0.025661928733760567,0.5261147041468431,1,0,0.0,0.0,0.016036714258483527,1,1
2026-03-12,P. TORRE,-0.5946474518918227,0.4520971457572704,408.0,-0.2603525697442513,0.6967240325842611,28.0,-0.9462952368252298,,,0,0,0.4378275005525709,1,False,True,False,False,False,False,False,False,0.10833333333333334,0.16901408450704225,-1.3153061065883833,2.284017156016985,-0.7602788923047595,0.4378275005525709,0.6967240325842611,1,0,-0.0,-0.2603525697442513,-0.0,1,1
2026-03-12,F. PÉREZ,-0.6193968433174307,0.4520971457572704,14.0,-0.19125524874356753,0.5431756369905849,28.0,-0.9462952368252298,,,0,0,0.30877709433634704,1,False,True,False,False,False,False,False,False,0.15384615384615385,0.16901408450704225,-1.370049510554689,3.2386043572183016,-0.7299001932849227,0.30877709433634704,0.5431756369905849,1,0,-0.0,-0.19125524874356753,-0.0,1,1
2026-03-12,A. ZAKHARYAN,-0.6309305402924714,-0.4729531153164353,16.0,-0.7440338167490376,,28.0,-0.9462952368252298,,,0,0,1.1792660974538234,0,False,True,False,False,False,False,False,False,0.12037037037037036,0.16901408450704225,1.3340262573312276,0.8479875162620474,0.7496132057744433,1.1792660974538234,,0,0,-0.0,-0.7440338167490376,-0.0,0,0
2026-03-12,R. VEIGA,0.23770101314028017,0.5049571606757678,20.0,-0.19125524874356753,-0.7705161919775328,28.0,-0.9462952368252298,,,0,0,-0.8046008791296941,0,True,False,False,False,False,False,False,False,0.2376237623762376,0.16901408450704225,0.4707340759126919,-1.2428535036572608,2.1243284985464834,-0.8046008791296941,-0.7705161919775328,0,1,-0.19125524874356753,-0.0,-0.0,2,1
2026-03-12,MARCÃO,-0.621559411500251,-0.36723308547944034,17.0,-0.3294498907449351,0.3043225771781998,28.0,-0.9462952368252298,,,0,0,0.5300385042650204,1,True,False,False,True,False,False,False,False,0.17708333333333334,0.16901408450704225,1.6925520292944263,1.886664150226181,0.5908263466229224,0.5300385042650204,0.3043225771781998,1,0,-0.3294498907449351,-0.0,-0.0,1,1
2026-03-12,A. FREEMAN,-0.6232414089757776,-1.0808432868791562,20.0,-0.8822284587504049,0.6455412340530357,28.0,-0.9462952368252298,,,0,0,1.4155507987683977,1,True,False,False,False,False,False,False,False,0.2376237623762376,0.16901408450704225,0.5766256710545035,0.7064407288552802,1.734231720718166,1.4155507987683977,0.6455412340530357,1,0,-0.8822284587504049,-0.0,-0.0,1,0
2026-03-12,T. STEGEN,-0.6213191261466041,-1.00155326450141,222.0,0.7070099242653208,0.6455412340530357,28.0,-0.9462952368252298,,,0,0,-1.1379193596848278,1,False,False,False,True,False,False,False,False,0.10227272727272728,0.16901408450704225,0.6203561692867895,-0.8787970663851311,1.6119814026882051,-1.1379193596848278,0.6455412340530357,1,0,0.0,0.0,0.0,1,3
2026-03-13,U. SADIQ,-0.17078408805907738,0.0027870189500419124,19.0,0.22332867726053457,1.5497706747713504,28.0,-1.1044532003731045,Chamacónicos,-2.675,3,1,-1.3076744295856777,1,False,False,True,False,False,False,False,False,0.22413793103448276,0.16901408450704225,-61.256430146039705,-0.76471739069341,-0.016319057008020756,-1.3076744295856777,1.5497706747713504,1,0,0.0,0.0,0.22332867726053457,2,2
2026-03-13,C. BAKAMBU,-0.3918466134140239,-0.2350830481831967,4.0,-0.12215792774288405,-0.03689607969663593,28.0,-1.1044532003731045,,,0,0,0.31175014740770374,0,False,False,True,False,False,False,False,False,0.19230769230769232,0.16901408450704225,1.6668504313381785,3.207731404630467,0.5999379350836526,0.31175014740770374,-0.03689607969663593,0,1,-0.0,-0.0,-0.12215792774288405,2,1
2026-03-13,C. ÁLVAREZ,1.308652834343537,1.879317548556702,12.0,1.0524965292687394,-2.6874826063003603,28.0,-1.1044532003731045,,,0,0,0.8042589274930032,0,False,True,False,True,False,False,False,False,0.125,0.16901408450704225,0.6963443399995012,1.2433785333945353,1.4360692638778905,0.8042589274930032,-3.056681193038932,0,1,0.0,1.0524965292687394,0.0,3,3
2026-03-13,R. NAVARRO,-0.05280397941855711,1.2185673620754836,1.0,0.8452045662666884,-0.15632260960282846,28.0,-1.1044532003731045,,,0,0,-16.006759004391505,0,False,True,False,False,False,False,False,False,0.14035087719298245,0.16901408450704225,-0.043332800244887865,-0.06247471801658229,-23.07762507899752,-16.006759004391505,-0.15632260960282846,0,1,0.0,0.8452045662666884,0.0,2,3
2026-03-13,K. BARJA,-0.6232414089757776,-0.2350830481831967,50.0,-0.5367418537469861,0.03134765167833123,28.0,-1.1044532003731045,,,0,0,0.8612115742447739,1,False,True,False,False,False,False,False,False,0.18181818181818182,0.16901408450704225,2.6511654709171704,1.1611588807241549,0.37719481085882745,0.8612115742447739,0.03134765167833123,1,0,-0.0,-0.5367418537469861,-0.0,1,1
2026-03-13,D. SUÁREZ,-0.6249234064513044,0.5049571606757678,48.0,0.08513403525916731,0.014286718834589441,28.0,-1.1044532003731045,,,0,0,-0.1362313694953122,1,False,True,False,False,False,False,False,False,0.11224489795918367,0.16901408450704225,-1.2375746252223971,-7.340378782353448,-0.8080317739657098,-0.1362313694953122,0.014286718834589441,1,0,0.0,0.08513403525916731,0.0,1,2
2026-03-13,K. ARRIAGA,-0.6261248332195378,0.18779707116478303,12.0,-0.05306060674220026,,28.0,-1.1044532003731045,,,0,0,0.08474458873312944,0,False,True,False,False,False,False,False,False,0.125,0.16901408450704225,-3.334032289768013,11.800404708268553,-0.2999359890185425,0.08474458873312944,,0,0,-0.0,-0.05306060674220026,-0.0,1,1
2026-03-13,C. STARFELT,0.13221574288938723,0.3199471084610267,5.0,0.1542313562598511,1.3621004134901906,28.0,-1.1044532003731045,,,0,0,1.1665039758911724,1,True,False,False,False,False,False,False,False,0.16049382716049382,0.16901408450704225,0.4132412081613935,0.8572503597534993,2.4198683273320007,1.1665039758911724,1.3621004134901906,1,0,0.1542313562598511,0.0,0.0,2,2
2026-03-13,D. RICO,-0.5992128736111096,0.4785271532165191,9.0,-0.12215792774288405,-0.12220074391534486,28.0,-1.1044532003731045,,,0,0,0.20386433100316856,0,True,False,False,False,False,False,False,False,0.17117117117117117,0.16901408450704225,-1.2521998331412374,4.905271315208035,-0.7985942440237503,0.20386433100316856,-0.12220074391534486,0,1,-0.12215792774288405,-0.0,-0.0,1,1
2026-03-13,L. FELIPE,-0.6309305402924714,-0.6315331600719277,14.0,-0.3985472117456189,,28.0,-1.1044532003731045,,,0,0,0.6316825989172575,0,True,False,False,False,False,False,False,False,0.15384615384615385,0.16901408450704225,0.9990473647780855,1.5830800085365684,1.000956715038539,0.6316825989172575,,0,0,-0.3985472117456189,-0.0,-0.0,0,1
2026-03-14,T. MARTÍNEZ,0.6990488921419077,1.9057475560159507,48.0,0.9833992082680559,-0.5828459306963732,29.0,0.635284398653518,,,0,0,1.4067654101982539,0,False,False,True,False,False,False,False,False,0.11224489795918367,0.05714285714285714,0.3668106634189452,0.7108488347516807,2.7261967671244305,1.4067654101982539,-0.5828459306963732,0,1,0.0,0.0,0.9833992082680559,3,3
2026-03-14,S. CAMELLO,-0.6208385554393109,-0.7901132048274201,14.0,-1.2277150637538237,0.49199283845935954,29.0,0.635284398653518,,,0,0,1.9775141709735653,1,False,False,True,False,False,False,False,False,0.15384615384615385,0.05714285714285714,0.7857599865514256,0.5056866038831977,1.2726569098551521,1.9775141709735653,0.49199283845935954,1,0,-0.0,-0.0,-1.2277150637538237,1,0
2026-03-14,C. ÁLVAREZ,1.2642000439189014,1.879317548556702,12.0,1.0524965292687394,-2.6874826063003603,29.0,0.635284398653518,,,0,0,0.8325388863832145,0,False,True,False,True,False,False,False,False,0.125,0.05714285714285714,0.6726906648634925,1.2011430039149356,1.4865654142564215,0.8325388863832145,-3.056681193038932,0,1,0.0,1.0524965292687394,0.0,3,3
2026-03-14,B. DÍAZ,-0.25752710072552926,-0.12936301834620176,15.0,-0.5367418537469861,0.7308458982717445,29.0,0.635284398653518,,,0,0,2.0842231223740866,1,False,True,False,False,False,False,False,False,0.17857142857142858,0.05714285714285714,1.9907473926104724,0.4797978371270482,0.5023297366043551,2.0842231223740866,0.7308458982717445,1,0,-0.0,-0.5367418537469861,-0.0,2,1
2026-03-14,L. BELTRÁN,-0.43173398211937297,0.5049571606757678,19.0,0.08513403525916731,-0.4292975351026971,29.0,0.635284398653518,,,0,0,-0.1971914094708381,0,False,True,False,False,False,False,False,False,0.22413793103448276,0.05714285714285714,-0.8549896124890793,-5.071167009035613,-1.1696052458094306,-0.1971914094708381,-0.4292975351026971,0,1,0.0,0.08513403525916731,0.0,2,2
2026-03-14,A. REINA,-0.5081447245790175,1.1921373546162348,1370.0,0.3615233192619022,0.457870972771876,29.0,0.635284398653518,,,0,0,-0.7114587896591932,1,False,True,False,False,False,False,False,False,0.09649122807017543,0.05714285714285714,-0.42624643575249793,-1.4055616662703618,-2.346063322151398,-0.7114587896591932,0.457870972771876,1,0,0.0,0.3615233192619022,0.0,2,2
2026-03-14,P. TORRE,-0.5811914720876085,0.4520971457572704,408.0,-0.2603525697442513,0.3384444428656835,29.0,0.635284398653518,,,0,0,0.4479642771999983,1,False,True,False,False,False,False,False,False,0.10833333333333334,0.05714285714285714,-1.2855427024901973,2.2323332740360455,-0.7778812067124209,0.4479642771999983,0.3384444428656835,1,0,-0.0,-0.2603525697442513,-0.0,2,1
2026-03-14,J. DONALD,-0.6278068306950646,-0.3408030780201916,23.0,-0.3985472117456189,0.32138351002194165,29.0,0.635284398653518,,,0,0,0.6348255977558764,1,True,False,False,True,False,False,False,False,0.1746031746031746,0.05714285714285714,1.8421449609173706,1.5752422484341073,0.5428479019426712,0.6348255977558764,0.32138351002194165,1,0,-0.3985472117456189,-0.0,-0.0,1,1
2026-03-14,A. ELUSTONDO,-0.6309305402924714,-0.9486932495829125,16.0,-1.2968123847545072,,29.0,0.635284398653518,,,0,0,2.0553996951123286,0,True,False,False,False,False,False,False,False,0.12037037037037036,0.05714285714285714,0.6650529089595247,0.4865245229258298,1.5036437335667303,2.0553996951123286,,0,0,-1.2968123847545072,-0.0,-0.0,0,0
2026-03-14,J. CARLOS MARTÍN,-0.6225205529148377,-1.2129933241753998,222.0,-2.0568829157620283,0.42374910708439234,29.0,0.635284398653518,,,0,0,3.3041257999544564,1,False,False,False,True,False,False,False,False,0.10227272727272728,0.05714285714285714,0.513210628383845,0.3026525480847586,1.9485224496094513,3.3041257999544564,0.42374910708439234,1,0,-0.0,-0.0,-0.0,1,0
2026-03-15,R. GARCÍA DE HARO,-0.3829560553290967,1.0599873173199912,50.0,0.22332867726053457,-0.7022724606025658,29.0,0.3189684715577685,,,0,0,-0.583172030641075,0,False,False,True,False,True,False,False,False,0.18181818181818182,0.05714285714285714,-0.3612832793264544,-1.714756677332871,-2.767915719010627,-0.583172030641075,-0.7022724606025658,0,1,0.0,0.0,0.22332867726053457,2,2
2026-03-15,P. GARCÍA,-0.6309305402924714,-0.3408030780201916,4.0,-0.3985472117456189,,29.0,0.3189684715577685,,,0,0,0.6316825989172575,0,False,False,True,False,False,False,True,False,0.19230769230769232,0.05714285714285714,1.8513107195757488,1.5830800085365684,0.5401602813876969,0.6316825989172575,,0,0,-0.0,-0.0,-0.3985472117456189,0,1
2026-03-15,B. DÍAZ,-0.24383083556766846,-0.02364298850920682,15.0,-0.4676445327463027,1.0720645551465806,29.0,0.3189684715577685,,,0,0,1.9179134975732715,1,False,True,False,False,False,False,False,False,0.17857142857142858,0.05714285714285714,10.313465615327335,0.5214032024258679,0.09696511689868789,1.9179134975732715,1.0720645551465806,1,0,-0.0,-0.4676445327463027,-0.0,2,1
2026-03-15,B. TURRIENTES,-0.30294103256475197,0.4785271532165191,16.0,0.43062064026258595,-0.7875771248212746,29.0,0.3189684715577685,,,0,0,-1.4214715586344397,0,False,True,False,False,False,False,False,False,0.12037037037037036,0.05714285714285714,-0.6330683587339125,-0.7034970011725922,-1.5796101596913779,-1.4214715586344397,-0.7875771248212746,0,1,0.0,0.43062064026258595,0.0,2,2
2026-03-15,O. EJARIA,-0.6309305402924714,-0.7636831973681714,1370.0,-0.3985472117456189,-0.36105380372772994,29.0,0.3189684715577685,,,0,0,0.6316825989172575,0,False,True,False,True,False,False,False,False,0.09649122807017543,0.05714285714285714,0.8261689777067039,1.5830800085365684,1.2104096394252855,0.6316825989172575,-0.36105380372772994,0,1,-0.0,-0.3985472117456189,-0.0,0,1
2026-03-15,U. LÓPEZ,-0.6309305402924714,0.3992371308387729,14.0,0.08513403525916731,-0.08807887822786128,29.0,0.3189684715577685,,,0,0,-0.13493429903393472,0,False,True,False,False,False,False,False,False,0.15384615384615385,0.05714285714285714,-1.5803363746016148,-7.410938849931739,-0.6327760951780828,-0.13493429903393472,-0.08807887822786128,0,1,0.0,0.08513403525916731,0.0,0,2
2026-03-15,S. COLOMBATTO,-0.6309305402924714,0.689967212890509,1370.0,0.08513403525916731,,29.0,0.3189684715577685,,,0,0,-0.13493429903393472,0,False,True,False,False,False,False,False,False,0.09649122807017543,0.05714285714285714,-0.9144342137868803,-7.410938849931739,-1.0935725288289249,-0.13493429903393472,,0,0,0.0,0.08513403525916731,0.0,0,2
2026-03-15,M. LLORENTE,2.9255329790320537,1.6150174739642147,2.0,1.0524965292687394,-0.30987100519650457,29.0,0.3189684715577685,,,0,0,0.35976219617075506,0,True,False,False,False,False,False,False,False,0.2857142857142857,0.05714285714285714,1.8114548076041868,2.779610305655229,0.5520419470562983,0.35976219617075506,-0.30987100519650457,0,1,1.0524965292687394,0.0,0.0,3,3
2026-03-15,A. LAPORTE,1.0904737332323509,0.5049571606757678,1.0,0.5688152822639532,0.6967240325842611,29.0,0.3189684715577685,Dani,-7.4847,0,1,0.5216216982652031,1,True,False,False,False,False,False,False,False,0.14035087719298245,0.05714285714285714,2.1595328448064053,1.9170930355441689,0.4630617705180474,0.5216216982652031,0.6967240325842611,1,0,0.5688152822639532,0.0,0.0,3,2
2026-03-15,D. ALABA,-0.6309305402924714,-0.8429732197459175,15.0,-0.8131311377497211,-1.009369251789918,29.0,0.3189684715577685,,,0,0,1.2887827971611363,0,True,False,False,True,False,False,False,False,0.17857142857142858,0.05714285714285714,0.7484594693792422,0.7759281214671566,1.3360813940573333,1.2887827971611363,-1.009369251789918,0,1,-0.8131311377497211,-0.0,-0.0,0,0
2026-03-16,E. ÁVILA,-0.6309305402924714,-0.6579631675311765,4.0,-0.7440338167490376,-0.03689607969663593,29.0,0.0026525444620189103,,,0,0,1.1792660974538234,0,False,False,True,False,False,False,False,False,0.19230769230769232,0.05714285714285714,0.9589161374731714,0.8479875162620474,1.0428472999158882,1.1792660974538234,-0.03689607969663593,0,1,-0.0,-0.0,-0.7440338167490376,0,0
2026-03-16,A. OROZ,0.6291258542307234,0.8221172501867526,50.0,0.4997179612632697,0.23607884580323268,29.0,0.0026525444620189103,,,0,0,0.7943039752679277,1,False,True,False,False,False,False,False,False,0.18181818181818182,0.05714285714285714,0.765249833692186,1.2589593411471085,1.306759113298401,0.7943039752679277,0.23607884580323268,1,0,0.0,0.4997179612632697,0.0,3,2
2026-03-16,N. GUDELJ,-0.46369193415438154,0.9014072725644988,17.0,0.22332867726053457,-0.4975412664776643,29.0,0.0026525444620189103,,,0,0,-0.4816326151983368,0,False,True,False,False,False,False,False,False,0.17708333333333334,0.05714285714285714,-0.5144083411118271,-2.076266530459552,-1.9439829553889525,-0.4816326151983368,-0.4975412664776643,0,1,0.0,0.22332867726053457,0.0,2,2
2026-03-16,J. GURIDI,-0.6306902549388248,-0.20865304072394794,48.0,-0.6058391747476699,0.11665231589704018,29.0,0.0026525444620189103,,,0,0,0.9605985356551456,1,False,True,False,False,False,False,False,False,0.11224489795918367,0.05714285714285714,3.0226891275568417,1.0410209874963818,0.33083335270106473,0.9605985356551456,0.11665231589704018,1,0,-0.0,-0.6058391747476699,-0.0,0,0
2026-03-16,R. ARAÚJO,0.3371791495500061,0.5842471830535141,3.0,0.7070099242653208,1.003820823771613,29.0,0.0026525444620189103,,,0,0,2.0968313977227964,1,True,False,False,False,False,False,False,False,0.30337078651685395,0.05714285714285714,0.5771162997679742,0.476907976917585,1.7327448956684988,2.0968313977227964,1.003820823771613,1,0,0.7070099242653208,0.0,0.0,2,3
2026-03-16,R. IRANZO,-0.624442835744011,-1.1865633167161511,19.0,-1.365909705755191,0.5602365698343267,29.0,0.0026525444620189103,,,0,0,2.187409022855963,1,True,False,False,False,False,False,True,False,0.22413793103448276,0.05714285714285714,0.5262621498651469,0.45716293710769323,1.9001983031812444,2.187409022855963,0.5602365698343267,1,0,-1.365909705755191,-0.0,-0.0,1,0
2026-03-16,J. CRUZ,-0.6309305402924714,-0.49938312277568403,50.0,-0.7440338167490376,-0.7022724606025658,29.0,0.0026525444620189103,,,0,0,1.1792660974538234,0,True,False,False,False,False,False,False,False,0.18181818181818182,0.05714285714285714,1.2634223603872925,0.8479875162620474,0.7915037906517927,1.1792660974538234,-0.7022724606025658,0,1,-0.7440338167490376,-0.0,-0.0,0,0
2026-03-16,P. GAZZANIGA,0.49144234659117536,1.3242873919124785,222.0,0.5688152822639532,1.7886237345837355,29.0,0.0026525444620189103,,,0,0,1.1574381588629836,1,False,False,False,False,False,False,False,False,0.10227272727272728,0.05714285714285714,0.37109918775430495,0.8639737678309404,2.694689837797589,1.1574381588629836,1.7886237345837355,1,0,0.0,0.0,0.0,3,2
2026-03-16,D. CONDE,-0.6261248332195378,-1.2129933241753998,20.0,-2.0568829157620283,0.44081003992813417,29.0,0.0026525444620189103,,,0,0,3.285105607920252,1,False,False,False,False,False,False,True,False,0.2376237623762376,0.05714285714285714,0.5161820241897916,0.30440485106193993,1.937305784924638,3.285105607920252,0.44081003992813417,1,0,-0.0,-0.0,-0.0,1,0
2026-03-16,J. LETACEK,-0.6294888281705914,-1.2129933241753998,9.0,-2.0568829157620283,-0.41223660225895525,29.0,0.0026525444620189103,,,0,0,3.267549940941213,0,False,False,False,False,False,False,False,False,0.17117117117117117,0.05714285714285714,0.5189553269420084,0.3060403338406425,1.9269527858871933,3.267549940941213,-0.41223660225895525,0,1,-0.0,-0.0,-0.0,0,0
2026-03-17,L. VÁZQUEZ,-0.011474898591327953,-0.28794306310169415,9.0,0.9833992082680559,-1.5041363042584297,29.0,-0.3136633826337306,,,0,0,-85.7075039003147,0,False,False,True,False,False,False,False,False,0.17117117117117117,0.05714285714285714,0.03985141478713131,-0.011668594835400031,25.09548614272427,-85.7075039003147,-1.5041363042584297,0,1,0.0,0.0,0.9833992082680559,2,3
2026-03-17,S. COSTA,1.52346794050367,2.1436176231491895,408.0,1.4670804552728416,2.573426645395858,29.0,-0.3136633826337306,Dani,-9.26213,1,1,0.9629867838249555,1,False,True,False,False,False,False,False,False,0.10833333333333334,0.05714285714285714,0.7106991533155947,1.0384344611733518,1.4070635548634776,0.9629867838249555,2.573426645395858,1,0,0.0,1.4670804552728416,0.0,3,3
2026-03-17,G. LO CELSO,0.5954859047201881,1.08641732477924,4.0,1.4670804552728416,-1.7941721626020402,29.0,-0.3136633826337306,,,0,0,2.463665352913519,0,False,True,False,True,False,False,False,False,0.19230769230769232,0.05714285714285714,0.5481184283606325,0.4058983245817406,1.8244184988244767,2.463665352913519,-1.7941721626020402,0,1,0.0,1.4670804552728416,0.0,3,3
2026-03-17,T. MORENTE,-0.623001123622131,-1.0544132794199075,23.0,-0.6749364957483537,0.13371324874078197,29.0,-0.3136633826337306,,,0,0,1.083364946742328,1,False,True,False,False,False,False,False,False,0.1746031746031746,0.05714285714285714,0.5908515442980989,0.9230528362289807,1.6924768381899102,1.083364946742328,0.13371324874078197,1,0,-0.0,-0.6749364957483537,-0.0,1,0
2026-03-17,J. KOUNDÉ,2.5675078020984987,1.6150174739642147,3.0,0.9143018872673718,-1.9477205581957162,29.0,-0.3136633826337306,,,0,0,0.35610467489735054,0,True,False,False,True,False,False,False,False,0.30337078651685395,0.05714285714285714,1.5897699273967496,2.8081589130404616,0.6290212024372475,0.35610467489735054,-1.9477205581957162,0,1,0.9143018872673718,0.0,0.0,3,3
2026-03-17,A. CATENA,1.7527001678826037,1.588587466504966,50.0,0.7761072452660043,-1.094673916008627,29.0,-0.3136633826337306,,,0,0,0.44280637195192885,0,True,False,False,False,False,False,False,False,0.18181818181818182,0.05714285714285714,1.1033066176910487,2.258319221028094,0.9063652695707966,0.44280637195192885,-1.094673916008627,0,1,0.7761072452660043,0.0,0.0,3,3
2026-03-17,J. MONTES,-0.6201176993783708,-1.1601333092569024,9.0,-0.6749364957483537,0.0825304502095566,29.0,-0.3136633826337306,,,0,0,1.08840238688127,1,True,False,False,False,False,False,True,False,0.17117117117117117,0.05714285714285714,0.5345232560375581,0.9187806883542226,1.8708306201395082,1.08840238688127,0.0825304502095566,1,0,-0.6749364957483537,-0.0,-0.0,1,0
2026-03-17,D. AGUADO,-0.6217996968538976,-1.107273294338405,15.0,0.7070099242653208,0.7479068311154864,29.0,-0.3136633826337306,,,0,0,-1.1370398938475825,1,True,False,False,False,False,False,False,False,0.17857142857142858,0.05714285714285714,0.5615598801064762,-0.879476788141613,1.780758467235222,-1.1370398938475825,0.7479068311154864,1,0,0.7070099242653208,0.0,0.0,1,3
2026-03-17,A. BRETONES,-0.6309305402924714,0.5313871681350165,50.0,0.08513403525916731,0.03134765167833123,29.0,-0.3136633826337306,,,0,0,-0.13493429903393472,1,True,False,False,False,False,False,False,False,0.18181818181818182,0.05714285714285714,-1.1873251572514556,-7.410938849931739,-0.8422290195648291,-0.13493429903393472,0.03134765167833123,1,0,0.08513403525916731,0.0,0.0,0,2
2026-03-17,A. REMIRO,0.673098073948066,1.5621574590457172,16.0,0.5688152822639532,0.8673333610216789,29.0,-0.3136633826337306,,,0,0,0.8450691796789502,1,False,False,False,False,False,False,False,False,0.12037037037037036,0.05714285714285714,0.4308769510867959,1.1833312352963234,2.3208432747988716,0.8450691796789502,0.8673333610216789,1,0,0.0,0.0,0.0,3,2
2026-03-18,J. ÁLVAREZ,3.4300673446445993,1.6943074963419609,2.0,0.637912603264637,-0.2586882066652792,29.0,-0.6299793097294802,Maldinillo 💥,-17.44416,0,1,0.18159706445683602,0,False,False,True,False,False,False,False,False,0.2857142857142857,0.05714285714285714,2.0732885368448026,5.5066867446739005,0.4823251116975823,0.18159706445683602,-0.2586882066652792,0,1,0.0,0.0,0.637912603264637,3,2
2026-03-18,P. MILLA,0.6625255183876122,1.588587466504966,8.0,0.8452045662666884,-1.31646604297727,29.0,-0.6299793097294802,,,0,0,1.2757294127994436,0,False,False,True,False,False,False,False,False,0.0641025641025641,0.05714285714285714,0.4170529576141431,0.78386317462865,2.3977718965440116,1.2757294127994436,-1.31646604297727,0,1,0.0,0.0,0.8452045662666884,3,3
2026-03-18,P. GARCÍA,-0.6309305402924714,-0.3408030780201916,4.0,-0.3985472117456189,-0.6852115277588239,29.0,-0.6299793097294802,,,0,0,0.6316825989172575,0,False,False,True,False,False,False,False,False,0.19230769230769232,0.05714285714285714,1.8513107195757488,1.5830800085365684,0.5401602813876969,0.6316825989172575,-0.6852115277588239,0,1,-0.0,-0.0,-0.3985472117456189,0,1
2026-03-18,D. SOW,-0.23830427243379476,1.1921373546162348,17.0,0.5688152822639532,1.413283212021416,29.0,-0.6299793097294802,Jotabetrbb,-1.994,1,1,-2.3869386116885196,1,False,True,False,False,False,False,False,False,0.17708333333333334,0.05714285714285714,-0.19989648979166355,-0.418947698693358,-5.002605891395946,-2.3869386116885196,1.413283212021416,1,0,0.0,0.5688152822639532,0.0,2,2
2026-03-18,F. CERVI,-0.6193968433174307,-1.2129933241753998,5.0,-2.0568829157620283,0.9185161595529042,29.0,-0.6299793097294802,,,0,0,3.320789020387255,1,False,True,False,False,False,False,False,False,0.16049382716049382,0.05714285714285714,0.5106354186853579,0.3011338855045348,1.9583491514549278,3.320789020387255,0.9185161595529042,1,0,-0.0,-2.0568829157620283,-0.0,1,0
2026-03-18,G. DIANGANA,-0.6210788407929575,-0.12936301834620176,23.0,-0.2603525697442513,0.014286718834589441,29.0,-0.6299793097294802,,,0,0,0.41919474926338973,1,False,True,False,False,False,False,False,False,0.1746031746031746,0.05714285714285714,4.801091145090295,2.3855390670509724,0.208287930834947,0.41919474926338973,0.014286718834589441,1,0,-0.0,-0.2603525697442513,-0.0,1,1
2026-03-18,J. TORRENTS,-0.6201176993783708,-1.0279832719606588,3.0,-0.4676445327463027,0.49199283845935954,29.0,-0.6299793097294802,,,0,0,0.754123430662467,1,True,False,False,True,False,False,False,False,0.30337078651685395,0.05714285714285714,0.6032377369656652,1.3260478461802776,1.657725510361436,0.754123430662467,0.49199283845935954,1,0,-0.4676445327463027,-0.0,-0.0,1,1
2026-03-18,MARCÃO,-0.6263651185731846,-0.36723308547944034,17.0,-0.3294498907449351,0.42374910708439234,29.0,-0.6299793097294802,,,0,0,0.5259718444527121,1,True,False,False,True,False,False,False,False,0.17708333333333334,0.05714285714285714,1.705638323392774,1.9012512598141573,0.5862932990414149,0.5259718444527121,0.42374910708439234,1,0,-0.3294498907449351,-0.0,-0.0,1,1
2026-03-18,M. DIAKHABY,-0.6309305402924714,-0.3408030780201916,19.0,0.7761072452660043,,29.0,-0.6299793097294802,,,0,0,-1.2301012961070659,0,True,False,False,True,False,False,False,False,0.22413793103448276,0.05714285714285714,1.8513107195757488,-0.8129414216907662,0.5401602813876969,-1.2301012961070659,,0,0,0.7761072452660043,0.0,0.0,0,3
2026-03-18,A. REMIRO,0.6858331976913401,1.5621574590457172,16.0,0.5688152822639532,1.003820823771613,29.0,-0.6299793097294802,,,0,0,0.8293772520803179,1,False,False,False,False,False,False,False,False,0.12037037037037036,0.05714285714285714,0.439029212254369,1.205720052459902,2.2777479809322174,0.8293772520803179,1.003820823771613,1,0,0.0,0.0,0.0,3,2
2026-03-19,T. OLUWASEYI,-0.6191565579637841,0.21422707862403179,20.0,-0.3294498907449351,0.9355770923966461,29.0,-0.9462952368252298,,,0,0,0.5320955073526215,1,False,False,True,False,False,False,False,False,0.2376237623762376,0.05714285714285714,-2.890174630424604,1.8793705954321926,-0.34599879766655095,0.5320955073526215,0.9355770923966461,1,0,-0.0,-0.0,-0.3294498907449351,1,1
2026-03-19,L. AGOUMÉ,-0.2089894592888997,1.1392773396977374,17.0,0.43062064026258595,-0.9411255204149508,29.0,-0.9462952368252298,,,0,0,-2.0604996167147593,0,False,True,False,False,False,False,False,False,0.17708333333333334,0.05714285714285714,-0.1834402112343739,-0.48532038278768663,-5.451388768423968,-2.0604996167147593,-0.9411255204149508,0,1,0.0,0.43062064026258595,0.0,2,2
2026-03-19,C. PALACIOS,-0.625163691804951,-1.107273294338405,15.0,-0.6749364957483537,0.49199283845935954,29.0,-0.9462952368252298,,,0,0,1.0796173613618836,1,False,True,False,False,False,False,False,False,0.17857142857142858,0.05714285714285714,0.5645979719726358,0.9262569471350491,1.7711762215712499,1.0796173613618836,0.49199283845935954,1,0,-0.0,-0.6749364957483537,-0.0,1,0
2026-03-19,K. BARJA,-0.6290082574632979,-0.1822230332646992,50.0,-0.5367418537469861,0.23607884580323268,29.0,-0.9462952368252298,,,0,0,0.8533158359914546,1,False,True,False,False,False,False,False,False,0.18181818181818182,0.05714285714285714,3.4518781631065902,1.1719030758925715,0.28969941300769775,0.8533158359914546,0.23607884580323268,1,0,-0.0,-0.5367418537469861,-0.0,0,1
2026-03-19,D. HUIJSEN,1.8019586653801734,0.5842471830535141,15.0,0.29242599826121835,1.2597348164277402,29.0,-0.9462952368252298,,,0,0,0.1622822107949475,1,True,False,False,False,False,False,False,False,0.17857142857142858,0.05714285714285714,3.0842349495421937,6.1620803690995904,0.3242287795216831,0.1622822107949475,1.2597348164277402,1,0,0.29242599826121835,0.0,0.0,3,2
2026-03-19,J. ARAMBURU,0.18099366967966352,1.0599873173199912,16.0,0.22332867726053457,-0.39517566941521354,29.0,-0.9462952368252298,,,0,0,1.2338964327280832,0,True,False,False,False,False,False,False,False,0.12037037037037036,0.05714285714285714,0.17075062689113094,0.810432683644269,5.856455989538408,1.2338964327280832,-0.39517566941521354,0,1,0.22332867726053457,0.0,0.0,2,2
2026-03-19,J. CABELLO,-0.6225205529148377,-0.9222632421236637,12.0,-0.5367418537469861,0.5943584355218103,29.0,-0.9462952368252298,,,0,0,0.8622088273915051,1,True,False,False,False,False,False,False,False,0.125,0.05714285714285714,0.6749929949223331,1.1598158563281027,1.481500842512222,0.8622088273915051,0.5943584355218103,1,0,-0.5367418537469861,-0.0,-0.0,1,1
2026-03-19,A. MUÑOZ,-0.6227608382684843,-0.28794306310169415,16.0,-0.5367418537469861,0.6796630997405192,29.0,-0.9462952368252298,,,0,0,0.8618761531561481,1,True,False,False,False,False,False,False,False,0.12037037037037036,0.05714285714285714,2.162799111599545,1.1602635311267866,0.4623661408582294,0.8618761531561481,0.6796630997405192,1,0,-0.5367418537469861,-0.0,-0.0,1,1
2026-03-19,A. NYOM,-0.6309305402924714,-0.9222632421236637,9.0,-1.365909705755191,-0.3439928708839881,29.0,-0.9462952368252298,,,0,0,2.1649163948196417,0,True,False,False,False,False,False,False,False,0.17117117117117117,0.05714285714285714,0.6841118626299261,0.4619126722262445,1.4617531486893809,2.1649163948196417,-0.3439928708839881,0,1,-1.365909705755191,-0.0,-0.0,0,0
2026-03-19,T. STEGEN,-0.6232414089757776,-1.00155326450141,222.0,0.7070099242653208,0.6455412340530357,29.0,-0.9462952368252298,,,0,0,-1.1344096340402712,1,False,False,False,True,False,False,False,False,0.10227272727272728,0.05714285714285714,0.6222754728491756,-0.8815159534110579,1.6070095104188529,-1.1344096340402712,0.6455412340530357,1,0,0.0,0.0,0.0,1,3
2026-03-20,J. LUIS MORALES,-0.6254039771585979,0.0027870189500419124,12.0,-0.3985472117456189,0.49199283845935954,29.0,-1.1044532003731045,,,0,0,0.6372646538338274,1,False,False,True,False,False,False,False,False,0.125,0.05714285714285714,-224.31840972572877,1.5692132022014451,-0.004456357023921144,0.6372646538338274,0.49199283845935954,1,0,-0.0,-0.0,-0.3985472117456189,1,1
2026-03-20,T. OLUWASEYI,-0.6263651185731846,0.21422707862403179,20.0,-0.3294498907449351,-0.41223660225895525,29.0,-1.1044532003731045,,,0,0,0.5259718444527121,0,False,False,True,False,False,False,False,False,0.2376237623762376,0.05714285714285714,-2.9238236303862357,1.9012512598141573,-0.3420168433530751,0.5259718444527121,-0.41223660225895525,0,1,-0.0,-0.0,-0.3294498907449351,1,1
2026-03-20,J. JIMÉNEZ,-0.6309305402924714,-0.6315331600719277,9.0,-0.12215792774288405,,29.0,-1.1044532003731045,,,0,0,0.19361580008800502,0,False,False,True,True,False,False,False,False,0.17117117117117117,0.05714285714285714,0.9990473647780855,5.16491820767181,1.000956715038539,0.19361580008800502,,0,0,-0.0,-0.0,-0.12215792774288405,0,1
2026-03-20,S. ALTIMIRA,-0.4286102725219661,0.6635372054312603,4.0,0.4997179612632697,-0.4463584679464389,29.0,-1.1044532003731045,,,0,0,-1.165905623839856,0,False,True,False,False,False,False,False,False,0.19230769230769232,0.05714285714285714,-0.6459466373053756,-0.8577026403770158,-1.548116776678587,-1.165905623839856,-0.4463584679464389,0,1,0.0,0.4997179612632697,0.0,2,2
2026-03-20,L. ILIC,-0.6208385554393109,-0.3143730705609429,1370.0,-0.7440338167490376,0.8161505624904536,29.0,-1.1044532003731045,,,0,0,1.1984355814663175,1,False,True,False,True,False,False,False,False,0.09649122807017543,0.05714285714285714,1.9748527734398644,0.8344236187752991,0.5063692874354054,1.1984355814663175,0.8161505624904536,1,0,-0.0,-0.7440338167490376,-0.0,1,0
2026-03-20,T. ABED,-0.629729113524238,-1.1337033017976537,12.0,-1.0204231007517723,0.18489604727200734,29.0,-1.1044532003731045,,,0,0,1.6204185248154666,1,False,True,False,False,False,False,False,False,0.125,0.05714285714285714,0.5554624988638629,0.6171261020907912,1.800306001034235,1.6204185248154666,0.18489604727200734,1,0,-0.0,-1.0204231007517723,-0.0,0,0
2026-03-20,K. BARJA,-0.6309305402924714,-0.1822230332646992,50.0,-0.5367418537469861,-0.03689607969663593,29.0,-1.1044532003731045,,,0,0,0.8507159983318835,0,False,True,False,False,False,False,False,False,0.18181818181818182,0.05714285714285714,3.462427287132559,1.175484474282044,0.28881677212360124,0.8507159983318835,-0.03689607969663593,0,1,-0.0,-0.5367418537469861,-0.0,0,1
2026-03-20,D. CARVAJAL,0.20670420251985833,-0.28794306310169415,15.0,0.1542313562598511,1.2256129507402564,29.0,-1.1044532003731045,,,0,0,0.7461416276885144,1,True,False,False,False,False,False,False,False,0.17857142857142858,0.05714285714285714,-0.7178673386349094,1.3402129587620546,-1.3930131394444765,0.7461416276885144,1.2256129507402564,1,0,0.1542313562598511,0.0,0.0,2,2
2026-03-20,J. COPETE,-0.6102659998788569,0.3199471084610267,19.0,-0.12215792774288405,-0.9411255204149508,29.0,-1.1044532003731045,,,0,0,0.2001719380386119,0,True,False,False,True,False,False,False,False,0.22413793103448276,0.05714285714285714,-1.9073905540941625,4.9957543231878345,-0.5242756974831247,0.2001719380386119,-0.9411255204149508,0,1,-0.12215792774288405,-0.0,-0.0,1,1
2026-03-20,P. GAZZANIGA,0.5952456193665414,1.3242873919124785,222.0,0.5688152822639532,1.515648809083867,29.0,-1.1044532003731045,,,0,0,0.9555959895568724,1,False,False,False,False,False,False,False,False,0.10227272727272728,0.05714285714285714,0.44948337764020885,1.0464637492397306,2.224770958500829,0.9555959895568724,1.515648809083867,1,0,0.0,0.0,0.0,3,2
2026-03-21,D. RABA,-0.6270859746341245,-0.605103152612679,19.0,-0.7440338167490376,-0.0539570125403777,30.0,2.849495888323765,,,0,0,1.1864960042825894,0,False,False,True,False,False,False,False,False,0.22413793103448276,0.09929078014184398,1.0363307615524502,0.8428203172194766,0.9649460234089153,1.1864960042825894,-0.0539570125403777,0,1,-0.0,-0.0,-0.7440338167490376,1,0
2026-03-21,D. MORCILLO,-0.6309305402924714,-1.1865633167161511,48.0,-1.365909705755191,,30.0,2.849495888323765,,,0,0,2.1649163948196417,0,False,False,True,False,False,False,False,False,0.11224489795918367,0.09929078014184398,0.5317297974189773,0.4619126722262445,1.8806589974628738,2.1649163948196417,,0,0,-0.0,-0.0,-1.365909705755191,0,0
2026-03-21,N. GUDELJ,-0.48868161093363627,0.9014072725644988,17.0,0.22332867726053457,-0.599906863540115,30.0,2.849495888323765,,,0,0,-0.4570033520132089,0,False,True,False,False,False,False,False,False,0.17708333333333334,0.09929078014184398,-0.5421312692675221,-2.1881624373797144,-1.8445734338473918,-0.4570033520132089,-0.599906863540115,0,1,0.0,0.22332867726053457,0.0,2,2
2026-03-21,K. SIBO,-0.5946474518918227,0.10850704878703685,1370.0,-0.2603525697442513,0.2190179129594909,30.0,2.849495888323765,,,0,0,0.4378275005525709,1,False,True,False,False,False,False,False,False,0.09649122807017543,0.09929078014184398,-5.480215141080516,2.284017156016985,-0.18247321318714657,0.4378275005525709,0.2190179129594909,1,0,-0.0,-0.2603525697442513,-0.0,1,1
2026-03-21,J. SALAS,-0.6309305402924714,-1.107273294338405,408.0,-0.6749364957483537,,30.0,2.849495888323765,,,0,0,1.06974939774651,0,False,True,False,True,False,False,False,False,0.10833333333333334,0.09929078014184398,0.5698061294574812,0.9348012428845656,1.754987242830826,1.06974939774651,,0,0,-0.0,-0.6749364957483537,-0.0,0,0
2026-03-21,L. KOUROUMA,-0.6309305402924714,-1.2129933241753998,222.0,-2.0568829157620283,-0.5316631321651478,30.0,2.849495888323765,,,0,0,3.6981501907220253,0,False,True,False,False,False,False,False,False,0.10227272727272728,0.09929078014184398,0.4984234896971429,0.27040600353532884,2.0063307520949216,3.6981501907220253,-0.5316631321651478,0,1,-0.0,-2.333272199764763,-0.0,0,0
2026-03-21,L. COSTA,-0.6254039771585979,-1.2129933241753998,20.0,-2.0568829157620283,-0.24162727382153742,30.0,2.849495888323765,,,0,0,3.2888921077847972,0,True,False,False,False,False,True,False,False,0.2376237623762376,0.09929078014184398,0.5155877450286024,0.3040543904665037,1.939538774961401,3.2888921077847972,-0.24162727382153742,0,1,-2.0568829157620283,-0.0,-0.0,1,0
2026-03-21,A. GOROSABEL,-0.6309305402924714,-0.3143730705609429,1.0,-0.6058391747476699,-0.01983514685289414,30.0,2.849495888323765,,,0,0,0.9602326980391968,0,True,False,False,False,False,False,False,False,0.14035087719298245,0.09929078014184398,2.0069548136597644,1.0414176038927432,0.49826969651034764,0.9602326980391968,-0.01983514685289414,0,1,-0.6058391747476699,-0.0,-0.0,0,0
2026-03-21,L. ROMÁN,0.7430211118592502,1.588587466504966,408.0,1.121593850269423,0.7479068311154864,30.0,2.849495888323765,,,0,0,1.5095026545884076,1,False,False,False,False,False,False,False,False,0.10833333333333334,0.09929078014184398,0.4677241006879283,0.6624683696441421,2.138008332659002,1.5095026545884076,0.7479068311154864,1,0,0.0,0.0,0.0,3,3
2026-03-21,L. BERGSTRÖM,-0.6309305402924714,-0.6315331600719277,408.0,0.9833992082680559,-0.4975412664776643,30.0,2.849495888323765,,,0,0,-1.558651395229006,0,False,False,False,True,False,False,False,False,0.10833333333333334,0.09929078014184398,0.9990473647780855,-0.6415806453851105,1.000956715038539,-1.558651395229006,-0.4975412664776643,0,1,0.0,0.0,0.0,0,3
2026-03-22,V. MUÑOZ,2.575437218768839,2.735121190087179,50.0,1.8125670602762602,2.1298423914585713,30.0,2.533179961228015,Dani,-14.02068,0,1,0.7037897655889951,1,False,False,True,False,False,False,False,False,0.18181818181818182,0.09929078014184398,0.8392685284522116,1.4208775246631606,1.191512909088473,0.7037897655889951,2.1298423914585713,1,0,0.0,0.0,1.8125670602762602,3,3
2026-03-22,V. VANAT,1.2690057509918349,1.5357274515864685,222.0,0.7070099242653208,0.23607884580323268,30.0,2.533179961228015,,,0,0,0.5571364562975993,1,False,False,True,False,False,False,False,False,0.10227272727272728,0.09929078014184398,0.8263217039971498,1.7948884627355681,1.210180679012282,0.5571364562975993,0.23607884580323268,1,0,0.0,0.0,0.7070099242653208,3,3
2026-03-22,F. REDONDO,-0.6225205529148377,-0.8429732197459175,23.0,-1.0895204217524561,0.014286718834589441,30.0,2.533179961228015,,,0,0,1.7501786355962148,1,False,True,False,False,False,False,False,False,0.1746031746031746,0.09929078014184398,0.7384828803759076,0.5713716896515105,1.3541313133038868,1.7501786355962148,0.014286718834589441,1,0,-0.0,-1.0895204217524561,-0.0,1,0
2026-03-22,D. VAN DE BEEK,-0.6261248332195378,-1.107273294338405,222.0,-0.6749364957483537,0.44081003992813417,30.0,2.533179961228015,,,0,0,1.0779600774463742,1,False,True,False,True,False,False,False,False,0.10227272727272728,0.09929078014184398,0.5654659982201101,0.9276809964266354,1.7684573491553415,1.0779600774463742,0.44081003992813417,1,0,-0.0,-0.6749364957483537,-0.0,1,0
2026-03-22,C. PICKEL,-0.6309305402924714,-0.36723308547944034,8.0,-0.7440338167490376,0.04840858452207302,30.0,2.533179961228015,,,0,0,1.1792660974538234,1,False,True,False,False,True,False,False,False,0.0641025641025641,0.09929078014184398,1.7180703027862045,0.8479875162620474,0.5820508662650462,1.1792660974538234,0.04840858452207302,1,0,-0.0,-0.7440338167490376,-0.0,0,0
2026-03-22,J. TORRENTS,-0.6246831210976578,-1.0279832719606588,3.0,-0.4676445327463027,0.3043225771781998,30.0,2.533179961228015,,,0,0,0.7486120011320044,1,True,False,False,True,False,False,False,False,0.30337078651685395,0.09929078014184398,0.607678885265411,1.3358104568005418,1.645610202760953,0.7486120011320044,0.3043225771781998,1,0,-0.4676445327463027,-0.0,-0.0,1,1
2026-03-22,R. SÁNCHEZ,-0.6249234064513044,-0.2615130556424454,8.0,-0.2603525697442513,0.16783511442826554,30.0,2.533179961228015,,,0,0,0.4166158343124454,1,True,False,False,False,False,False,False,False,0.0641025641025641,0.09929078014184398,2.3896542930538396,2.400305890474098,0.4184728422964991,0.4166158343124454,0.16783511442826554,1,0,-0.2603525697442513,-0.0,-0.0,1,1
2026-03-22,J. VERTROUWD,-0.628287401402358,-0.9751232570421612,14.0,-1.1586177427531397,0.28726164433445806,30.0,2.533179961228015,,,0,0,1.8440917074873227,1,True,False,False,False,False,False,False,False,0.15384615384615385,0.09929078014184398,0.6443165427360282,0.5422737115893929,1.5520362288052882,1.8440917074873227,0.28726164433445806,1,0,-1.1586177427531397,-0.0,-0.0,1,0
2026-03-22,D. CONDE,-0.6309305402924714,-1.2129933241753998,20.0,-2.0568829157620283,,30.0,2.533179961228015,,,0,0,3.260083391892773,0,False,False,False,False,False,False,True,False,0.2376237623762376,0.09929078014184398,0.520143885264387,0.306741255031515,1.9225495823402232,3.260083391892773,,0,0,-0.0,-0.0,-0.0,0,0
2026-03-22,P. LÓPEZ,-0.6309305402924714,-0.2615130556424454,4.0,1.0524965292687394,0.04840858452207302,30.0,2.533179961228015,,,0,0,-1.6681680949363187,1,False,False,False,False,False,False,False,False,0.19230769230769232,0.09929078014184398,2.4126250651905568,-0.5994603528721186,0.4144885267556491,-1.6681680949363187,0.04840858452207302,1,0,0.0,0.0,0.0,0,3
2026-03-23,N. WILLIAMS,1.2718891752355952,0.9542672874829963,1.0,0.9143018872673718,-2.0330252224144254,30.0,2.2168640341322656,,,0,0,0.718852857793334,0,False,False,True,True,False,False,False,False,0.14035087719298245,0.09929078014184398,1.3328423378611525,1.3911026564041173,0.7502749105725541,0.718852857793334,-2.0330252224144254,0,1,0.0,0.0,0.9143018872673718,3,3
2026-03-23,R. GARCÍA DE HARO,-0.46969906799554856,1.1392773396977374,50.0,0.22332867726053457,-0.9581864532586926,30.0,2.2168640341322656,,,0,0,-0.4754728462341708,0,False,False,True,False,False,False,False,False,0.18181818181818182,0.09929078014184398,-0.4122777126792077,-2.1031645850076677,-2.425552535397132,-0.4754728462341708,-0.9581864532586926,0,1,0.0,0.0,0.22332867726053457,2,2
2026-03-23,T. FERNÁNDEZ,-0.6242025503903643,-1.1337033017976537,3.0,0.016036714258483527,0.5772975026780686,30.0,2.2168640341322656,,,0,0,-0.02569156428473216,1,False,False,True,False,False,False,True,False,0.30337078651685395,0.09929078014184398,0.5505877066674366,-38.92091730342294,1.8162455717847164,-0.02569156428473216,0.5772975026780686,1,0,0.0,0.0,0.016036714258483527,1,1
2026-03-23,T. FERNÁNDEZ,-0.6242025503903643,-1.1337033017976537,3.0,0.016036714258483527,-0.2928100723527628,30.0,2.2168640341322656,,,0,0,-0.02569156428473216,0,False,False,True,False,False,False,True,False,0.30337078651685395,0.09929078014184398,0.5505877066674366,-38.92091730342294,1.8162455717847164,-0.02569156428473216,-0.2928100723527628,0,1,0.0,0.0,0.016036714258483527,1,1
2026-03-23,J. KARRIKABURU,-0.6309305402924714,-0.9222632421236637,16.0,-0.8131311377497211,,30.0,2.2168640341322656,,,0,0,1.2887827971611363,0,False,False,True,False,False,False,False,False,0.12037037037037036,0.09929078014184398,0.6841118626299261,0.7759281214671566,1.4617531486893809,1.2887827971611363,,0,0,-0.0,-0.0,-0.8131311377497211,0,0
2026-03-23,S. COSTA,1.6916676880563468,2.196477638067687,408.0,1.397983134272158,0.8673333610216789,30.0,2.2168640341322656,,,0,0,0.8263929835329514,1,False,True,False,False,False,False,False,False,0.10833333333333334,0.09929078014184398,0.7701726111684661,1.2100764569385412,1.298408874962002,0.8263929835329514,0.8673333610216789,1,0,0.0,1.397983134272158,0.0,3,3
2026-03-23,L. ASTIAZARAN,-0.623001123622131,-1.2129933241753998,16.0,-2.0568829157620283,0.6626021668967774,30.0,2.2168640341322656,,,0,0,3.3015770587705244,1,False,True,False,False,False,False,True,False,0.12037037037037036,0.09929078014184398,0.5136068144913045,0.3028861884817161,1.9470193956351736,3.3015770587705244,0.6626021668967774,1,0,-0.0,-2.0568829157620283,-0.0,1,0
2026-03-23,A. DADIE,-0.6309305402924714,-1.2129933241753998,16.0,-2.0568829157620283,-0.5657849978526314,30.0,2.2168640341322656,,,0,0,3.260083391892773,0,False,True,False,False,False,False,True,False,0.12037037037037036,0.09929078014184398,0.520143885264387,0.306741255031515,1.9225495823402232,3.260083391892773,-0.5657849978526314,0,1,-0.0,-2.0568829157620283,-0.0,0,0
2026-03-23,A. TENAS,-0.6196371286710775,-0.8429732197459175,20.0,1.190691171270107,0.9014552267091624,30.0,2.2168640341322656,,,0,0,-1.921597395916473,1,False,False,False,False,False,False,False,False,0.2376237623762376,0.09929078014184398,0.7350623355747642,-0.5204007749627789,1.3604326486801652,-1.921597395916473,0.9014552267091624,1,0,0.0,0.0,0.0,1,3
2026-03-23,P. CUÉLLAR,-0.6280471160487112,-1.2129933241753998,408.0,-2.0568829157620283,0.3043225771781998,30.0,2.2168640341322656,,,0,0,3.2750507696834426,1,False,False,False,False,False,False,False,False,0.10833333333333334,0.09929078014184398,0.5177667686196298,0.30533941264976994,1.9313762049940297,3.2750507696834426,0.3043225771781998,1,0,-0.0,-0.0,-0.0,1,0
2026-03-23,D. CÁRDENAS,-0.6309305402924714,-1.2129933241753998,14.0,-2.0568829157620283,,30.0,2.2168640341322656,,,0,0,3.260083391892773,0,False,False,False,False,False,False,False,False,0.15384615384615385,0.09929078014184398,0.520143885264387,0.306741255031515,1.9225495823402232,3.260083391892773,,0,0,-0.0,-0.0,-0.0,0,0
2026-03-24,L. BOYÉ,1.4900682763467814,2.011467585852946,48.0,1.6052750972742091,1.2767957492714819,30.0,1.900548107036516,Dani,-8.987,0,1,1.0773157481710376,1,False,False,True,False,False,False,False,False,0.11224489795918367,0.09929078014184398,0.7407862528039089,0.9282317720153855,1.3499154823086361,1.0773157481710376,1.2767957492714819,1,0,0.0,0.0,1.6052750972742091,3,3
2026-03-24,F. JUTGLÀ,-0.22100372697123372,1.4300074217494736,5.0,1.2597884922707905,1.5497706747713504,30.0,1.900548107036516,De la Guettir FC,-3.666666,3,1,-5.700330079794752,1,False,False,True,False,False,False,False,False,0.16049382716049382,0.09929078014184398,-0.1545471506390554,-0.17542909218338615,-6.470541976324152,-5.700330079794752,1.5497706747713504,1,0,0.0,0.0,1.2597884922707905,2,3
2026-03-24,ALEMÃO,-0.6198774140247241,-0.2350830481831967,14.0,-0.5367418537469861,0.8843942938654207,30.0,1.900548107036516,,,0,0,0.8658852661646487,1,False,False,True,False,False,False,False,False,0.15384615384615385,0.09929078014184398,2.6368555949523667,1.1548914335425782,0.37924180185668477,0.8658852661646487,0.8843942938654207,1,0,-0.0,-0.0,-0.5367418537469861,1,1
2026-03-24,C. NGONGE,-0.6309305402924714,-0.7901132048274201,8.0,0.1542313562598511,0.014286718834589441,30.0,1.900548107036516,,,0,0,-0.24445099874124798,1,False,False,True,False,False,False,False,False,0.0641025641025641,0.09929078014184398,0.7985328367763692,-4.090779364282537,1.2523002243026347,-0.24445099874124798,0.014286718834589441,1,0,0.0,0.0,0.1542313562598511,0,2
2026-03-24,U. GONZÁLEZ,-0.298375610845465,1.2449973695347323,8.0,0.22332867726053457,-0.17338354244657025,30.0,1.900548107036516,,,0,0,-0.7484841844542918,0,False,True,False,False,False,False,False,False,0.0641025641025641,0.09929078014184398,-0.2396594390376357,-1.3360320692953962,-4.172598218082117,-0.7484841844542918,-0.17338354244657025,0,1,0.0,0.22332867726053457,0.0,2,2
2026-03-24,D. LLORENTE,0.1697002580582695,0.0027870189500419124,4.0,0.8452045662666884,1.9592330630211534,30.0,1.900548107036516,,,0,0,4.980543903666728,1,True,False,False,False,False,False,False,False,0.19230769230769232,0.09929078014184398,60.86768458145465,0.2007798633033657,0.01642308950405628,4.980543903666728,1.9592330630211534,1,0,0.8452045662666884,0.0,0.0,2,3
2026-03-24,M. RUGGERI,-0.275067931541737,0.3992371308387729,2.0,0.08513403525916731,-0.19044447529031205,30.0,1.900548107036516,,,0,0,-0.30950298089993994,0,True,False,False,False,False,False,False,False,0.2857142857142857,0.09929078014184398,-0.6889821144183735,-3.2309604465937865,-1.4514181279482337,-0.30950298089993994,-0.19044447529031205,0,1,0.08513403525916731,0.0,0.0,2,2
2026-03-24,H. RINCÓN,-0.3803129164389832,0.7956872427275039,222.0,-0.05306060674220026,0.3043225771781998,30.0,1.900548107036516,,,0,0,0.13951865415900858,1,True,False,False,False,False,False,False,False,0.10227272727272728,0.09929078014184398,-0.47796724397400375,7.167654262625853,-2.0921964533161375,0.13951865415900858,0.3043225771781998,1,0,-0.05306060674220026,-0.0,-0.0,2,1
2026-03-24,A. CASTRÍN,-0.6309305402924714,-0.20865304072394794,17.0,0.3615233192619022,,30.0,1.900548107036516,,,0,0,-0.5730010978631873,0,True,False,False,False,False,False,False,False,0.17708333333333334,0.09929078014184398,3.0238407355296797,-1.745195293032005,0.33070735700095055,-0.5730010978631873,,0,0,0.3615233192619022,0.0,0.0,0,2
2026-03-24,S. BOSELLI,-0.6309305402924714,-0.9222632421236637,9.0,-0.8131311377497211,-0.36105380372772994,30.0,1.900548107036516,,,0,0,1.2887827971611363,0,True,False,False,False,False,False,False,False,0.17117117117117117,0.09929078014184398,0.6841118626299261,0.7759281214671566,1.4617531486893809,1.2887827971611363,-0.36105380372772994,0,1,-0.8131311377497211,-0.0,-0.0,0,0
2026-03-25,T. DOLAN,-0.017482032432494955,1.5621574590457172,8.0,0.5688152822639532,-0.3439928708839881,30.0,1.5842321799407666,,,0,0,-32.538998166183816,0,False,True,False,False,False,False,False,False,0.0641025641025641,0.09929078014184398,-0.011190946943483751,-0.03073405768715777,-89.36299758484921,-32.538998166183816,-0.3439928708839881,0,1,0.0,0.5688152822639532,0.0,2,2
2026-03-25,C. ALEÑÁ,-0.6213191261466041,0.8485472576460014,48.0,-0.19125524874356753,0.7820286968029699,30.0,1.5842321799407666,,,0,0,0.3078217755044854,1,False,True,False,False,False,False,False,False,0.11224489795918367,0.09929078014184398,-0.7322142501007962,3.2486552859783253,-1.3657210725665858,0.3078217755044854,0.7820286968029699,1,0,-0.0,-0.19125524874356753,-0.0,1,1
2026-03-25,A. GUEVARA,-0.6309305402924714,0.0820770413277881,48.0,-0.2603525697442513,,30.0,1.5842321799407666,,,0,0,0.412649199502631,0,False,True,False,False,False,False,False,False,0.11224489795918367,0.09929078014184398,-7.686959021996854,2.4233790520727316,-0.13008907664989147,0.412649199502631,,0,0,-0.0,-0.2603525697442513,-0.0,0,1
2026-03-25,D. PÉREZ,-0.6309305402924714,-1.2129933241753998,4.0,-2.0568829157620283,-0.07101794538411951,30.0,1.5842321799407666,,,0,0,3.260083391892773,0,False,True,False,False,False,False,False,False,0.19230769230769232,0.09929078014184398,0.520143885264387,0.306741255031515,1.9225495823402232,3.260083391892773,-0.07101794538411951,0,1,-0.0,-2.0568829157620283,-0.0,0,0
2026-03-25,Y. HERRERA,-0.6309305402924714,-0.7372531899089226,16.0,-0.8131311377497211,0.014286718834589441,30.0,1.5842321799407666,,,0,0,1.2887827971611363,1,False,True,False,True,False,False,False,False,0.12037037037037036,0.09929078014184398,0.855786593689758,0.7759281214671566,1.168519054547936,1.2887827971611363,0.014286718834589441,1,0,-0.0,-0.8131311377497211,-0.0,0,0
2026-03-25,C. PALACIOS,-0.6309305402924714,-1.107273294338405,15.0,-0.6749364957483537,-0.3781147365714717,30.0,1.5842321799407666,,,0,0,1.06974939774651,0,False,True,False,False,False,False,False,False,0.17857142857142858,0.09929078014184398,0.5698061294574812,0.9348012428845656,1.754987242830826,1.06974939774651,-0.3781147365714717,0,1,-0.0,-0.6749364957483537,-0.0,0,0
2026-03-25,D. HANCKO,1.5832989935616937,1.6414474814234634,2.0,0.8452045662666884,-1.333526975821012,30.0,1.5842321799407666,,,0,0,0.5338246508580907,0,True,False,False,False,False,False,False,False,0.2857142857142857,0.09929078014184398,0.964574283920661,1.873270902077938,1.036725502493665,0.5338246508580907,-1.333526975821012,0,1,0.8452045662666884,0.0,0.0,3,3
2026-03-25,J. LUIS GAYÀ,-0.030697726883062448,0.6371071979720115,19.0,-0.12215792774288405,-0.5146021993214059,30.0,1.5842321799407666,,,0,0,3.979509874399254,0,True,False,False,False,False,False,False,False,0.22413793103448276,0.09929078014184398,-0.04818290987429895,0.251297469986107,-20.754890265631175,3.979509874399254,-0.5146021993214059,0,1,-0.12215792774288405,-0.0,-0.0,2,1
2026-03-25,J. MUSSO,-0.4913247498237498,-0.7636831973681714,2.0,1.8816643812769442,0.9185161595529042,30.0,1.5842321799407666,,,0,0,-3.8297851100256084,1,False,False,False,False,False,False,False,False,0.2857142857142857,0.09929078014184398,0.6433628432310856,-0.26111164860264624,1.554338046231479,-3.8297851100256084,0.9185161595529042,1,0,0.0,0.0,0.0,2,3
2026-03-25,L. BERGSTRÖM,-0.6309305402924714,-0.6315331600719277,408.0,0.9833992082680559,-0.08807887822786128,30.0,1.5842321799407666,,,0,0,-1.558651395229006,0,False,False,False,False,False,True,False,False,0.10833333333333334,0.09929078014184398,0.9990473647780855,-0.6415806453851105,1.000956715038539,-1.558651395229006,-0.08807887822786128,0,1,0.0,0.0,0.0,0,3
2026-03-26,A. SØRLOTH,2.1277856049250725,1.6678774888827121,2.0,0.637912603264637,-0.7705161919775328,30.0,1.267916252845017,,,0,0,0.2998010241196627,0,False,False,True,False,False,False,False,False,0.2857142857142857,0.09929078014184398,1.2757437781636274,3.3355388473231313,0.7838556202121802,0.2998010241196627,-0.7705161919775328,0,1,0.0,0.0,0.637912603264637,3,2
2026-03-26,A. PRATS,-0.6309305402924714,-0.8694032272051663,408.0,-1.1586177427531397,,30.0,1.267916252845017,,,0,0,1.836366295697702,0,False,False,True,False,False,False,False,False,0.10833333333333334,0.09929078014184398,0.725706146763276,0.5445549999504025,1.3779719789346825,1.836366295697702,,0,0,-0.0,-0.0,-1.1586177427531397,0,0
2026-03-26,V. TSYGANKOV,1.866355140157484,1.7207375038012096,222.0,1.2597884922707905,-0.4463584679464389,30.0,1.267916252845017,,,0,0,0.67499898072213,0,False,True,False,False,False,False,False,False,0.10227272727272728,0.09929078014184398,1.0846245004889465,1.4814817488224556,0.9219770368457185,0.67499898072213,-0.4463584679464389,0,1,0.0,1.2597884922707905,0.0,3,3
2026-03-26,B. MENDY,-0.6020962978548697,0.689967212890509,17.0,0.08513403525916731,0.8332114953341953,30.0,1.267916252845017,,,0,0,-0.14139627989536002,1,False,True,False,False,False,False,False,False,0.17708333333333334,0.09929078014184398,-0.8726435314063031,-7.072250525555943,-1.145943533106316,-0.14139627989536002,0.8332114953341953,1,0,0.0,0.08513403525916731,0.0,1,2
2026-03-26,B. PRADOS,-0.6201176993783708,-1.107273294338405,1.0,-0.6749364957483537,0.5772975026780686,30.0,1.267916252845017,,,0,0,1.08840238688127,1,False,True,False,False,False,True,False,False,0.14035087719298245,0.09929078014184398,0.5600408341733963,0.9187806883542226,1.7855885762282793,1.08840238688127,0.5772975026780686,1,0,-0.0,-0.6749364957483537,-0.0,1,0
2026-03-26,P. FERNÁNDEZ,-0.629729113524238,0.4785271532165191,17.0,0.016036714258483527,0.18489604727200734,30.0,1.267916252845017,,,0,0,-0.02546609229296586,1,False,True,False,True,False,False,False,False,0.17708333333333334,0.09929078014184398,-1.315970877139396,-39.26551523332746,-0.7598948545245484,-0.02546609229296586,0.18489604727200734,1,0,0.0,0.016036714258483527,0.0,0,1
2026-03-26,J. CANCELO,1.4078906853996165,0.029217026409290647,3.0,2.1711821562698126,2.6478123125945703,30.0,1.267916252845017,Maldinillo 💥,-9.75591,2,1,1.8272979505192284,1,True,False,False,False,False,False,False,False,0.30337078651685395,0.09929078014184398,48.18568734512267,0.5472555259684028,0.020752325418412907,1.8272979505192284,3.3411686233642386,1,0,2.5726375912837813,0.0,0.0,3,3
2026-03-26,S. CARDONA,-0.5146324291274779,0.5842471830535141,20.0,0.016036714258483527,-0.6852115277588239,30.0,1.267916252845017,,,0,0,-0.03116155242533996,0,True,False,False,False,False,False,False,False,0.2376237623762376,0.09929078014184398,-0.880845579078746,-32.0888887800985,-1.1352730322826667,-0.03116155242533996,-0.6852115277588239,0,1,0.016036714258483527,0.0,0.0,2,1
2026-03-26,R. IRANZO,-0.6309305402924714,-1.1865633167161511,19.0,-1.365909705755191,,30.0,1.267916252845017,,,0,0,2.1649163948196417,0,True,False,False,False,False,False,False,False,0.22413793103448276,0.09929078014184398,0.5317297974189773,0.4619126722262445,1.8806589974628738,2.1649163948196417,,0,0,-1.365909705755191,-0.0,-0.0,0,0
2026-03-26,D. CALVO,-0.6309305402924714,-0.15579302580545049,1370.0,0.08513403525916731,0.014286718834589441,30.0,1.267916252845017,,,0,0,-0.13493429903393472,1,True,False,False,False,False,False,False,False,0.09649122807017543,0.09929078014184398,4.049825637933247,-7.410938849931739,0.246926187246252,-0.13493429903393472,0.014286718834589441,1,0,0.08513403525916731,0.0,0.0,0,2
2026-03-27,F. VIÑAS,0.3499142732932802,1.5621574590457172,1370.0,0.8452045662666884,2.6478123125945703,30.0,0.9516003257492676,Dani,-4.43842,1,1,2.415454913733598,1,False,False,True,False,False,False,False,False,0.09649122807017543,0.09929078014184398,0.22399409692857528,0.4139990166402565,4.464387748334726,2.415454913733598,3.1876202277705623,1,0,0.0,0.0,0.8452045662666884,2,3
2026-03-27,S. COSTA,1.765195006272231,2.196477638067687,408.0,1.397983134272158,0.372566308553167,30.0,0.9516003257492676,,,0,0,0.7919704833371117,1,False,True,False,False,False,False,False,False,0.10833333333333334,0.09929078014184398,0.80364770031414,1.2626717020585192,1.244325066600532,0.7919704833371117,0.372566308553167,1,0,0.0,1.397983134272158,0.0,3,3
2026-03-27,A. BARRENETXEA,1.0899931625250574,1.6943074963419609,16.0,1.2597884922707905,0.9696989580841295,30.0,0.9516003257492676,,,0,0,1.1557754486981757,1,False,True,False,False,False,False,False,False,0.12037037037037036,0.09929078014184398,0.6433262684324431,0.8652184902418321,1.554418871764381,1.1557754486981757,0.9696989580841295,1,0,0.0,1.2597884922707905,0.0,3,3
2026-03-27,C. ÁLVAREZ,0.8300044098793488,1.879317548556702,12.0,1.0524965292687394,-1.094673916008627,30.0,0.9516003257492676,,,0,0,1.268059842431307,0,False,True,False,False,False,True,False,False,0.125,0.09929078014184398,0.44165179475123256,0.7886046159709509,2.2642232522675765,1.268059842431307,-1.094673916008627,0,1,0.0,1.0524965292687394,0.0,3,3
2026-03-27,J. MUÑOZ,-0.6227608382684843,-0.4200931003979378,9.0,-0.6058391747476699,0.6796630997405192,30.0,0.9516003257492676,,,0,0,0.9728295524517759,1,False,True,False,False,False,False,False,False,0.17117117117117117,0.09929078014184398,1.4824388215788058,1.0279326464164504,0.6745667825432687,0.9728295524517759,0.6796630997405192,1,0,-0.0,-0.6058391747476699,-0.0,1,0
2026-03-27,L. CABRERA,2.1145699104745055,2.302197667904682,8.0,1.2597884922707905,-1.2652832444460447,30.0,0.9516003257492676,,,0,0,0.5957655456388059,0,True,False,False,False,False,False,False,False,0.0641025641025641,0.09929078014184398,0.9185001885172036,1.6785105158028901,1.0887304164172358,0.5957655456388059,-1.2652832444460447,0,1,1.2597884922707905,0.0,0.0,3,3
2026-03-27,S. MOURIÑO,0.959277930141263,1.2185673620754836,20.0,0.8452045662666884,2.0445377272398626,30.0,0.9516003257492676,Dani,-7.00823,1,1,0.8810832175186251,1,True,False,False,False,False,False,False,False,0.2376237623762376,0.09929078014184398,0.7872171640066272,1.1349640471233966,1.2702951391792143,0.8810832175186251,2.0445377272398626,1,0,0.8452045662666884,0.0,0.0,3,3
2026-03-27,J. GIMÉNEZ,0.622638149682263,0.3199471084610267,2.0,0.7761072452660043,0.0825304502095566,30.0,0.9516003257492676,,,0,0,1.2464799967397762,1,True,False,False,False,False,False,False,False,0.2857142857142857,0.09929078014184398,1.9460597928745296,0.802256841722973,0.5138563943887849,1.2464799967397762,0.0825304502095566,1,0,0.7761072452660043,0.0,0.0,3,3
2026-03-27,J. ÁNGEL CARMONA,-0.5316926892363922,0.8485472576460014,17.0,-0.05306060674220026,-0.4463584679464389,30.0,0.9516003257492676,,,0,0,0.09979581741893526,0,True,False,False,False,False,False,False,False,0.17708333333333334,0.09929078014184398,-0.6265909857753836,10.02066773354951,-1.5959385388638903,0.09979581741893526,-0.4463584679464389,0,1,-0.05306060674220026,-0.0,-0.0,2,1
2026-03-27,T. COURTOIS,2.5908154814022266,2.302197667904682,15.0,1.2597884922707905,-2.288939215070552,30.0,0.9516003257492676,,,0,0,0.4862515354962369,0,False,False,False,True,False,False,False,False,0.17857142857142858,0.09929078014184398,1.1253657286493983,2.056546349447828,0.8885992830563839,0.4862515354962369,-2.288939215070552,0,1,0.0,0.0,0.0,3,3
2026-03-28,A. BLANCO,1.2086941272265177,1.773597518719707,48.0,0.8452045662666884,1.3621004134901906,30.0,0.635284398653518,Dani,-7.86353,0,1,0.699270268596269,1,False,True,False,False,False,False,False,False,0.11224489795918367,0.09929078014184398,0.6814925218245151,1.4300593553416536,1.4673654909070573,0.699270268596269,1.3621004134901906,1,0,0.0,0.8452045662666884,0.0,3,3
2026-03-28,L. RAMAZANI,0.14735372016912815,1.0071273024014937,19.0,1.190691171270107,2.624609443927083,30.0,0.635284398653518,Dani,-4.05724,0,1,8.080441331661971,1,False,True,False,False,False,False,False,False,0.22413793103448276,0.09929078014184398,0.1463107727364664,0.12375467289076612,6.83471354867731,8.080441331661971,2.624609443927083,1,0,0.0,1.190691171270107,0.0,2,3
2026-03-28,B. PRADOS,-0.6234816943294244,-1.107273294338405,1.0,-0.6749364957483537,0.6284803012092939,30.0,0.635284398653518,,,0,0,1.0825299033104336,1,False,True,False,False,False,True,False,False,0.14035087719298245,0.09929078014184398,0.5630789260395561,0.9237648608747737,1.775954419132924,1.0825299033104336,0.6284803012092939,1,0,-0.0,-0.6749364957483537,-0.0,1,0
2026-03-28,S. COLOMBATTO,-0.6302096842315315,0.7428272278090065,1370.0,0.08513403525916731,-0.36105380372772994,30.0,0.635284398653518,,,0,0,-0.13508864188848602,0,False,True,False,False,False,False,False,False,0.09649122807017543,0.09929078014184398,-0.8483922132177897,-7.402471641822345,-1.1787003993999237,-0.13508864188848602,-0.36105380372772994,0,1,0.0,0.08513403525916731,0.0,0,2
2026-03-28,Ó. TREJO,-0.6309305402924714,-0.8694032272051663,14.0,-0.5367418537469861,,30.0,0.635284398653518,,,0,0,0.8507159983318835,0,False,True,False,False,False,False,False,False,0.15384615384615385,0.09929078014184398,0.725706146763276,1.175484474282044,1.3779719789346825,0.8507159983318835,,0,0,-0.0,-0.5367418537469861,-0.0,0,1
2026-03-28,R. ARAÚJO,0.6243201471577899,0.9278372800237475,3.0,1.0524965292687394,1.1403082865215475,30.0,0.635284398653518,,,0,0,1.68582553075482,1,True,False,False,False,False,False,False,False,0.30337078651685395,0.09929078014184398,0.6728760394988346,0.5931796795680451,1.4861538556682068,1.68582553075482,1.1403082865215475,1,0,1.0524965292687394,0.0,0.0,3,3
2026-03-28,C. AZPILICUETA,-0.2301345704098076,0.37280712337952415,17.0,0.7070099242653208,-0.6340287292275985,30.0,0.635284398653518,,,0,0,-3.0721720564553943,0,True,False,False,False,False,True,False,False,0.17708333333333334,0.09929078014184398,-0.6173003107433022,-0.32550355660904146,-1.6199597595242292,-3.0721720564553943,-0.6340287292275985,0,1,0.7070099242653208,0.0,0.0,2,3
2026-03-28,H. RINCÓN,-0.3606095174399554,0.7956872427275039,222.0,-0.05306060674220026,0.3043225771781998,30.0,0.635284398653518,,,0,0,0.14714185654540268,1,True,False,False,False,False,False,False,False,0.10227272727272728,0.09929078014184398,-0.4532045317194059,6.79630965212468,-2.2065126147775835,0.14714185654540268,0.3043225771781998,1,0,-0.05306060674220026,-0.0,-0.0,2,1
2026-03-28,S. CARDONA,-0.5321732599436855,0.5842471830535141,20.0,0.016036714258483527,-0.4975412664776643,30.0,0.635284398653518,,,0,0,-0.030134442295396108,0,True,False,False,False,False,False,False,False,0.2376237623762376,0.09929078014184398,-0.9108684894188899,-33.182612644578064,-1.097853509153858,-0.030134442295396108,-0.4975412664776643,0,1,0.016036714258483527,0.0,0.0,2,1
2026-03-28,R. ALHASSANE,-0.6254039771585979,0.1613670637055343,1370.0,-0.2603525697442513,0.49199283845935954,30.0,0.635284398653518,,,0,0,0.416295699337913,1,True,False,False,False,False,False,False,False,0.09649122807017543,0.09929078014184398,-3.875636621009718,2.402151743401989,-0.2580209394567892,0.416295699337913,0.49199283845935954,1,0,-0.2603525697442513,-0.0,-0.0,1,1
2026-03-29,Á. BERENGUER,0.47942807890884115,1.1921373546162348,1.0,0.5688152822639532,-1.3847097743522372,30.0,0.3189684715577685,,,0,0,1.1864430158440764,0,False,True,False,False,False,False,False,False,0.14035087719298245,0.09929078014184398,0.4021580859741531,0.8428522422049227,2.4865770706472072,1.1864430158440764,-1.3847097743522372,0,1,0.0,0.5688152822639532,0.0,3,2
2026-03-29,B. DÍAZ,-0.022047454151781925,0.13493705624628557,15.0,-0.3985472117456189,1.4474050777088998,30.0,0.3189684715577685,Maldinillo 💥,-2.69411,0,1,18.077610531007135,1,False,True,False,False,False,False,False,False,0.17857142857142858,0.09929078014184398,-0.16338944523953614,0.05531969317990709,-6.120578634427667,18.077610531007135,1.4474050777088998,1,0,-0.0,-0.3985472117456189,-0.0,2,1
2026-03-29,A. REINA,-0.38343662603639006,1.377147406830976,1370.0,0.3615233192619022,0.32138351002194165,30.0,0.3189684715577685,,,0,0,-0.942852710372801,1,False,True,False,False,False,False,False,False,0.09649122807017543,0.09929078014184398,-0.27842796327139135,-1.0606108790114719,-3.5916000322314265,-0.942852710372801,0.32138351002194165,1,0,0.0,0.3615233192619022,0.0,2,2
2026-03-29,R. TERRATS,-0.6047394367449832,0.3199471084610267,8.0,-0.12215792774288405,-0.3439928708839881,30.0,0.3189684715577685,,,0,0,0.20200126256303727,0,False,True,False,False,False,False,False,False,0.0641025641025641,0.09929078014184398,-1.890117243242422,4.950512819197934,-0.5290669304619505,0.20200126256303727,-0.3439928708839881,0,1,-0.0,-0.12215792774288405,-0.0,1,1
2026-03-29,J. SALAS,-0.6309305402924714,-1.107273294338405,408.0,-0.6749364957483537,-0.3439928708839881,30.0,0.3189684715577685,,,0,0,1.06974939774651,0,False,True,False,True,False,False,False,False,0.10833333333333334,0.09929078014184398,0.5698061294574812,0.9348012428845656,1.754987242830826,1.06974939774651,-0.3439928708839881,0,1,-0.0,-0.6749364957483537,-0.0,0,0
2026-03-29,A. ELUSTONDO,-0.6234816943294244,-0.8694032272051663,16.0,-1.1586177427531397,0.6284803012092939,30.0,0.3189684715577685,,,0,0,1.8583057234823834,1,True,False,False,False,False,False,False,False,0.12037037037037036,0.09929078014184398,0.717138367972333,0.5381259145693756,1.3944348800410578,1.8583057234823834,0.6284803012092939,1,0,-1.1586177427531397,-0.0,-0.0,1,0
2026-03-29,L. COSTA,-0.623721979683071,-1.2129933241753998,20.0,-2.0568829157620283,0.5431756369905849,30.0,0.3189684715577685,,,0,0,3.29776131116703,1,True,False,False,False,False,True,False,False,0.2376237623762376,0.09929078014184398,0.5142010936524938,0.30323664907715236,1.9447691575033337,3.29776131116703,0.5431756369905849,1,0,-2.0568829157620283,-0.0,-0.0,1,0
2026-03-29,R. SÁNCHEZ,-0.6242025503903643,-0.2615130556424454,8.0,-0.2603525697442513,-0.15632260960282846,30.0,0.3189684715577685,,,0,0,0.41709696103995825,0,True,False,False,False,False,False,False,False,0.0641025641025641,0.09929078014184398,2.3868978003974335,2.397537111082262,0.4189561135804612,0.41709696103995825,-0.15632260960282846,0,1,-0.2603525697442513,-0.0,-0.0,1,1
2026-03-29,T. LATO,-0.6309305402924714,-0.7108231824496739,408.0,-0.6058391747476699,,30.0,0.3189684715577685,,,0,0,0.9602326980391968,0,True,False,False,False,False,False,False,False,0.10833333333333334,0.09929078014184398,0.8876067121570749,1.0414176038927432,1.1266284696705868,0.9602326980391968,,0,0,-0.6058391747476699,-0.0,-0.0,0,0
2026-03-29,Í. LEKUE,-0.6309305402924714,-0.9751232570421612,1.0,-1.365909705755191,,30.0,0.3189684715577685,,,0,0,2.1649163948196417,0,True,False,False,False,False,False,False,False,0.14035087719298245,0.09929078014184398,0.6470271145346157,0.4619126722262445,1.5455343184440795,2.1649163948196417,,0,0,-1.365909705755191,-0.0,-0.0,0,0
2026-03-30,U. IZETA,-0.6201176993783708,-0.6843931749904252,1.0,-0.8131311377497211,0.8673333610216789,30.0,0.0026525444620189103,,,0,0,1.3112550243604721,1,False,False,True,False,False,False,False,False,0.14035087719298245,0.09929078014184398,0.9060853148811154,0.7626303227359175,1.1036522249384473,1.3112550243604721,0.8673333610216789,1,0,-0.0,-0.0,-0.8131311377497211,1,0
2026-03-30,J. VIRGILI,0.3602465435000875,0.9014072725644988,408.0,0.43062064026258595,-1.9306596253519743,30.0,0.0026525444620189103,,,0,0,1.1953465000170955,0,False,True,False,False,False,False,False,False,0.10833333333333334,0.09929078014184398,0.3996485881754659,0.8365732462502701,2.5021885334917764,1.1953465000170955,-1.9306596253519743,0,1,0.0,0.43062064026258595,0.0,2,2
2026-03-30,A. LISO,-0.6196371286710775,0.7428272278090065,9.0,0.1542313562598511,0.8161505624904536,30.0,0.0026525444620189103,,,0,0,-0.2489063324803677,1,False,True,False,False,False,False,False,False,0.17117117117117117,0.09929078014184398,-0.8341593728858625,-4.017556002497369,-1.1988120018148953,-0.2489063324803677,0.8161505624904536,1,0,0.0,0.1542313562598511,0.0,1,2
2026-03-30,A. BALDE,0.9780201877257043,1.0599873173199912,3.0,0.7761072452660043,-1.9135986925082327,30.0,0.0026525444620189103,,,0,0,0.7935484987505927,0,True,False,False,False,False,True,False,False,0.30337078651685395,0.09929078014184398,0.9226707235778504,1.2601595121444644,1.0838081328124305,0.7935484987505927,-1.9135986925082327,0,1,0.7761072452660043,0.0,0.0,3,3
2026-03-30,T. CORREIA,-0.6227608382684843,-0.15579302580545049,19.0,-0.6058391747476699,0.6796630997405192,30.0,0.0026525444620189103,,,0,0,0.9728295524517759,1,True,False,False,False,False,True,False,False,0.22413793103448276,0.09929078014184398,3.997385842110903,1.0279326464164504,0.2501654991731901,0.9728295524517759,0.6796630997405192,1,0,-0.6058391747476699,-0.0,-0.0,1,0
2026-03-30,A. CASTRÍN,-0.6309305402924714,-0.20865304072394794,17.0,0.3615233192619022,-0.5146021993214059,30.0,0.0026525444620189103,,,0,0,-0.5730010978631873,0,True,False,False,False,False,False,False,False,0.17708333333333334,0.09929078014184398,3.0238407355296797,-1.745195293032005,0.33070735700095055,-0.5730010978631873,-0.5146021993214059,0,1,0.3615233192619022,0.0,0.0,0,2
2026-03-30,Á. FORTUÑO,-0.623721979683071,-1.2129933241753998,8.0,-2.0568829157620283,0.06546951736581481,30.0,0.0026525444620189103,,,0,0,3.29776131116703,1,False,False,False,False,False,False,False,False,0.0641025641025641,0.09929078014184398,0.5142010936524938,0.30323664907715236,1.9447691575033337,3.29776131116703,0.06546951736581481,1,0,-0.0,-0.0,-0.0,1,0
2026-03-30,A. ITURBE,-0.6309305402924714,-1.2129933241753998,23.0,-2.0568829157620283,0.06546951736581481,30.0,0.0026525444620189103,,,0,0,3.260083391892773,1,False,False,False,False,False,False,False,False,0.1746031746031746,0.09929078014184398,0.520143885264387,0.306741255031515,1.9225495823402232,3.260083391892773,0.06546951736581481,1,0,-0.0,-0.0,-0.0,0,0
2026-03-30,R. BLANCO,-0.6309305402924714,-1.2129933241753998,222.0,-2.0568829157620283,,30.0,0.0026525444620189103,,,0,0,3.260083391892773,0,False,False,False,False,False,False,False,False,0.10227272727272728,0.09929078014184398,0.520143885264387,0.306741255031515,1.9225495823402232,3.260083391892773,,0,0,-0.0,-0.0,-0.0,0,0
2026-03-30,C. RIVERO,-0.6309305402924714,-1.2129933241753998,19.0,-2.0568829157620283,,30.0,0.0026525444620189103,,,0,0,3.260083391892773,0,False,False,False,False,False,False,False,False,0.22413793103448276,0.09929078014184398,0.520143885264387,0.306741255031515,1.9225495823402232,3.260083391892773,,0,0,-0.0,-0.0,-0.0,0,0
2026-03-31,A. SØRLOTH,2.0787673927811494,1.6678774888827121,2.0,0.637912603264637,-0.5316631321651478,30.0,-0.3136633826337306,,,0,0,0.30687045535226,0,False,False,True,False,False,False,False,False,0.2857142857142857,0.09929078014184398,1.246354219829099,3.258697388083097,0.8023392575501337,0.30687045535226,-0.5316631321651478,0,1,0.0,0.0,0.637912603264637,3,2
2026-03-31,A. KAMARA,-0.6213191261466041,-0.8694032272051663,9.0,-1.0895204217524561,-0.07101794538411951,30.0,-0.3136633826337306,,,0,0,1.753562910693799,0,False,False,True,True,False,False,False,False,0.17117117117117117,0.09929078014184398,0.7146509483233494,0.5702689770754455,1.3992883687414341,1.753562910693799,-0.07101794538411951,0,1,-0.0,-0.0,-1.0895204217524561,1,0
2026-03-31,E. EXPÓSITO,2.919045274483593,2.381487690282428,8.0,1.397983134272158,-0.17338354244657025,30.0,-0.3136633826337306,,,0,0,0.47891777067476415,0,False,True,False,False,False,False,False,False,0.0641025641025641,0.09929078014184398,1.2257229212948368,2.088038914692945,0.8158444458725601,0.47891777067476415,-0.17338354244657025,0,1,0.0,1.397983134272158,0.0,3,3
2026-03-31,B. MÉNDEZ,1.7536613092971902,1.482867436667971,16.0,0.7761072452660043,0.28726164433445806,30.0,-0.3136633826337306,,,0,0,0.4425636801061445,1,False,True,False,False,False,False,False,False,0.12037037037037036,0.09929078014184398,1.182614226544396,2.259557632577577,0.8455832281998781,0.4425636801061445,0.28726164433445806,1,0,0.0,0.7761072452660043,0.0,3,3
2026-03-31,L. KOUROUMA,-0.6275665453414179,-1.2129933241753998,222.0,-2.0568829157620283,0.28726164433445806,30.0,-0.3136633826337306,,,0,0,3.717973711407914,1,False,True,False,False,False,False,False,False,0.10227272727272728,0.09929078014184398,0.4957659957326719,0.26896425302154686,2.0170854638063793,3.717973711407914,0.28726164433445806,1,0,-0.0,-2.333272199764763,-0.0,1,0
2026-03-31,O. EL HILALI,-0.17919407543671126,1.2978573844532297,8.0,0.3615233192619022,-0.7193333934463075,30.0,-0.3136633826337306,,,0,0,-2.0175071965299667,0,True,False,False,False,False,False,False,False,0.0641025641025641,0.09929078014184398,-0.13806905097138417,-0.4956625761789933,-7.242787598182702,-2.0175071965299667,-0.7193333934463075,0,1,0.3615233192619022,0.0,0.0,2,2
2026-03-31,C. AZPILICUETA,-0.276509643663617,0.37280712337952415,17.0,0.7070099242653208,-1.0605520503211434,30.0,-0.3136633826337306,,,0,0,-2.5569179859904287,0,True,False,False,False,False,True,False,False,0.17708333333333334,0.09929078014184398,-0.7416942559004439,-0.39109670610952385,-1.348265712203405,-2.5569179859904287,-1.0605520503211434,0,1,0.7070099242653208,0.0,0.0,2,3
2026-03-31,J. MONTES,-0.6309305402924714,-1.1601333092569024,9.0,-0.6749364957483537,-0.7363943262900493,30.0,-0.3136633826337306,,,0,0,1.06974939774651,0,True,False,False,False,False,False,False,False,0.17117117117117117,0.09929078014184398,0.5438436075421434,0.9348012428845656,1.8387684125855246,1.06974939774651,-0.7363943262900493,0,1,-0.6749364957483537,-0.0,-0.0,0,0
2026-03-31,A. CASTRÍN,-0.6309305402924714,-0.20865304072394794,17.0,0.3615233192619022,,30.0,-0.3136633826337306,,,0,0,-0.5730010978631873,0,True,False,False,False,False,False,False,False,0.17708333333333334,0.09929078014184398,3.0238407355296797,-1.745195293032005,0.33070735700095055,-0.5730010978631873,,0,0,0.3615233192619022,0.0,0.0,0,2
2026-03-31,D. PAMPÍN,-0.6309305402924714,-0.8165432122866688,12.0,-0.3294498907449351,-0.39517566941521354,30.0,-0.3136633826337306,,,0,0,0.5221658992099443,0,True,False,False,False,False,False,False,False,0.125,0.09929078014184398,0.7726857605139543,1.9151090139227347,1.2941908091799839,0.5221658992099443,-0.39517566941521354,0,1,-0.3294498907449351,-0.0,-0.0,0,1
2026-04-01,A. GRIEZMANN,1.8026795214411133,1.9586075709344481,2.0,1.121593850269423,0.32138351002194165,30.0,-0.6299793097294802,Jotabetrbb,-11.688,0,1,0.6221811557451065,1,False,False,True,False,False,False,False,False,0.2857142857142857,0.09929078014184398,0.920387844816312,1.6072466104922685,1.0864973286385113,0.6221811557451065,0.32138351002194165,1,0,0.0,0.0,1.121593850269423,3,3
2026-04-01,D. RABA,-0.6220399822075442,-0.605103152612679,19.0,-0.7440338167490376,0.7308458982717445,30.0,-0.6299793097294802,,,0,0,1.1961208831455352,1,False,False,True,False,False,False,False,False,0.22413793103448276,0.09929078014184398,1.02799168623303,0.8360383684761024,0.9727736844807349,1.1961208831455352,0.7308458982717445,1,0,-0.0,-0.0,-0.7440338167490376,1,0
2026-04-01,P. TORRE,-0.3666166512811224,1.0335573098607425,408.0,0.22332867726053457,0.8161505624904536,30.0,-0.6299793097294802,,,0,0,-0.6091629653020055,1,False,True,False,False,False,False,False,False,0.10833333333333334,0.09929078014184398,-0.35471307983631706,-1.6415939689619954,-2.8191849045424586,-0.6091629653020055,0.8161505624904536,1,0,0.0,0.22332867726053457,0.0,2,2
2026-04-01,K. SIBO,-0.5026181614451438,0.2406570860832805,1370.0,-0.12215792774288405,0.611419368365552,30.0,-0.6299793097294802,,,0,0,0.24304368635494056,1,False,True,False,False,False,False,False,False,0.09649122807017543,0.09929078014184398,-2.08851557670583,4.114528506341079,-0.4788079368227981,0.24304368635494056,0.611419368365552,1,0,-0.0,-0.12215792774288405,-0.0,2,1
2026-04-01,A. DADIE,-0.6261248332195378,-1.2129933241753998,16.0,-2.0568829157620283,0.04840858452207302,30.0,-0.6299793097294802,,,0,0,3.285105607920252,1,False,True,False,False,False,False,False,False,0.12037037037037036,0.09929078014184398,0.5161820241897916,0.30440485106193993,1.937305784924638,3.285105607920252,0.04840858452207302,1,0,-0.0,-2.0568829157620283,-0.0,1,0
2026-04-01,D. CEBALLOS,-0.6309305402924714,-0.15579302580545049,15.0,-0.19125524874356753,-0.7363943262900493,30.0,-0.6299793097294802,,,0,0,0.3031324997953178,0,False,True,False,True,False,False,False,False,0.17857142857142858,0.09929078014184398,4.049825637933247,3.298909929778444,0.246926187246252,0.3031324997953178,-0.7363943262900493,0,1,-0.0,-0.19125524874356753,-0.0,0,1
2026-04-01,D. HUIJSEN,1.9454090215072417,0.6635372054312603,15.0,0.29242599826121835,0.6455412340530357,30.0,-0.6299793097294802,,,0,0,0.15031586916297265,1,True,False,False,False,False,False,False,False,0.17857142857142858,0.09929078014184398,2.931871903657517,6.6526313680840525,0.3410783321231032,0.15031586916297265,0.6455412340530357,1,0,0.29242599826121835,0.0,0.0,3,2
2026-04-01,E. BAILLY,-0.5362581109556792,-0.2350830481831967,1370.0,0.7761072452660043,0.2702007114907163,30.0,-0.6299793097294802,,,0,0,-1.4472670467397277,1,True,False,False,False,False,False,False,False,0.09649122807017543,0.09929078014184398,2.2811529638272487,-0.6909578840666503,0.43837749352031613,-1.4472670467397277,0.2702007114907163,1,0,0.7761072452660043,0.0,0.0,2,3
2026-04-01,M. MORENO,-0.5372192523702658,0.4785271532165191,12.0,0.29242599826121835,0.2531397786469745,30.0,-0.6299793097294802,,,0,0,-0.5443336985871251,1,True,False,False,False,False,False,False,False,0.125,0.09929078014184398,-1.122649208326079,-1.8371055188631393,-0.8907499905396082,-0.5443336985871251,0.2531397786469745,1,0,0.29242599826121835,0.0,0.0,2,2
2026-04-01,F. CARDOSO,-0.6201176993783708,-0.9486932495829125,17.0,-0.3294498907449351,0.8673333610216789,30.0,-0.6299793097294802,,,0,0,0.5312707931832646,1,True,False,False,False,False,False,False,False,0.17708333333333334,0.09929078014184398,0.6536552814160781,1.882288017349788,1.529862444494592,0.5312707931832646,0.8673333610216789,1,0,-0.3294498907449351,-0.0,-0.0,1,1
2026-04-02,A. ADAMS,0.33261372783071913,1.4300074217494736,17.0,0.8452045662666884,-0.5316631321651478,30.0,-0.9462952368252298,Maldinillo 💥,-4.17004,0,1,2.5410918265075946,0,False,False,True,False,False,False,False,False,0.17708333333333334,0.09929078014184398,0.23259564263530644,0.393529977919915,4.299290747213279,2.5410918265075946,-0.5316631321651478,0,1,0.0,0.0,0.8452045662666884,2,3
2026-04-02,K. GARCÍA,0.31242975812439805,1.6414474814234634,8.0,0.637912603264637,1.7715628017399938,30.0,-0.9462952368252298,Maldinillo 💥,-4.08613,0,1,2.0417727342025795,1,False,False,True,False,False,False,False,False,0.0641025641025641,0.09929078014184398,0.1903378398166107,0.48976813870323954,5.253796045170116,2.0417727342025795,1.7715628017399938,1,0,0.0,0.0,0.637912603264637,2,2
2026-04-02,R. NTEKA,-0.6198774140247241,-0.8429732197459175,14.0,-0.8131311377497211,0.8843942938654207,30.0,-0.9462952368252298,,,0,0,1.311763311770867,1,False,False,True,False,False,False,False,False,0.15384615384615385,0.09929078014184398,0.7353473809748594,0.7623348160974454,1.359905298336283,1.311763311770867,0.8843942938654207,1,0,-0.0,-0.0,-0.8131311377497211,1,0
2026-04-02,L. RIOJA,0.41767474302164426,1.6150174739642147,19.0,0.5688152822639532,1.430344144865158,30.0,-0.9462952368252298,Maldinillo 💥,-4.52417,0,1,1.3618585512026653,1,False,True,False,False,False,False,False,False,0.22413793103448276,0.09929078014184398,0.25861917356054903,0.7342876004871933,3.8666776822625377,1.3618585512026653,1.430344144865158,1,0,0.0,0.5688152822639532,0.0,3,2
2026-04-02,T. ALMADA,-0.09605534307495961,0.7428272278090065,2.0,0.4997179612632697,-1.401770707195979,30.0,-0.9462952368252298,,,0,0,-5.202450459458102,0,False,True,False,False,False,False,False,False,0.2857142857142857,0.09929078014184398,-0.1293103028115634,-0.19221872796688666,-7.733405945312784,-5.202450459458102,-1.401770707195979,0,1,0.0,0.4997179612632697,0.0,2,2
2026-04-02,C. BENAVÍDEZ,-0.6266054039268312,-0.8165432122866688,48.0,-0.8822284587504049,0.2531397786469745,30.0,-0.9462952368252298,,,0,0,1.407951257957362,1,False,True,False,False,False,True,False,False,0.11224489795918367,0.09929078014184398,0.7673888679582982,0.7102537987361682,1.3031239601405944,1.407951257957362,0.2531397786469745,1,0,-0.0,-0.8822284587504049,-0.0,1,0
2026-04-02,U. NÚÑEZ,0.284556657101383,-0.5258131302349327,19.0,0.4997179612632697,1.413283212021416,30.0,-0.9462952368252298,,,0,0,1.7561219977476439,1,True,False,False,False,False,False,False,False,0.22413793103448276,0.09929078014184398,-0.5411755277959129,0.5694333798782321,-1.8478263266259414,1.7561219977476439,1.413283212021416,1,0,0.4997179612632697,0.0,0.0,2,2
2026-04-02,V. VALDEPEÑAS,-0.6234816943294244,-1.1601333092569024,15.0,-0.6749364957483537,0.6284803012092939,30.0,-0.9462952368252298,,,0,0,1.0825299033104336,1,True,False,False,False,False,False,False,False,0.17857142857142858,0.09929078014184398,0.5374229209500958,0.9237648608747737,1.8607365389311166,1.0825299033104336,0.6284803012092939,1,0,-0.6749364957483537,-0.0,-0.0,1,0
2026-04-02,A. NYOM,-0.6309305402924714,-0.9222632421236637,9.0,-1.365909705755191,,30.0,-0.9462952368252298,,,0,0,2.1649163948196417,0,True,False,False,False,False,False,False,True,0.17117117117117117,0.09929078014184398,0.6841118626299261,0.4619126722262445,1.4617531486893809,2.1649163948196417,,0,0,-1.365909705755191,-0.0,-0.0,0,0
2026-04-02,A. SAN MIGUEL,-0.6258845478658911,-1.2129933241753998,4.0,-2.0568829157620283,0.3555053757094252,30.0,-0.9462952368252298,,,0,0,3.2863668054153092,1,False,False,False,False,False,False,False,False,0.19230769230769232,0.09929078014184398,0.5159839311360618,0.3042880308634611,1.9380495434197123,3.2863668054153092,0.3555053757094252,1,0,-0.0,-0.0,-0.0,1,0
2026-04-03,ALEMÃO,-0.6309305402924714,-0.2350830481831967,14.0,-0.5367418537469861,,30.0,-1.1044532003731045,,,0,0,0.8507159983318835,0,False,False,True,False,False,False,False,False,0.15384615384615385,0.09929078014184398,2.6838737588367216,1.175484474282044,0.37259794187829987,0.8507159983318835,,0,0,-0.0,-0.0,-0.5367418537469861,0,1
2026-04-03,I. DIABATE,-0.6309305402924714,-1.1337033017976537,48.0,0.016036714258483527,,30.0,-1.1044532003731045,,,0,0,-0.02541759932662149,0,False,False,True,False,False,False,False,False,0.11224489795918367,0.09929078014184398,0.5565222362978686,-39.34042782678497,1.7968778277081754,-0.02541759932662149,,0,0,0.0,0.0,0.016036714258483527,0,1
2026-04-03,C. ÁLVAREZ,0.7089005916414215,1.879317548556702,12.0,1.0524965292687394,-1.162917647383594,30.0,-1.1044532003731045,,,0,0,1.4846863678662976,0,False,True,False,False,False,True,False,False,0.125,0.09929078014184398,0.37721151221853805,0.6735413356589595,2.6510274073517714,1.4846863678662976,-1.162917647383594,0,1,0.0,1.0524965292687394,0.0,3,3
2026-04-03,G. DIANGANA,-0.625163691804951,-0.07650300342770429,23.0,-0.3294498907449351,0.5090537713031014,30.0,-1.1044532003731045,,,0,0,0.5269826479788121,1,False,True,False,False,False,True,False,False,0.1746031746031746,0.09929078014184398,8.171860393116914,1.897604482417163,0.12237295096229608,0.5269826479788121,0.5090537713031014,1,0,-0.0,-0.3294498907449351,-0.0,1,1
2026-04-03,A. JANUZAJ,-0.6309305402924714,-0.4200931003979378,17.0,-0.3294498907449351,0.03134765167833123,30.0,-1.1044532003731045,,,0,0,0.5221658992099443,1,False,True,False,False,False,False,False,False,0.17708333333333334,0.09929078014184398,1.501886228507544,1.9151090139227347,0.6658320360197447,0.5221658992099443,0.03134765167833123,1,0,-0.0,-0.3294498907449351,-0.0,0,1
2026-04-03,J. PACHECO,-0.33177527500235365,0.4785271532165191,48.0,0.016036714258483527,-0.9581864532586926,30.0,-1.1044532003731045,,,0,0,-0.04833621973364197,0,True,False,False,False,False,False,False,False,0.11224489795918367,0.09929078014184398,-0.6933244632991022,-20.68719205586627,-1.442327477659696,-0.04833621973364197,-0.9581864532586926,0,1,0.016036714258483527,0.0,0.0,2,1
2026-04-03,A. NYOM,-0.6220399822075442,-0.9222632421236637,9.0,-1.365909705755191,0.7308458982717445,30.0,-1.1044532003731045,,,0,0,2.195858691858404,1,True,False,False,False,False,False,False,True,0.17117117117117117,0.09929078014184398,0.6744719167676134,0.4554037759526742,1.4826454105025033,2.195858691858404,0.7308458982717445,1,0,-1.365909705755191,-0.0,-0.0,1,0
2026-04-03,D. PAMPÍN,-0.6242025503903643,-0.8165432122866688,12.0,-0.3294498907449351,0.5772975026780686,30.0,-1.1044532003731045,,,0,0,0.527794092371131,1,True,False,False,False,False,False,False,False,0.125,0.09929078014184398,0.7644461498718225,1.8946870604995676,1.3081403142558963,0.527794092371131,0.5772975026780686,1,0,-0.3294498907449351,-0.0,-0.0,1,1
2026-04-03,A. REMIRO,1.008296142285186,1.7207375038012096,16.0,0.5688152822639532,1.345039480646449,30.0,-1.1044532003731045,Maldinillo 💥,-6.982,0,1,0.5641345774072123,1,False,False,False,False,False,False,False,False,0.12037037037037036,0.09929078014184398,0.585967094975676,1.7726218002622096,1.7065777850975181,0.5641345774072123,1.345039480646449,1,0,0.0,0.0,0.0,3,2
2026-04-03,Á. FORTUÑO,-0.625163691804951,-1.2129933241753998,8.0,-2.0568829157620283,0.5090537713031014,30.0,-1.1044532003731045,,,0,0,3.2901562148941705,1,False,False,False,False,False,False,False,False,0.0641025641025641,0.09929078014184398,0.5153896519748724,0.30393757026802487,1.9402842493260144,3.2901562148941705,0.5090537713031014,1,0,-0.0,-0.0,-0.0,1,0
2026-04-04,C. ESPÍ,-0.08908706781920589,1.0335573098607425,12.0,1.6052750972742091,1.7715628017399938,31.0,0.635284398653518,Dani,-2.5645,1,1,-18.019373136235014,1,False,False,True,False,False,False,False,False,0.125,0.15714285714285714,-0.08619452523313284,-0.05549641458592545,-11.601783928304892,-18.019373136235014,1.7715628017399938,1,0,0.0,0.0,1.6052750972742091,2,3
2026-04-04,A. TCHOUAMÉNI,3.4300673446445993,2.275767660445433,15.0,1.4670804552728416,-0.19044447529031205,31.0,0.635284398653518,Dani,-17.43755,1,1,0.41692652992425216,0,False,True,False,False,False,False,False,False,0.17857142857142858,0.15714285714285714,1.5462017639776175,2.3985018040673807,0.6467456574540005,0.41692652992425216,-0.19044447529031205,0,1,0.0,1.4670804552728416,0.0,3,3
2026-04-04,A. ALMEIDA,-0.45648337354498103,0.18779707116478303,19.0,-0.05306060674220026,0.457870972771876,31.0,0.635284398653518,,,0,0,0.11623801885303629,1,False,True,False,False,False,False,False,False,0.22413793103448276,0.15714285714285714,-2.4307138551196332,8.60321818370966,-0.4114004878356553,0.11623801885303629,0.457870972771876,1,0,-0.0,-0.05306060674220026,-0.0,2,1
2026-04-04,C. PICKEL,-0.6287679721096513,-0.36723308547944034,8.0,-0.7440338167490376,0.2531397786469745,31.0,0.635284398653518,,,0,0,1.1833220409981788,1,False,True,False,False,False,False,False,False,0.0641025641025641,0.15714285714285714,1.7121814704419478,0.8450809668006013,0.5840527600349184,1.1833220409981788,0.2531397786469745,1,0,-0.0,-0.7440338167490376,-0.0,0,0
2026-04-04,A. RAȚIU,1.978328114956837,2.090757608230692,14.0,1.121593850269423,1.515648809083867,31.0,0.635284398653518,Dani,-11.31804,1,1,0.5669399705993275,1,True,False,False,False,False,False,False,False,0.15384615384615385,0.15714285714285714,0.9462250243374583,1.7638527089185678,1.0568300251074796,0.5669399705993275,1.515648809083867,1,0,1.121593850269423,0.0,0.0,3,3
2026-04-04,D. HUIJSEN,1.9615081402015695,0.6635372054312603,15.0,0.29242599826121835,-0.08807887822786128,31.0,0.635284398653518,Maldinillo 💥,-11.00898,0,1,0.14908214918191406,0,True,False,False,False,False,False,False,False,0.17857142857142858,0.15714285714285714,2.95613443829765,6.707684830281639,0.3382789260737646,0.14908214918191406,-0.08807887822786128,0,1,0.29242599826121835,0.0,0.0,3,2
2026-04-04,J. MOJICA,-0.37238349976864277,1.1392773396977374,408.0,0.1542313562598511,-0.5657849978526314,31.0,0.635284398653518,,,0,0,-0.4141745553447688,0,True,False,False,False,False,False,False,False,0.10833333333333334,0.15714285714285714,-0.32685910614910846,-2.41443176256252,-3.0594277131861944,-0.4141745553447688,-0.5657849978526314,0,1,0.1542313562598511,0.0,0.0,2,2
2026-04-04,S. CARDONA,-0.6044991513913366,0.5842471830535141,20.0,0.016036714258483527,-0.4804803336339225,31.0,0.635284398653518,,,0,0,-0.026528971547014328,0,True,False,False,False,False,False,False,False,0.2376237623762376,0.15714285714285714,-1.034661585478936,-37.69235077071987,-0.9664995363654759,-0.026528971547014328,-0.4804803336339225,0,1,0.016036714258483527,0.0,0.0,1,1
2026-04-04,A. CASTRÍN,-0.6309305402924714,-0.20865304072394794,17.0,0.3615233192619022,,31.0,0.635284398653518,,,0,0,-0.5730010978631873,0,True,False,False,False,False,False,False,False,0.17708333333333334,0.15714285714285714,3.0238407355296797,-1.745195293032005,0.33070735700095055,-0.5730010978631873,,0,0,0.3615233192619022,0.0,0.0,0,2
2026-04-04,R. BLANCO,-0.6302096842315315,-1.2129933241753998,222.0,-2.0568829157620283,-0.6510896620713403,31.0,0.635284398653518,,,0,0,3.263812396159164,0,False,False,False,False,False,False,False,False,0.10227272727272728,0.15714285714285714,0.5195496061031978,0.30639079443607875,1.9247486658399648,3.263812396159164,-0.6510896620713403,0,1,-0.0,-0.0,-0.0,0,0
2026-04-05,J. KARRIKABURU,-0.6205982700856641,-0.9222632421236637,16.0,-0.8131311377497211,0.8332114953341953,31.0,0.3189684715577685,,,0,0,1.3102396303442982,1,False,False,True,False,False,False,False,False,0.12037037037037036,0.15714285714285714,0.6729086823034546,0.7632213360128614,1.4860897502761479,1.3102396303442982,0.8332114953341953,1,0,-0.0,-0.0,-0.8131311377497211,1,0
2026-04-05,Á. BERENGUER,0.2804718060893894,1.1921373546162348,1.0,0.5688152822639532,-2.4936704091954534,31.0,0.3189684715577685,,,0,0,2.028058585054646,0,False,True,False,False,False,False,False,False,0.14035087719298245,0.15714285714285714,0.23526783196206869,0.4930797778380742,4.250456118146047,2.028058585054646,-2.4936704091954534,0,1,0.0,0.5688152822639532,0.0,2,2
2026-04-05,R. NAVARRO,-0.37983234573168984,1.2978573844532297,1.0,0.7070099242653208,-0.7363943262900493,31.0,0.3189684715577685,,,0,0,-1.8613785623810721,0,False,True,False,False,False,False,False,False,0.14035087719298245,0.15714285714285714,-0.29266085597752495,-0.5372368837530856,-3.4169306957884062,-1.8613785623810721,-0.7363943262900493,0,1,0.0,0.7070099242653208,0.0,2,3
2026-04-05,U. LÓPEZ,-0.6191565579637841,0.6106771905127628,14.0,0.08513403525916731,0.8843942938654207,31.0,0.3189684715577685,,,0,0,-0.13750023586826465,1,False,True,False,False,False,False,False,False,0.15384615384615385,0.15714285714285714,-1.0138835274989964,-7.2726411174782895,-0.9863065632828945,-0.13750023586826465,0.8843942938654207,1,0,0.0,0.08513403525916731,0.0,1,2
2026-04-05,A. REGO,-0.6254039771585979,0.3463771159202754,1.0,0.016036714258483527,0.15077418158452377,31.0,0.3189684715577685,,,0,0,-0.025642209653915237,1,False,True,False,False,False,False,False,False,0.14035087719298245,0.15714285714285714,-1.8055528002887598,-38.99582989688045,-0.5538462856284686,-0.025642209653915237,0.15077418158452377,1,0,0.0,0.016036714258483527,0.0,1,1
2026-04-05,A. LISO,-0.6292485428169448,0.7428272278090065,9.0,0.1542313562598511,0.2190179129594909,31.0,0.3189684715577685,,,0,0,-0.2451044235618394,1,False,True,False,False,False,False,False,False,0.17117117117117117,0.15714285714285714,-0.84709831864216,-4.0798737572081505,-1.180500800183662,-0.2451044235618394,0.2190179129594909,1,0,0.0,0.1542313562598511,0.0,0,2
2026-04-05,F. PÉREZ,-0.6309305402924714,0.5313871681350165,14.0,-0.2603525697442513,,31.0,0.3189684715577685,,,0,0,0.412649199502631,0,False,True,False,True,False,False,False,False,0.15384615384615385,0.15714285714285714,-1.1873251572514556,2.4233790520727316,-0.8422290195648291,0.412649199502631,,0,0,-0.0,-0.2603525697442513,-0.0,0,1
2026-04-05,B. PRADOS,-0.6309305402924714,-1.107273294338405,1.0,-0.6749364957483537,-0.2928100723527628,31.0,0.3189684715577685,,,0,0,1.06974939774651,0,False,True,False,True,False,False,False,False,0.14035087719298245,0.15714285714285714,0.5698061294574812,0.9348012428845656,1.754987242830826,1.06974939774651,-0.2928100723527628,0,1,-0.0,-0.6749364957483537,-0.0,0,0
2026-04-05,Y. ENRÍQUEZ,-0.6217996968538976,0.3199471084610267,48.0,-0.12215792774288405,0.7479068311154864,31.0,0.3189684715577685,,,0,0,0.19645896390739329,1,True,False,False,False,False,False,False,False,0.11224489795918367,0.15714285714285714,-1.9434392028282295,5.090171374992844,-0.5145509472436284,0.19645896390739329,0.7479068311154864,1,0,-0.12215792774288405,-0.0,-0.0,1,1
2026-04-05,T. LATO,-0.6254039771585979,-0.7108231824496739,408.0,-0.6058391747476699,0.49199283845935954,31.0,0.3189684715577685,,,0,0,0.9687180855776983,1,True,False,False,False,False,False,False,False,0.10833333333333334,0.15714285714285714,0.8798318237668059,1.0322954267764277,1.1365842639239854,0.9687180855776983,0.49199283845935954,1,0,-0.6058391747476699,-0.0,-0.0,1,0
2026-04-06,G. GURUZETA,0.12885174793833373,0.9278372800237475,1.0,0.016036714258483527,-0.8558208561962418,31.0,0.0026525444620189103,,,0,0,0.1244576814625511,0,False,False,True,False,False,False,False,False,0.14035087719298245,0.15714285714285714,0.13887306733565233,8.034296275741074,7.200756637862247,0.1244576814625511,-0.8558208561962418,0,1,0.0,0.0,0.016036714258483527,2,1
2026-04-06,V. BIRMANCEVIC,-0.6191565579637841,-1.00155326450141,9.0,-0.19125524874356753,0.13371324874078197,31.0,0.0026525444620189103,,,0,0,0.30889692627899257,1,False,False,True,False,False,False,False,False,0.17117117117117117,0.15714285714285714,0.6181969527791052,3.237347991123299,1.6176116835569023,0.30889692627899257,0.13371324874078197,1,0,-0.0,-0.0,-0.19125524874356753,1,1
2026-04-06,B. TURRIENTES,-0.15876982037674336,0.8485472576460014,16.0,0.637912603264637,0.9185161595529042,31.0,0.0026525444620189103,,,0,0,-4.017870774317847,1,False,True,False,False,False,False,False,False,0.12037037037037036,0.15714285714285714,-0.18710759104873348,-0.24888922193257898,-5.34454596080313,-4.017870774317847,0.9185161595529042,1,0,0.0,0.637912603264637,0.0,2,2
2026-04-06,H. BURCIO,-0.623001123622131,-1.1601333092569024,5.0,-0.6749364957483537,0.6455412340530357,31.0,0.0026525444620189103,,,0,0,1.083364946742328,1,False,True,False,False,False,False,True,False,0.16049382716049382,0.15714285714285714,0.5370086831054476,0.9230528362289807,1.8621718764867525,1.083364946742328,0.6455412340530357,1,0,-0.0,-0.6749364957483537,-0.0,1,0
2026-04-06,L. ILIC,-0.6266054039268312,-0.3143730705609429,1370.0,-0.7440338167490376,0.40668817424065057,31.0,0.0026525444620189103,,,0,0,1.1874059806894026,1,False,True,False,True,False,False,False,False,0.09649122807017543,0.15714285714285714,1.9931967964226642,0.8421744173391552,0.5017090026670996,1.1874059806894026,0.40668817424065057,1,0,-0.0,-0.7440338167490376,-0.0,1,0
2026-04-06,T. ABED,-0.6287679721096513,-1.0808432868791562,12.0,-1.1586177427531397,-0.2075054081340538,31.0,0.0026525444620189103,,,0,0,1.8426822561396994,0,False,True,False,False,False,False,False,False,0.125,0.15714285714285714,0.5817388713807334,0.5426884912913946,1.7189886473405078,1.8426822561396994,-0.2075054081340538,0,1,-0.0,-1.1586177427531397,-0.0,0,0
2026-04-06,J. KOUNDÉ,2.2460059989192396,1.6943074963419609,3.0,0.8452045662666884,0.18489604727200734,31.0,0.0026525444620189103,Dani,-13.53999,1,1,0.376314306533058,1,True,False,False,False,False,False,False,False,0.30337078651685395,0.15714285714285714,1.3256180936166009,2.657348801948798,0.7543642994689009,0.376314306533058,0.18489604727200734,1,0,0.8452045662666884,0.0,0.0,3,3
2026-04-06,Y. ENRÍQUEZ,-0.6266054039268312,0.3463771159202754,48.0,-0.19125524874356753,-0.24162727382153742,31.0,0.0026525444620189103,,,0,0,0.30522487161756445,0,True,False,False,False,False,False,False,False,0.11224489795918367,0.15714285714285714,-1.8090213414956466,3.276295340068391,-0.552784362429604,0.30522487161756445,-0.24162727382153742,0,1,-0.19125524874356753,-0.0,-0.0,1,1
2026-04-06,F. MENDY,-0.6309305402924714,-1.0808432868791562,15.0,-0.3294498907449351,,31.0,0.0026525444620189103,,,0,0,0.5221658992099443,0,True,False,False,True,False,False,False,False,0.17857142857142858,0.15714285714285714,0.583739688899693,1.9151090139227347,1.7130966579534768,0.5221658992099443,,0,0,-0.3294498907449351,-0.0,-0.0,0,1
2026-04-06,P. CAMPOS,-0.6309305402924714,-0.9222632421236637,12.0,1.7434697392755767,-0.3439928708839881,31.0,0.0026525444620189103,,,0,0,-2.7633350920094504,0,False,False,False,False,False,False,False,False,0.125,0.15714285714285714,0.6841118626299261,-0.3618819209748408,1.4617531486893809,-2.7633350920094504,-0.3439928708839881,0,1,0.0,0.0,0.0,0,3
2026-04-07,H. DURO,1.0042112912731924,1.9321775634751994,19.0,0.7761072452660043,0.40668817424065057,31.0,-0.3136633826337306,,,0,0,0.772851768506055,1,False,False,True,False,False,False,False,False,0.22413793103448276,0.15714285714285714,0.5197300654588709,1.2939062268678871,1.9240728083754928,0.772851768506055,0.40668817424065057,1,0,0.0,0.0,0.7761072452660043,3,3
2026-04-07,V. VANAT,0.9628822104459632,1.5621574590457172,222.0,0.637912603264637,-0.9411255204149508,31.0,-0.3136633826337306,,,0,0,0.6625025718011899,0,False,False,True,False,False,False,False,False,0.10227272727272728,0.15714285714285714,0.6163793467111931,1.509424168912908,1.622374803193627,0.6625025718011899,-0.9411255204149508,0,1,0.0,0.0,0.637912603264637,3,2
2026-04-07,D. MORCILLO,-0.6191565579637841,-1.1865633167161511,48.0,-1.365909705755191,0.6967240325842611,31.0,-0.3136633826337306,,,0,0,2.2060848654048364,1,False,False,True,False,False,False,False,False,0.11224489795918367,0.15714285714285714,0.5218070296360999,0.45329278256665145,1.9164219741778625,2.2060848654048364,0.6967240325842611,1,0,-0.0,-0.0,-1.365909705755191,1,0
2026-04-07,I. DIABATE,-0.6201176993783708,-1.0808432868791562,48.0,-0.3294498907449351,0.8673333610216789,31.0,-0.3136633826337306,,,0,0,0.5312707931832646,1,False,False,True,False,False,False,False,False,0.11224489795918367,0.15714285714285714,0.5737356013048952,1.882288017349788,1.7429675542726648,0.5312707931832646,0.8673333610216789,1,0,-0.0,-0.0,-0.3294498907449351,1,1
2026-04-07,J. MUÑOZ,-0.6290082574632979,-0.4200931003979378,9.0,-0.6058391747476699,0.23607884580323268,31.0,-0.3136633826337306,,,0,0,0.9631672251142829,1,False,True,False,False,False,False,False,False,0.17117117117117117,0.15714285714285714,1.4973103680537232,1.0382446727218506,0.6678668575178561,0.9631672251142829,0.23607884580323268,1,0,-0.0,-0.6058391747476699,-0.0,0,0
2026-04-07,Ó. TREJO,-0.6309305402924714,-0.8694032272051663,14.0,-0.5367418537469861,-0.6681505949150821,31.0,-0.3136633826337306,,,0,0,0.8507159983318835,0,False,True,False,False,False,False,False,False,0.15384615384615385,0.15714285714285714,0.725706146763276,1.175484474282044,1.3779719789346825,0.8507159983318835,-0.6681505949150821,0,1,-0.0,-0.5367418537469861,-0.0,0,1
2026-04-07,C. ROMERO,2.9036670118502053,2.735121190087179,8.0,2.088956344278995,,31.0,-0.3136633826337306,Maldinillo 💥,-15.04955,0,1,0.7194198289038976,0,True,False,False,False,False,False,False,False,0.0641025641025641,0.15714285714285714,0.8924257950999156,1.390007804516663,1.1205406138577136,0.7194198289038976,,0,0,2.088956344278995,0.0,0.0,3,3
2026-04-07,A. DE LA FUENTE,0.42632501575292464,1.5092974441272198,12.0,0.7070099242653208,-0.5657849978526314,31.0,-0.3136633826337306,,,0,0,1.6583785603998076,0,True,False,False,False,False,False,False,False,0.125,0.15714285714285714,0.28246568292161406,0.6029963627449371,3.540242416268414,1.6583785603998076,-0.5657849978526314,0,1,0.7070099242653208,0.0,0.0,3,3
2026-04-07,F. GARCÍA,-0.5136712877128911,-0.5258131302349327,15.0,-0.05306060674220026,-0.2075054081340538,31.0,-0.3136633826337306,,,0,0,0.1032970136903417,0,True,False,False,False,False,False,False,False,0.17857142857142858,0.15714285714285714,0.9769103034640584,9.681023272725264,1.023639371037222,0.1032970136903417,-0.2075054081340538,0,1,-0.05306060674220026,-0.0,-0.0,2,1
2026-04-07,F. GATTONI,-0.6261248332195378,-1.1601333092569024,17.0,-0.6749364957483537,0.44081003992813417,31.0,-0.3136633826337306,,,0,0,1.0779600774463742,1,True,False,False,False,False,False,False,False,0.17708333333333334,0.15714285714285714,0.5397012290956611,0.9276809964266354,1.8528815670399899,1.0779600774463742,0.44081003992813417,1,0,-0.6749364957483537,-0.0,-0.0,1,0
2026-04-08,I. DIABATE,-0.6275665453414179,-1.0808432868791562,48.0,-0.3294498907449351,-0.4292975351026971,31.0,-0.6299793097294802,,,0,0,0.5249649111404016,0,False,False,True,False,False,False,False,False,0.11224489795918367,0.15714285714285714,0.5806273060924225,1.9048980372111513,1.7222795210835535,0.5249649111404016,-0.4292975351026971,0,1,-0.0,-0.0,-0.3294498907449351,1,1
2026-04-08,B. MAYORAL,-0.6309305402924714,0.10850704878703685,9.0,0.43062064026258595,,31.0,-0.6299793097294802,,,0,0,-0.6825177975705006,0,False,False,True,True,False,False,False,False,0.17117117117117117,0.15714285714285714,-5.814596680572206,-1.4651621778871597,-0.17197966152724076,-0.6825177975705006,,0,0,0.0,0.0,0.43062064026258595,0,2
2026-04-08,T. KUBO,1.0051724326877791,0.9278372800237475,16.0,1.0524965292687394,1.6862581375212848,31.0,-0.6299793097294802,Maldinillo 💥,-6.97153,0,1,1.0470795337819674,1,False,True,False,False,False,False,False,False,0.12037037037037036,0.15714285714285714,1.0833487411858587,0.9550354321365097,0.9230618815130849,1.0470795337819674,1.6862581375212848,1,0,0.0,1.0524965292687394,0.0,3,3
2026-04-08,A. OROZ,0.4193567404971709,1.0335573098607425,50.0,0.4997179612632697,-0.7363943262900493,31.0,-0.6299793097294802,,,0,0,1.1916268927594553,0,False,True,False,False,False,False,False,False,0.18181818181818182,0.15714285714285714,0.40574076614378285,0.8391851680733782,2.464619607677696,1.1916268927594553,-0.7363943262900493,0,1,0.0,0.4997179612632697,0.0,3,2
2026-04-08,F. MASTANTUONO,-0.5850360377459554,-0.12936301834620176,15.0,-0.3985472117456189,-0.9411255204149508,31.0,-0.6299793097294802,,,0,0,0.6812364833415044,0,False,True,False,False,False,False,False,True,0.17857142857142858,0.15714285714285714,4.522471473661363,1.4679252254927158,0.22112012101807849,0.6812364833415044,-0.9411255204149508,0,1,-0.0,-0.3985472117456189,-0.0,1,1
2026-04-08,Ó. VALENTÍN,-0.5948877372454693,0.9278372800237475,14.0,0.08513403525916731,0.06546951736581481,31.0,-0.6299793097294802,,,0,0,-0.14310965420639105,1,False,True,False,False,False,False,False,False,0.15384615384615385,0.15714285714285714,-0.6411545525263771,-6.9875784444619935,-1.559687284877041,-0.14310965420639105,0.06546951736581481,1,0,0.0,0.08513403525916731,0.0,1,2
2026-04-08,A. LAPORTE,1.3956361323636357,0.7428272278090065,1.0,0.637912603264637,1.327978547802707,31.0,-0.6299793097294802,,,0,0,0.45707626178179656,1,True,False,False,False,False,False,False,False,0.14035087719298245,0.15714285714285714,1.8788140785657879,2.1878137183800725,0.5322495443718687,0.45707626178179656,1.327978547802707,1,0,0.637912603264637,0.0,0.0,3,2
2026-04-08,R. IRANZO,-0.6234816943294244,-1.1865633167161511,19.0,-1.365909705755191,0.6284803012092939,31.0,-0.6299793097294802,,,0,0,2.190781074984648,1,True,False,False,False,False,False,False,False,0.22413793103448276,0.15714285714285714,0.5254521280053202,0.45645927264568564,1.9031275988302128,2.190781074984648,0.6284803012092939,1,0,-1.365909705755191,-0.0,-0.0,1,0
2026-04-08,Y. LAGO,-0.624442835744011,-0.9222632421236637,5.0,-0.5367418537469861,-0.17338354244657025,31.0,-0.6299793097294802,,,0,0,0.8595546022432466,0,True,False,False,False,False,False,False,False,0.16049382716049382,0.15714285714285714,0.6770773075412114,1.163397254717575,1.4769401877515205,0.8595546022432466,-0.17338354244657025,0,1,-0.5367418537469861,-0.0,-0.0,1,1
2026-04-08,A. FREEMAN,-0.6309305402924714,-0.9222632421236637,20.0,-0.5367418537469861,,31.0,-0.6299793097294802,Dani,-0.16001,0,1,0.8507159983318835,0,True,False,False,False,False,False,False,False,0.2376237623762376,0.15714285714285714,0.6841118626299261,1.175484474282044,1.4617531486893809,0.8507159983318835,,0,0,-0.5367418537469861,-0.0,-0.0,0,1
2026-04-09,ALEMÃO,-0.6287679721096513,-0.1822230332646992,14.0,-0.5367418537469861,0.2531397786469745,31.0,-0.9462952368252298,,,0,0,0.853641933427418,1,False,False,True,False,False,False,False,False,0.15384615384615385,0.15714285714285714,3.4505595226033448,1.1714554010938876,0.28981012258532113,0.853641933427418,0.2531397786469745,1,0,-0.0,-0.0,-0.5367418537469861,0,1
2026-04-09,F. DE JONG,2.708315019335454,1.482867436667971,3.0,1.6743724182748931,-0.36105380372772994,31.0,-0.9462952368252298,Maldinillo 💥,-15.396153,0,1,0.6182337682608169,0,False,True,False,False,False,True,False,False,0.30337078651685395,0.15714285714285714,1.8264027693657578,1.6175095649367337,0.5475237845514889,0.6182337682608169,-0.36105380372772994,0,1,0.0,1.6743724182748931,0.0,3,3
2026-04-09,S. DARDER,0.6692535082897191,1.773597518719707,408.0,0.5688152822639532,0.2531397786469745,31.0,-0.9462952368252298,,,0,0,0.8499237214218571,1,False,True,False,False,False,False,False,False,0.10833333333333334,0.15714285714285714,0.37734216691431816,1.176572347095998,2.6501091838023445,0.8499237214218571,0.2531397786469745,1,0,0.0,0.5688152822639532,0.0,3,2
2026-04-09,B. MENDY,-0.6299693988778847,0.7428272278090065,17.0,0.08513403525916731,-0.8899427218837255,31.0,-0.9462952368252298,,,0,0,-0.13514016800018883,0,False,True,False,False,False,False,False,False,0.17708333333333334,0.15714285714285714,-0.8480687395738822,-7.399649239119213,-1.1791499845581916,-0.13514016800018883,-0.8899427218837255,0,1,0.0,0.08513403525916731,0.0,0,2
2026-04-09,J. CESTERO,-0.6309305402924714,-1.1865633167161511,15.0,-1.7113963107586097,,31.0,-0.9462952368252298,,,0,0,2.7124998933562074,0,False,True,False,False,False,False,False,False,0.17857142857142858,0.15714285714285714,0.5317297974189773,0.36866440869982225,1.8806589974628738,2.7124998933562074,,0,0,-0.0,-1.7113963107586097,-0.0,0,0
2026-04-09,J. FIRPO,-0.6193968433174307,-0.7372531899089226,4.0,-0.8131311377497211,0.16783511442826554,31.0,-0.9462952368252298,,,0,0,1.3127810696866498,1,True,False,False,True,False,False,False,False,0.19230769230769232,0.15714285714285714,0.8401424258827209,0.7617438028205015,1.1902779101006848,1.3127810696866498,0.16783511442826554,1,0,-0.8131311377497211,-0.0,-0.0,1,0
2026-04-09,M. KUMBULLA,-0.6258845478658911,-0.7901132048274201,408.0,-0.4676445327463027,0.457870972771876,31.0,-0.9462952368252298,,,0,0,0.7471749886074742,1,True,False,False,False,False,False,False,False,0.10833333333333334,0.15714285714285714,0.7921464116638973,1.338379564858506,1.2623965073399226,0.7471749886074742,0.457870972771876,1,0,-0.4676445327463027,-0.0,-0.0,1,1
2026-04-09,T. CORREIA,-0.6309305402924714,-0.12936301834620176,19.0,-0.6058391747476699,-0.2245663409777956,31.0,-0.9462952368252298,Dani,-0.16001,0,1,0.9602326980391968,0,True,False,False,False,False,False,False,False,0.22413793103448276,0.15714285714285714,4.877247188614203,1.0414176038927432,0.20503560236890273,0.9602326980391968,-0.2245663409777956,0,1,-0.6058391747476699,-0.0,-0.0,0,0
2026-04-09,X. ESPART,-0.6309305402924714,-1.107273294338405,3.0,-0.6749364957483537,,31.0,-0.9462952368252298,,,0,0,1.06974939774651,0,True,False,False,False,False,False,False,False,0.30337078651685395,0.15714285714285714,0.5698061294574812,0.9348012428845656,1.754987242830826,1.06974939774651,,0,0,-0.6749364957483537,-0.0,-0.0,0,0
2026-04-09,R. SÁNCHEZ,-0.6309305402924714,-0.1822230332646992,8.0,-0.2603525697442513,-0.07101794538411951,31.0,-0.9462952368252298,,,0,0,0.412649199502631,0,True,False,False,False,False,False,False,False,0.0641025641025641,0.15714285714285714,3.462427287132559,2.4233790520727316,0.28881677212360124,0.412649199502631,-0.07101794538411951,0,1,-0.2603525697442513,-0.0,-0.0,0,1
2026-04-10,A. DANJUMA,-0.3430686866237476,1.0599873173199912,19.0,0.1542313562598511,-0.599906863540115,31.0,-1.1044532003731045,,,0,0,-0.4495653839558522,0,False,False,True,False,False,False,False,False,0.22413793103448276,0.15714285714285714,-0.3236532714729737,-2.2243626106946364,-3.0897323142022124,-0.4495653839558522,-0.599906863540115,0,1,0.0,0.0,0.1542313562598511,2,2
2026-04-10,J. JIMÉNEZ,-0.6198774140247241,-0.6315331600719277,9.0,-0.12215792774288405,0.8843942938654207,31.0,-1.1044532003731045,,,0,0,0.1970681977553218,1,False,False,True,False,False,True,False,False,0.17117117117117117,0.15714285714285714,0.9815452849687398,5.074435199692009,1.0188049517346836,0.1970681977553218,0.8843942938654207,1,0,-0.0,-0.0,-0.12215792774288405,1,1
2026-04-10,J. LLABRÉS,-0.6309305402924714,-0.7901132048274201,408.0,-1.2968123847545072,-0.27574913950902097,31.0,-1.1044532003731045,,,0,0,2.0553996951123286,0,False,False,True,False,False,False,False,False,0.10833333333333334,0.15714285714285714,0.7985328367763692,0.4865245229258298,1.2523002243026347,2.0553996951123286,-0.27574913950902097,0,1,-0.0,-0.0,-1.2968123847545072,0,0
2026-04-10,E. EXPÓSITO,2.8032277340258926,2.487207720119423,8.0,1.397983134272158,-0.39517566941521354,31.0,-1.1044532003731045,,,0,0,0.4987046248860423,0,False,True,False,False,False,False,False,False,0.0641025641025641,0.15714285714285714,1.1270576977919633,2.005192809634679,0.8872653486779111,0.4987046248860423,-0.39517566941521354,0,1,0.0,1.397983134272158,0.0,3,3
2026-04-10,L. BELTRÁN,-0.6299693988778847,0.6371071979720115,19.0,-0.05306060674220026,-0.2075054081340538,31.0,-1.1044532003731045,,,0,0,0.08422741019504015,0,False,True,False,False,False,False,False,False,0.22413793103448276,0.15714285714285714,-0.9887949972754229,11.872862193244393,-1.0113319955522255,0.08422741019504015,-0.2075054081340538,0,1,-0.0,-0.05306060674220026,-0.0,0,1
2026-04-10,N. MOLINA,-0.15684753754756992,0.5578171755942654,2.0,0.016036714258483527,1.652136271833801,31.0,-1.1044532003731045,Los marinero,-2.53,0,1,-0.10224461763218559,1,True,False,False,False,False,False,False,False,0.2857142857142857,0.15714285714285714,-0.28118039965347874,-9.77991844845357,-3.556451958176541,-0.10224461763218559,1.652136271833801,1,0,0.016036714258483527,0.0,0.0,2,1
2026-04-10,F. CALERO,-0.6287679721096513,0.8221172501867526,8.0,0.4997179612632697,0.014286718834589441,31.0,-1.1044532003731045,,,0,0,-0.7947586044263842,1,True,False,False,False,False,False,False,False,0.0641025641025641,0.15714285714285714,-0.764814516606121,-1.258243174363748,-1.3075070521410639,-0.7947586044263842,0.014286718834589441,1,0,0.4997179612632697,0.0,0.0,0,2
2026-04-10,J. FIRPO,-0.6287679721096513,-0.7372531899089226,4.0,-0.8131311377497211,-0.5657849978526314,31.0,-1.1044532003731045,,,0,0,1.2932154101884321,0,True,False,False,True,False,False,False,False,0.19230769230769232,0.15714285714285714,0.8528533122259385,0.7732685617209089,1.1725380349341128,1.2932154101884321,-0.5657849978526314,0,1,-0.8131311377497211,-0.0,-0.0,0,0
2026-04-10,A. MUÑOZ,-0.6309305402924714,-0.28794306310169415,16.0,-0.5367418537469861,,31.0,-1.1044532003731045,,,0,0,0.8507159983318835,0,True,False,False,False,False,False,False,False,0.12037037037037036,0.15714285714285714,2.1911718402519123,1.175484474282044,0.4563791116329984,0.8507159983318835,,0,0,-0.5367418537469861,-0.0,-0.0,0,1
2026-04-10,U. SIMÓN,1.2942357131247366,1.9321775634751994,1.0,0.7070099242653208,-1.162917647383594,31.0,-1.1044532003731045,,,0,0,0.5462755901571927,0,False,False,False,False,False,False,False,False,0.14035087719298245,0.15714285714285714,0.6698323527598483,1.8305738549508568,1.4929089430713585,0.5462755901571927,-1.162917647383594,0,1,0.0,0.0,0.0,3,3
2026-04-11,T. ASANO,-0.6234816943294244,-0.28794306310169415,408.0,-0.4676445327463027,0.6284803012092939,33.0,1.900548107036516,,,0,0,0.7500545518081695,1,False,False,True,False,False,False,False,False,0.10833333333333334,0.07894736842105263,2.165302587657107,1.3332413487425776,0.46183156226094085,0.7500545518081695,0.6284803012092939,1,0,-0.0,-0.0,-0.4676445327463027,1,1
2026-04-11,J. ARANGO,-0.6234816943294244,-1.1601333092569024,222.0,-1.365909705755191,0.6284803012092939,33.0,1.900548107036516,,,0,0,2.190781074984648,1,False,False,True,False,False,False,True,False,0.10227272727272728,0.07894736842105263,0.5374229209500958,0.45645927264568564,1.8607365389311166,2.190781074984648,0.6284803012092939,1,0,-0.0,-0.0,-1.365909705755191,1,0
2026-04-11,KOKE,2.0278268978080534,2.4079176977416767,2.0,1.3288858132714745,-1.811233095445782,33.0,1.900548107036516,,,0,0,0.6553247515274404,0,False,True,False,False,False,False,False,True,0.2857142857142857,0.07894736842105263,0.8421492385560603,1.5259590791001358,1.187436912345705,0.6553247515274404,-1.811233095445782,0,1,0.0,1.3288858132714745,0.0,3,3
2026-04-11,S. AMRABAT,0.31218947277075126,0.18779707116478303,4.0,1.6052750972742091,2.6075485110833414,33.0,1.900548107036516,Maldinillo 💥,-4.77028,1,1,5.141973369741492,1,False,True,False,False,False,False,False,False,0.19230769230769232,0.07894736842105263,1.6623678338890993,0.19447712035384768,0.6015464517480225,5.141973369741492,2.6075485110833414,1,0,0.0,1.6052750972742091,0.0,2,3
2026-04-11,T. MORENTE,-0.510067007408191,-0.6579631675311765,23.0,0.8452045662666884,0.3043225771781998,33.0,1.900548107036516,,,0,0,-1.657049389669082,1,False,True,False,False,False,False,False,False,0.1746031746031746,0.07894736842105263,0.7752223951144157,-0.6034827830833868,1.289956903567243,-1.657049389669082,0.3043225771781998,1,0,0.0,0.8452045662666884,0.0,2,3
2026-04-11,B. SANTAMARIA,-0.6254039771585979,-0.10293301088695302,19.0,-0.5367418537469861,0.15077418158452377,33.0,1.900548107036516,,,0,0,0.8582336083297412,1,False,True,False,False,False,False,False,False,0.22413793103448276,0.07894736842105263,6.075893900930969,1.1651879539123113,0.16458669793132424,0.8582336083297412,0.15077418158452377,1,0,-0.0,-0.5367418537469861,-0.0,1,1
2026-04-11,M. BUENO,-0.6309305402924714,-0.8429732197459175,17.0,-0.4676445327463027,,33.0,1.900548107036516,,,0,0,0.7411992986245708,0,False,True,False,False,False,False,False,False,0.17708333333333334,0.07894736842105263,0.7484594693792422,1.3491698187019558,1.3360813940573333,0.7411992986245708,,0,0,-0.0,-0.4676445327463027,-0.0,0,1
2026-04-11,R. VEIGA,-0.22052315626394034,0.689967212890509,20.0,-0.12215792774288405,0.5602365698343267,33.0,1.900548107036516,,,0,0,0.5539485456358166,1,True,False,False,False,False,False,False,False,0.2376237623762376,0.07894736842105263,-0.31961350123666515,1.8052447809435546,-3.1287886196101558,0.5539485456358166,0.5602365698343267,1,0,-0.12215792774288405,-0.0,-0.0,2,1
2026-04-11,A. MUÑOZ,-0.6290082574632979,-0.28794306310169415,16.0,-0.5367418537469861,0.23607884580323268,33.0,1.900548107036516,,,0,0,0.8533158359914546,1,True,False,False,False,False,False,False,False,0.12037037037037036,0.07894736842105263,2.1844959040984135,1.1719030758925715,0.4577738327899904,0.8533158359914546,0.23607884580323268,1,0,-0.5367418537469861,-0.0,-0.0,0,1
2026-04-11,Á. ORTIZ,-0.6299693988778847,-0.3408030780201916,4.0,-0.3294498907449351,-0.4634194007901807,33.0,1.900548107036516,,,0,0,0.5229625665854976,0,True,False,False,True,False,False,False,False,0.19230769230769232,0.07894736842105263,1.8484904861424016,1.9121915920051396,0.5409844027529611,0.5229625665854976,-0.4634194007901807,0,1,-0.3294498907449351,-0.0,-0.0,0,1
2026-04-12,G. GUEDES,2.8243728451468004,2.566497742497169,16.0,1.121593850269423,,33.0,1.5842321799407666,,,0,0,0.39711239083901323,0,False,False,True,False,False,False,False,False,0.12037037037037036,0.07894736842105263,1.100477003311805,2.5181756535957227,0.908696186557333,0.39711239083901323,,0,0,0.0,0.0,1.121593850269423,3,3
2026-04-12,Á. GARCÍA,1.8166160719526208,2.5400677350379204,14.0,1.190691171270107,-0.03689607969663593,33.0,1.5842321799407666,,,0,0,0.6554442263334413,0,False,True,False,False,False,False,False,False,0.15384615384615385,0.07894736842105263,0.7151838243170615,1.5256807055469621,1.3982405947047976,0.6554442263334413,-0.03689607969663593,0,1,0.0,1.190691171270107,0.0,3,3
2026-04-12,J. CARDOSO,-0.24310997950672839,-0.1822230332646992,2.0,0.016036714258483527,-1.333526975821012,33.0,1.5842321799407666,,,0,0,-0.06596512515096008,0,False,True,False,True,False,False,False,False,0.2857142857142857,0.07894736842105263,1.3341415148934388,-15.158642658702416,0.7495528698052716,-0.06596512515096008,-1.333526975821012,0,1,0.0,0.016036714258483527,0.0,2,1
2026-04-12,P. AGUDÍN,-0.6270859746341245,-1.0544132794199075,1370.0,-1.2277150637538237,0.372566308553167,33.0,1.5842321799407666,,,0,0,1.9578129175717205,1,False,True,False,False,False,False,False,False,0.09649122807017543,0.07894736842105263,0.5947255991547447,0.5107752636772476,1.6814519914707087,1.9578129175717205,0.372566308553167,1,0,-0.0,-1.2277150637538237,-0.0,1,0
2026-04-12,U. LÓPEZ,-0.6302096842315315,0.6106771905127628,14.0,0.08513403525916731,-0.39517566941521354,33.0,1.5842321799407666,,,0,0,-0.13508864188848602,0,False,True,False,False,False,False,False,False,0.15384615384615385,0.07894736842105263,-1.0319832835398441,-7.402471641822345,-0.9690078949918232,-0.13508864188848602,-0.39517566941521354,0,1,0.0,0.08513403525916731,0.0,0,2
2026-04-12,T. ABED,-0.6304499695851781,-1.0808432868791562,12.0,-1.1586177427531397,0.13371324874078197,33.0,1.5842321799407666,,,0,0,1.8377660978897077,1,False,True,False,False,False,False,False,False,0.125,0.07894736842105263,0.5832950627843687,0.5441402202484007,1.714402495717184,1.8377660978897077,0.13371324874078197,1,0,-0.0,-1.1586177427531397,-0.0,0,0
2026-04-12,C. LENGLET,-0.5850360377459554,-0.2615130556424454,2.0,-0.12215792774288405,-0.2245663409777956,33.0,1.5842321799407666,,,0,0,0.20880446445316955,0,True,False,False,False,False,False,False,False,0.2857142857142857,0.07894736842105263,2.23712836606604,4.789217022364376,0.44700409166947097,0.20880446445316955,-0.2245663409777956,0,1,-0.12215792774288405,-0.0,-0.0,1,1
2026-04-12,S. BOSELLI,-0.6165134190736705,-0.7636831973681714,9.0,-0.3985472117456189,-0.3781147365714717,33.0,1.5842321799407666,,,0,0,0.6464544742577104,0,True,False,False,False,False,False,False,False,0.17117117117117117,0.07894736842105263,0.8072905472961409,1.5469057311405936,1.238715026236827,0.6464544742577104,-0.3781147365714717,0,1,-0.3985472117456189,-0.0,-0.0,1,1
2026-04-12,A. NYOM,-0.6227608382684843,-0.9222632421236637,9.0,-1.365909705755191,0.11665231589704018,33.0,1.5842321799407666,,,0,0,2.1933169447036818,1,True,False,False,False,False,False,False,False,0.17117117117117117,0.07894736842105263,0.6752535339996928,0.4559315242991799,1.4809292209464182,2.1933169447036818,0.11665231589704018,1,0,-1.365909705755191,-0.0,-0.0,1,0
2026-04-12,MARCÃO,-0.6309305402924714,-0.36723308547944034,17.0,-0.3294498907449351,,33.0,1.5842321799407666,,,0,0,0.5221658992099443,0,True,False,False,True,False,False,False,False,0.17708333333333334,0.07894736842105263,1.7180703027862045,1.9151090139227347,0.5820508662650462,0.5221658992099443,,0,0,-0.3294498907449351,-0.0,-0.0,0,1
2026-04-13,I. ROMERO,0.846343813927323,1.9321775634751994,12.0,1.121593850269423,0.7649677639592282,33.0,1.267916252845017,,,0,0,1.3252209168327649,1,False,False,True,False,False,False,False,False,0.125,0.07894736842105263,0.4380256721227134,0.7545896040125535,2.282967333974966,1.3252209168327649,0.7649677639592282,1,0,0.0,0.0,1.121593850269423,3,3
2026-04-13,I. ROMERO,0.846343813927323,1.9321775634751994,12.0,1.121593850269423,-0.5828459306963732,33.0,1.267916252845017,,,0,0,1.3252209168327649,0,False,False,True,False,False,False,False,False,0.125,0.07894736842105263,0.4380256721227134,0.7545896040125535,2.282967333974966,1.3252209168327649,-0.5828459306963732,0,1,0.0,0.0,1.121593850269423,3,3
2026-04-13,A. ADAMS,0.23121330859181985,1.6678774888827121,17.0,0.8452045662666884,1.4985878762401252,33.0,1.267916252845017,,,0,0,3.655502859724794,1,False,False,True,False,False,False,False,False,0.17708333333333334,0.07894736842105263,0.13862719024975634,0.2735586676423578,7.213556544318989,3.655502859724794,1.4985878762401252,1,0,0.0,0.0,0.8452045662666884,2,3
2026-04-13,M. JOSEPH,-0.5960891640137027,1.08641732477924,408.0,0.016036714258483527,-1.1970395130710776,33.0,1.267916252845017,,,0,0,-0.026903258991928046,0,False,False,True,True,False,False,False,False,0.10833333333333334,0.07894736842105263,-0.5486737018494492,-37.16796261651733,-1.8225782532972181,-0.026903258991928046,-1.1970395130710776,0,1,0.0,0.0,0.016036714258483527,1,1
2026-04-13,R. GARCÍA DE HARO,-0.623001123622131,1.271427376993981,50.0,0.1542313562598511,-0.8216989905087583,33.0,1.267916252845017,,,0,0,-0.24756232047458987,0,False,False,True,False,False,False,False,False,0.18181818181818182,0.07894736842105263,-0.4900009586816705,-4.039367216646142,-2.0408140043406178,-0.24756232047458987,-0.8216989905087583,0,1,0.0,0.0,0.1542313562598511,1,2
2026-04-13,J. KARRIKABURU,-0.6309305402924714,-0.9222632421236637,16.0,-0.8131311377497211,-0.5146021993214059,33.0,1.267916252845017,,,0,0,1.2887827971611363,0,False,False,True,False,False,False,False,False,0.12037037037037036,0.07894736842105263,0.6841118626299261,0.7759281214671566,1.4617531486893809,1.2887827971611363,-0.5146021993214059,0,1,-0.0,-0.0,-0.8131311377497211,0,0
2026-04-13,I. MARTÍN,-0.3870409063410903,1.3242873919124785,222.0,0.22332867726053457,-0.4634194007901807,33.0,1.267916252845017,,,0,0,-0.5770171850540899,0,False,True,False,False,False,False,False,False,0.10227272727272728,0.07894736842105263,-0.29226330813195683,-1.73304735442559,-3.421578421800803,-0.5770171850540899,-0.4634194007901807,0,1,0.0,0.22332867726053457,0.0,2,2
2026-04-13,C. ROMERO,2.9125575699351325,2.735121190087179,8.0,2.019859023278312,-0.8387599233525,33.0,1.267916252845017,,,0,0,0.6934998815571621,0,True,False,False,False,False,False,False,False,0.0641025641025641,0.07894736842105263,0.8808478027275575,1.44196010434819,1.1352691703740658,0.6934998815571621,-0.8387599233525,0,1,2.019859023278312,0.0,0.0,3,3
2026-04-13,D. COSTAS,-0.5763857650146749,0.8485472576460014,1370.0,0.637912603264637,-1.094673916008627,33.0,1.267916252845017,,,0,0,-1.1067478566134474,0,True,False,False,False,False,False,False,False,0.09649122807017543,0.07894736842105263,-0.6792610317928817,-0.9035483207520856,-1.4721889077418575,-1.1067478566134474,-1.094673916008627,0,1,0.637912603264637,0.0,0.0,2,2
2026-04-13,A. LUNIN,-0.30414245933298534,-0.9751232570421612,15.0,0.016036714258483527,0.372566308553167,33.0,1.267916252845017,,,0,0,-0.052727813872050694,1,False,False,False,False,False,False,False,False,0.17857142857142858,0.07894736842105263,0.3119018739819772,-18.96420240634366,3.2061503853526263,-0.052727813872050694,0.372566308553167,1,0,0.0,0.0,0.0,2,1
2026-04-13,H. MOLDOVAN,-0.623721979683071,-1.2129933241753998,1370.0,-2.0568829157620283,0.611419368365552,33.0,1.267916252845017,,,0,0,3.29776131116703,1,False,False,False,False,False,False,False,False,0.09649122807017543,0.07894736842105263,0.5142010936524938,0.30323664907715236,1.9447691575033337,3.29776131116703,0.611419368365552,1,0,-0.0,-0.0,-0.0,1,0
2026-04-14,F. VIÑAS,0.9431788114469355,2.302197667904682,1370.0,1.3288858132714745,2.6478123125945703,33.0,0.9516003257492676,Maldinillo 💥,-7.654,1,1,1.4089421732138498,1,False,False,True,False,False,False,False,False,0.09649122807017543,0.07894736842105263,0.40968610771778363,0.7097510502982591,2.4408894676963793,1.4089421732138498,2.7610969066770177,1,0,0.0,0.0,1.3288858132714745,3,3
2026-04-14,A. DANJUMA,-0.3930480401822573,1.1128473322384886,19.0,0.08513403525916731,-0.6681505949150821,33.0,0.9516003257492676,,,0,0,-0.21660011793929385,0,False,False,True,False,False,False,False,False,0.22413793103448276,0.07894736842105263,-0.35319102234860994,-4.61676017383142,-2.8313337042875513,-0.21660011793929385,-0.6681505949150821,0,1,0.0,0.0,0.08513403525916731,2,2
2026-04-14,T. OLUWASEYI,-0.625163691804951,0.29351710100177797,20.0,-0.3985472117456189,0.372566308553167,33.0,0.9516003257492676,,,0,0,0.6375095906554266,1,False,False,True,False,False,False,False,False,0.2376237623762376,0.07894736842105263,-2.129898257283847,1.5686102975781784,-0.4695051461793796,0.6375095906554266,0.372566308553167,1,0,-0.0,-0.0,-0.3985472117456189,1,1
2026-04-14,A. MAÑAS,-0.6261248332195378,-1.00155326450141,48.0,-1.1586177427531397,0.44081003992813417,33.0,0.9516003257492676,,,0,0,1.8504610131122314,1,False,False,True,False,False,False,False,False,0.11224489795918367,0.07894736842105263,0.6251544281927549,0.5404072029303851,1.599608913386045,1.8504610131122314,0.44081003992813417,1,0,-0.0,-0.0,-1.1586177427531397,1,0
2026-04-14,E. EXPÓSITO,2.715043009237561,2.566497742497169,8.0,1.3288858132714745,-1.9306596253519743,33.0,0.9516003257492676,,,0,0,0.4894527708391188,0,False,True,False,False,False,False,False,False,0.0641025641025641,0.07894736842105263,1.0578781763188632,2.0430957566307892,0.9452877131144158,0.4894527708391188,-1.9306596253519743,0,1,0.0,1.3288858132714745,0.0,3,3
2026-04-14,R. NAVARRO,-0.4987735957867969,1.3507173993717272,1.0,0.637912603264637,-1.077612983164885,33.0,0.9516003257492676,,,0,0,-1.2789648201468473,0,False,True,False,False,False,False,False,False,0.14035087719298245,0.07894736842105263,-0.369265419067954,-0.7818826769553648,-2.7080826227852715,-1.2789648201468473,-1.077612983164885,0,1,0.0,0.637912603264637,0.0,2,2
2026-04-14,T. FERNÁNDEZ,-0.5710994872344479,-0.12936301834620176,1370.0,0.7761072452660043,0.9867598909278714,33.0,0.9516003257492676,,,0,0,-1.3589726861724218,1,False,True,False,False,False,False,False,False,0.09649122807017543,0.07894736842105263,4.4147385340421765,-0.735850302735424,0.22651612854490985,-1.3589726861724218,0.9867598909278714,1,0,0.0,0.7761072452660043,0.0,2,3
2026-04-14,T. FERNÁNDEZ,-0.5710994872344479,-0.12936301834620176,1370.0,0.7761072452660043,-0.0539570125403777,33.0,0.9516003257492676,,,0,0,-1.3589726861724218,0,False,True,False,False,False,False,False,False,0.09649122807017543,0.07894736842105263,4.4147385340421765,-0.735850302735424,0.22651612854490985,-1.3589726861724218,-0.0539570125403777,0,1,0.0,0.7761072452660043,0.0,2,3
2026-04-14,Ó. TREJO,-0.6309305402924714,-0.8694032272051663,14.0,-0.5367418537469861,-0.2586882066652792,33.0,0.9516003257492676,,,0,0,0.8507159983318835,0,False,True,False,False,False,False,False,False,0.15384615384615385,0.07894736842105263,0.725706146763276,1.175484474282044,1.3779719789346825,0.8507159983318835,-0.2586882066652792,0,1,-0.0,-0.5367418537469861,-0.0,0,1
2026-04-14,J. ARESO,-0.6227608382684843,0.5578171755942654,1.0,-0.12215792774288405,0.16783511442826554,33.0,0.9516003257492676,,,0,0,0.19615575738238167,1,True,False,False,False,False,False,False,False,0.14035087719298245,0.07894736842105263,-1.1164226364711636,5.0980394626432615,-0.8957179659260224,0.19615575738238167,0.16783511442826554,1,0,-0.12215792774288405,-0.0,-0.0,1,1
2026-04-14,J. CRUZ,-0.6309305402924714,-0.4200931003979378,50.0,-0.6749364957483537,,33.0,0.9516003257492676,,,0,0,1.06974939774651,0,True,False,False,False,False,False,False,False,0.18181818181818182,0.07894736842105263,1.501886228507544,0.9348012428845656,0.6658320360197447,1.06974939774651,,0,0,-0.6749364957483537,-0.0,-0.0,0,0
2026-04-15,RODRYGO,-0.29525190124805817,0.26708709354252924,15.0,-0.05306060674220026,-1.2652832444460447,33.0,0.635284398653518,,,0,0,0.17971361482016554,0,False,False,True,True,False,False,False,False,0.17857142857142858,0.07894736842105263,-1.1054476346436026,5.564532407535419,-0.9046105953056285,0.17971361482016554,-1.2652832444460447,0,1,-0.0,-0.0,-0.05306060674220026,2,1
2026-04-15,N. GUDELJ,-0.5874388912824221,1.2978573844532297,17.0,0.3615233192619022,0.7479068311154864,33.0,0.635284398653518,,,0,0,-0.6154239020446383,1,False,True,False,False,False,False,False,False,0.17708333333333334,0.07894736842105263,-0.45262171768447773,-1.6248945367817946,-2.2093525183060754,-0.6154239020446383,0.7479068311154864,1,0,0.0,0.3615233192619022,0.0,1,2
2026-04-15,P. MARTÍNEZ,-0.6287679721096513,0.6635372054312603,12.0,0.43062064026258595,-0.36105380372772994,33.0,0.635284398653518,,,0,0,-0.6848652352361307,0,False,True,False,False,False,False,False,False,0.125,0.07894736842105263,-0.9475987470849393,-1.4601402096890417,-1.0552990771842663,-0.6848652352361307,-0.36105380372772994,0,1,0.0,0.43062064026258595,0.0,0,2
2026-04-15,A. DADIE,-0.6294888281705914,-1.2129933241753998,16.0,-2.0568829157620283,0.20195698011574914,33.0,0.635284398653518,,,0,0,3.267549940941213,1,False,True,False,False,False,False,False,False,0.12037037037037036,0.07894736842105263,0.5189553269420084,0.3060403338406425,1.9269527858871933,3.267549940941213,0.20195698011574914,1,0,-0.0,-2.0568829157620283,-0.0,0,0
2026-04-15,D. CEBALLOS,-0.6309305402924714,-0.15579302580545049,15.0,-0.19125524874356753,,33.0,0.635284398653518,,,0,0,0.3031324997953178,0,False,True,False,False,False,False,False,False,0.17857142857142858,0.07894736842105263,4.049825637933247,3.298909929778444,0.246926187246252,0.3031324997953178,,0,0,-0.0,-0.19125524874356753,-0.0,0,1
2026-04-15,T. PARTEY,-0.6309305402924714,-0.10293301088695302,20.0,-0.5367418537469861,,33.0,0.635284398653518,,,0,0,0.8507159983318835,0,False,True,False,False,False,True,False,False,0.2376237623762376,0.07894736842105263,6.129585294757358,1.175484474282044,0.16314501749155344,0.8507159983318835,,0,0,-0.0,-0.5367418537469861,-0.0,0,1
2026-04-15,D. ĆALETA-CAR,-0.2325374239462744,0.3992371308387729,16.0,-0.12215792774288405,-0.4804803336339225,33.0,0.635284398653518,,,0,0,0.5253281428766945,0,True,False,False,False,False,False,False,False,0.12037037037037036,0.07894736842105263,-0.5824529422020104,1.903595876573773,-1.7168799797618512,0.5253281428766945,-0.4804803336339225,0,1,-0.12215792774288405,-0.0,-0.0,2,1
2026-04-15,A. MATTURRO,-0.6196371286710775,-0.12936301834620176,12.0,-0.3985472117456189,0.7479068311154864,33.0,0.635284398653518,,,0,0,0.6431955680188888,1,True,False,False,False,False,False,False,False,0.125,0.07894736842105263,4.789946358233138,1.554743491243055,0.20877255595738797,0.6431955680188888,0.7479068311154864,1,0,-0.3985472117456189,-0.0,-0.0,1,1
2026-04-15,M. RISTIĆ,-0.6309305402924714,-1.0544132794199075,5.0,-1.0204231007517723,,33.0,0.635284398653518,,,0,0,1.6173328962830757,0,True,False,False,False,False,True,False,False,0.16049382716049382,0.07894736842105263,0.5983717684315877,0.6183034842421071,1.6712060730761276,1.6173328962830757,,0,0,-1.0204231007517723,-0.0,-0.0,0,0
2026-04-15,L. ROMÁN,0.5733796521846934,2.0378975933121946,408.0,1.190691171270107,1.0720645551465806,33.0,0.635284398653518,Los marinero,-5.172,0,1,2.076615537572359,1,False,False,False,False,False,False,False,False,0.10833333333333334,0.07894736842105263,0.2813582844928412,0.48155154289212426,3.554179209827542,2.076615537572359,1.0720645551465806,1,0,0.0,0.0,0.0,3,3
2026-04-16,P. MILLA,-0.1647769542179104,1.6943074963419609,8.0,0.7761072452660043,-1.162917647383594,33.0,0.3189684715577685,,,0,0,-4.710075866043111,0,False,False,True,False,False,False,False,False,0.0641025641025641,0.07894736842105263,-0.09725321839184922,-0.21231182019131176,-10.282492396319544,-4.710075866043111,-1.162917647383594,0,1,0.0,0.0,0.7761072452660043,2,3
2026-04-16,C. STUANI,-0.6201176993783708,-0.15579302580545049,222.0,-0.05306060674220026,0.8673333610216789,33.0,0.3189684715577685,,,0,0,0.0855655182248604,1,False,False,True,False,False,False,False,False,0.10227272727272728,0.07894736842105263,3.980420025815439,11.687189887993805,0.2512317858261574,0.0855655182248604,0.8673333610216789,1,0,-0.0,-0.0,-0.05306060674220026,1,1
2026-04-16,J. LLABRÉS,-0.6309305402924714,-0.7901132048274201,408.0,-1.2968123847545072,-0.7363943262900493,33.0,0.3189684715577685,,,0,0,2.0553996951123286,0,False,False,True,False,False,False,False,False,0.10833333333333334,0.07894736842105263,0.7985328367763692,0.4865245229258298,1.2523002243026347,2.0553996951123286,-0.7363943262900493,0,1,-0.0,-0.0,-1.2968123847545072,0,0
2026-04-16,C. BENAVÍDEZ,-0.6189162726101374,-0.8165432122866688,48.0,-0.8822284587504049,0.457870972771876,33.0,0.3189684715577685,,,0,0,1.4254430255530823,1,False,True,False,False,False,True,False,False,0.11224489795918367,0.07894736842105263,0.7579721700815761,0.7015382104369956,1.3193133994627078,1.4254430255530823,0.457870972771876,1,0,-0.0,-0.8822284587504049,-0.0,1,0
2026-04-16,C. PICKEL,-0.6249234064513044,-0.3408030780201916,8.0,-0.8131311377497211,0.014286718834589441,33.0,0.3189684715577685,,,0,0,1.3011713604048576,1,False,True,False,False,False,False,False,False,0.0641025641025641,0.07894736842105263,1.8336842606173291,0.7685404555053571,0.5453526301856931,1.3011713604048576,0.014286718834589441,1,0,-0.0,-0.8131311377497211,-0.0,1,0
2026-04-16,L. ILIC,-0.6309305402924714,-0.3143730705609429,1370.0,-0.7440338167490376,-0.5316631321651478,33.0,0.3189684715577685,,,0,0,1.1792660974538234,0,False,True,False,False,False,True,False,False,0.09649122807017543,0.07894736842105263,2.0069548136597644,0.8479875162620474,0.49826969651034764,1.1792660974538234,-0.5316631321651478,0,1,-0.0,-0.7440338167490376,-0.0,0,0
2026-04-16,M. RUGGERI,-0.41515429271775195,0.4520971457572704,2.0,0.016036714258483527,-0.2245663409777956,33.0,0.3189684715577685,,,0,0,-0.03862841639410125,0,True,False,False,False,False,False,False,False,0.2857142857142857,0.07894736842105263,-0.9182835554929406,-25.886126041817104,-1.088988462063422,-0.03862841639410125,-0.2245663409777956,0,1,0.016036714258483527,0.0,0.0,2,1
2026-04-16,J. BOÑAR,-0.591283456940769,-0.8694032272051663,2.0,2.1711821562698126,0.6284803012092939,33.0,0.3189684715577685,,,0,0,-11.713130895443829,1,True,False,False,False,False,False,False,False,0.2857142857142857,0.07894736842105263,0.6801034531985789,-0.08537440209428014,1.4703687163379815,-11.713130895443829,0.6284803012092939,1,0,6.925768814326856,0.0,0.0,1,3
2026-04-16,Á. FORTUÑO,-0.623721979683071,-1.2129933241753998,8.0,-2.0568829157620283,0.611419368365552,33.0,0.3189684715577685,,,0,0,3.29776131116703,1,False,False,False,False,False,False,False,False,0.0641025641025641,0.07894736842105263,0.5142010936524938,0.30323664907715236,1.9447691575033337,3.29776131116703,0.611419368365552,1,0,-0.0,-0.0,-0.0,1,0
2026-04-16,T. STEGEN,-0.6309305402924714,-1.00155326450141,222.0,0.7070099242653208,-0.6510896620713403,33.0,0.3189684715577685,,,0,0,-1.1205845963997532,0,False,False,False,True,False,False,False,False,0.10227272727272728,0.07894736842105263,0.6299526870987202,-0.8923915015147649,1.587424903321429,-1.1205845963997532,-0.6510896620713403,0,1,0.0,0.0,0.0,0,3
2026-04-17,V. MUÑOZ,3.1417897973140665,2.735121190087179,50.0,1.8125670602762602,1.2767957492714819,33.0,0.0026525444620189103,Dani,-19.02477,1,1,0.5769216275717127,1,False,False,True,False,False,False,False,False,0.18181818181818182,0.07894736842105263,0.9207360328246568,1.7333361798481735,1.0860869489178866,0.5769216275717127,1.2767957492714819,1,0,0.0,0.0,1.8125670602762602,3,3
2026-04-17,G. GURUZETA,0.043310162040115355,1.08641732477924,1.0,0.08513403525916731,1.2938566821152238,33.0,0.0026525444620189103,,,0,0,1.9656372918444227,1,False,False,True,False,False,False,False,False,0.14035087719298245,0.07894736842105263,0.039865087924502725,0.5087231350556319,25.084003143877464,1.9656372918444227,1.2938566821152238,1,0,0.0,0.0,0.08513403525916731,2,2
2026-04-17,C. BAKAMBU,-0.6261248332195378,-0.10293301088695302,4.0,-0.12215792774288405,-0.3439928708839881,33.0,0.0026525444620189103,,,0,0,0.19510186525682344,0,False,False,True,False,False,False,False,False,0.19230769230769232,0.07894736842105263,6.0828971262126705,5.125577769419722,0.16439720934702323,0.19510186525682344,-0.3439928708839881,0,1,-0.0,-0.0,-0.12215792774288405,1,1
2026-04-17,P. TORRE,-0.12416872945162129,1.3507173993717272,408.0,0.3615233192619022,1.7886237345837355,33.0,0.0026525444620189103,,,0,0,-2.9115722809666122,1,False,True,False,False,False,False,False,False,0.10833333333333334,0.07894736842105263,-0.09192791740260375,-0.34345885694530187,-10.878167824579565,-2.9115722809666122,1.7886237345837355,1,0,0.0,0.3615233192619022,0.0,2,2
2026-04-17,A. GUEVARA,-0.6309305402924714,0.21422707862403179,48.0,-0.2603525697442513,-0.7022724606025658,33.0,0.0026525444620189103,,,0,0,0.412649199502631,0,False,True,False,False,False,False,False,False,0.11224489795918367,0.07894736842105263,-2.9451346636952684,2.4233790520727316,-0.3395420010366379,0.412649199502631,-0.7022724606025658,0,1,-0.0,-0.2603525697442513,-0.0,0,1
2026-04-17,B. SANTAMARIA,-0.6309305402924714,-0.10293301088695302,19.0,-0.5367418537469861,-0.4634194007901807,33.0,0.0026525444620189103,,,0,0,0.8507159983318835,0,False,True,False,False,False,False,False,False,0.22413793103448276,0.07894736842105263,6.129585294757358,1.175484474282044,0.16314501749155344,0.8507159983318835,-0.4634194007901807,0,1,-0.0,-0.5367418537469861,-0.0,0,1
2026-04-17,S. COLOMBATTO,-0.6309305402924714,0.8749772651052501,1370.0,0.016036714258483527,,33.0,0.0026525444620189103,,,0,0,-0.02541759932662149,0,False,True,False,False,False,False,False,False,0.09649122807017543,0.07894736842105263,-0.7210813861948645,-39.34042782678497,-1.3868066229703697,-0.02541759932662149,,0,0,0.0,0.016036714258483527,0.0,0,1
2026-04-17,D. AGUADO,-0.6309305402924714,-1.107273294338405,15.0,0.7070099242653208,,33.0,0.0026525444620189103,,,0,0,-1.1205845963997532,0,True,False,False,False,False,False,False,False,0.17857142857142858,0.07894736842105263,0.5698061294574812,-0.8923915015147649,1.754987242830826,-1.1205845963997532,,0,0,0.7070099242653208,0.0,0.0,0,3
2026-04-17,T. NIANZOU,-0.6309305402924714,-0.7108231824496739,17.0,-0.9513257797510886,,33.0,0.0026525444620189103,,,0,0,1.5078161965757626,0,True,False,False,False,False,False,False,False,0.17708333333333334,0.07894736842105263,0.8876067121570749,0.6632125576057765,1.1266284696705868,1.5078161965757626,,0,0,-0.9513257797510886,-0.0,-0.0,0,0
2026-04-17,M. DITURO,0.5745810789529268,0.7956872427275039,23.0,1.4670804552728416,2.6478123125945703,33.0,0.0026525444620189103,Dani,-5.3021,1,1,2.5533000575763407,1,False,False,False,False,False,False,False,False,0.1746031746031746,0.07894736842105263,0.7221183474866314,0.3916490641251195,1.3848104072050103,2.5533000575763407,3.5970826160203653,1,0,0.0,0.0,0.0,3,3
2026-04-18,R. BARDGHJI,-0.5960891640137027,0.10850704878703685,3.0,0.08513403525916731,0.3043225771781998,33.0,-0.3136633826337306,,,0,0,-0.14282121403975784,1,False,False,True,False,False,False,False,False,0.30337078651685395,0.07894736842105263,-5.493501824768927,-7.001690457977652,-0.18203187940591709,-0.14282121403975784,0.3043225771781998,1,0,0.0,0.0,0.08513403525916731,1,2
2026-04-18,A. BARRENETXEA,1.412215821765257,1.9586075709344481,16.0,1.2597884922707905,1.327978547802707,33.0,-0.3136633826337306,,,0,0,0.892064499483916,1,False,True,False,False,False,False,False,False,0.12037037037037036,0.07894736842105263,0.7210301449316602,1.120993491714013,1.3869028754991095,0.892064499483916,1.327978547802707,1,0,0.0,1.2597884922707905,0.0,3,3
2026-04-18,J. VIRGILI,0.2540404171882545,1.271427376993981,408.0,0.637912603264637,2.1980861228335384,33.0,-0.3136633826337306,,,0,0,2.5110574894640867,1,False,True,False,False,False,False,False,False,0.10833333333333334,0.07894736842105263,0.1998071002543442,0.3982364004908458,5.004803512223381,2.5110574894640867,2.1980861228335384,1,0,0.0,0.637912603264637,0.0,2,2
2026-04-18,F. LÓPEZ,-0.13378014359748852,-0.12936301834620176,5.0,0.7761072452660043,-0.9240645875712089,33.0,-0.3136633826337306,,,0,0,-5.80140688896273,0,False,True,False,False,False,False,False,False,0.16049382716049382,0.07894736842105263,1.0341531873711407,-0.1723730477204717,0.9669894339840155,-5.80140688896273,-0.9240645875712089,0,1,0.0,0.7761072452660043,0.0,2,3
2026-04-18,F. LÓPEZ,-0.13378014359748852,-0.12936301834620176,5.0,0.7761072452660043,-0.3269319380402464,33.0,-0.3136633826337306,,,0,0,-5.80140688896273,0,False,True,False,False,False,False,False,False,0.16049382716049382,0.07894736842105263,1.0341531873711407,-0.1723730477204717,0.9669894339840155,-5.80140688896273,-0.3269319380402464,0,1,0.0,0.7761072452660043,0.0,2,3
2026-04-18,Á. PÉREZ,-0.29669361336993827,-0.050072995968455554,48.0,1.3288858132714745,-0.41223660225895525,33.0,-0.3136633826337306,,,0,0,-4.478998645020264,0,False,True,False,False,False,False,False,False,0.11224489795918367,0.07894736842105263,5.925340255196734,-0.22326477349830365,0.168770618856024,-4.478998645020264,-0.41223660225895525,0,1,0.0,1.3288858132714745,0.0,2,3
2026-04-18,A. REGO,-0.6205982700856641,0.4520971457572704,1.0,-0.05306060674220026,0.8161505624904536,33.0,-0.3136633826337306,,,0,0,0.08549925902006633,1,False,True,False,False,False,False,False,False,0.14035087719298245,0.07894736842105263,-1.37270695734917,11.696247073615785,-0.728487164783798,0.08549925902006633,0.8161505624904536,1,0,-0.0,-0.05306060674220026,-0.0,1,1
2026-04-18,U. GÓMEZ,-0.6232414089757776,0.0027870189500419124,1.0,-0.4676445327463027,0.5772975026780686,33.0,-0.3136633826337306,,,0,0,0.7503437293400496,1,False,True,False,False,False,False,False,False,0.14035087719298245,0.07894736842105263,-223.54274491800294,1.3327275271309846,-0.004471820039111473,0.7503437293400496,0.5772975026780686,1,0,-0.0,-0.4676445327463027,-0.0,1,1
2026-04-18,P. FERNÁNDEZ,-0.625163691804951,0.5578171755942654,17.0,0.016036714258483527,0.5090537713031014,33.0,-0.3136633826337306,,,0,0,-0.0256520654042595,1,False,True,False,False,False,False,False,False,0.17708333333333334,0.07894736842105263,-1.1207302292345347,-38.98084737818894,-0.892275215566291,-0.0256520654042595,0.5090537713031014,1,0,0.0,0.016036714258483527,0.0,1,1
2026-04-18,D. CALVO,-0.5461098104551931,0.10850704878703685,1370.0,0.22332867726053457,0.9867598909278714,33.0,-0.3136633826337306,,,0,0,-0.4089453841156407,1,True,False,False,False,False,False,False,False,0.09649122807017543,0.07894736842105263,-5.032896790237328,-2.445307838859705,-0.1986912620885826,-0.4089453841156407,0.9867598909278714,1,0,0.22332867726053457,0.0,0.0,2,2
2026-04-18,A. CASTRÍN,-0.6013754417939297,-0.02364298850920682,17.0,0.3615233192619022,0.32138351002194165,33.0,-0.3136633826337306,,,0,0,-0.6011617623513568,1,True,False,False,False,False,False,False,False,0.17708333333333334,0.07894736842105263,25.436753831418965,-1.6634439503868343,0.03931492073171353,-0.6011617623513568,0.32138351002194165,1,0,0.3615233192619022,0.0,0.0,1,2
2026-04-19,T. ALMADA,-0.23614170425097467,0.8749772651052501,2.0,0.43062064026258595,-0.3439928708839881,33.0,-0.6299793097294802,,,0,0,-1.8235765054927355,0,False,True,False,False,False,False,False,False,0.2857142857142857,0.07894736842105263,-0.2698829372893845,-0.5483739834973909,-3.7053216550726815,-1.8235765054927355,-0.3439928708839881,0,1,0.0,0.43062064026258595,0.0,2,2
2026-04-19,K. ARRIAGA,-0.6239622650367177,0.29351710100177797,12.0,-0.19125524874356753,0.11665231589704018,33.0,-0.6299793097294802,,,0,0,0.3065178232374936,1,False,True,False,False,False,False,False,False,0.125,0.07894736842105263,-2.125805062471899,3.262475313023358,-0.4704091703264715,0.3065178232374936,0.11665231589704018,1,0,-0.0,-0.19125524874356753,-0.0,1,1
2026-04-19,A. LISO,-0.6275665453414179,0.9014072725644988,9.0,0.1542313562598511,-0.5146021993214059,33.0,-0.6299793097294802,,,0,0,-0.24576135099313617,0,False,True,False,False,False,False,False,False,0.17117117117117117,0.07894736842105263,-0.6962067738251352,-4.068968150133763,-1.4363555795181544,-0.24576135099313617,-0.5146021993214059,0,1,0.0,0.1542313562598511,0.0,1,2
2026-04-19,A. JANUZAJ,-0.629729113524238,-0.4200931003979378,17.0,-0.3294498907449351,-0.6681505949150821,33.0,-0.6299793097294802,,,0,0,0.523162113409845,0,False,True,False,False,False,False,False,False,0.17708333333333334,0.07894736842105263,1.499026315723906,1.9114622365257405,0.667102343655757,0.523162113409845,-0.6681505949150821,0,1,-0.0,-0.3294498907449351,-0.0,0,1
2026-04-19,M. VECINO,-0.6309305402924714,-1.0808432868791562,5.0,-1.1586177427531397,,33.0,-0.6299793097294802,,,0,0,1.836366295697702,0,False,True,False,False,False,False,False,False,0.16049382716049382,0.07894736842105263,0.583739688899693,0.5445549999504025,1.7130966579534768,1.836366295697702,,0,0,-0.0,-1.1586177427531397,-0.0,0,0
2026-04-19,C. ROMERO,2.9183244184226527,2.735121190087179,8.0,2.019859023278312,0.372566308553167,33.0,-0.6299793097294802,Dani,-14.93101,0,1,0.6921294693619331,1,True,False,False,False,False,False,False,False,0.0641025641025641,0.07894736842105263,0.8825918766889893,1.4448151776805294,1.1330257861178856,0.6921294693619331,0.372566308553167,1,0,2.019859023278312,0.0,0.0,3,3
2026-04-19,J. OTTO,-0.5059821563961973,1.2978573844532297,48.0,0.1542313562598511,-0.8387599233525,33.0,-0.6299793097294802,,,0,0,-0.30481640335847543,0,True,False,False,False,False,False,False,False,0.11224489795918367,0.07894736842105263,-0.3898592962508469,-3.2806485530423792,-2.5650310649849013,-0.30481640335847543,-0.8387599233525,0,1,0.1542313562598511,0.0,0.0,2,2
2026-04-19,R. IRANZO,-0.6191565579637841,-1.1865633167161511,19.0,-1.365909705755191,0.9355770923966461,33.0,-0.6299793097294802,,,0,0,2.2060848654048364,1,True,False,False,False,False,False,False,False,0.22413793103448276,0.07894736842105263,0.5218070296360999,0.45329278256665145,1.9164219741778625,2.2060848654048364,0.9355770923966461,1,0,-1.365909705755191,-0.0,-0.0,1,0
2026-04-19,A. BOIRO,-0.6309305402924714,-0.7636831973681714,1.0,-0.7440338167490376,,33.0,-0.6299793097294802,,,0,0,1.1792660974538234,0,True,False,False,False,False,False,False,False,0.14035087719298245,0.07894736842105263,0.8261689777067039,0.8479875162620474,1.2104096394252855,1.1792660974538234,,0,0,-0.7440338167490376,-0.0,-0.0,0,0
2026-04-19,Y. LAGO,-0.6309305402924714,-0.9222632421236637,5.0,-0.5367418537469861,-0.5657849978526314,33.0,-0.6299793097294802,,,0,0,0.8507159983318835,0,True,False,False,False,False,False,False,False,0.16049382716049382,0.07894736842105263,0.6841118626299261,1.175484474282044,1.4617531486893809,0.8507159983318835,-0.5657849978526314,0,1,-0.5367418537469861,-0.0,-0.0,0,1
2026-04-20,J. ÁLVAREZ,3.3049435524401622,1.8000275261789558,2.0,0.637912603264637,-0.3439928708839881,33.0,-0.9462952368252298,Dani,-16.54,0,1,0.19301764164050575,0,False,False,True,False,False,False,False,False,0.2857142857142857,0.07894736842105263,1.836050653850355,5.180863890543363,0.5446468155872476,0.19301764164050575,-0.3439928708839881,0,1,0.0,0.0,0.637912603264637,3,2
2026-04-20,H. DURO,0.890075748291019,2.011467585852946,19.0,0.7761072452660043,-1.2994051101335284,33.0,-0.9462952368252298,,,0,0,0.8719554204243168,0,False,False,True,False,False,False,False,False,0.22413793103448276,0.07894736842105263,0.4425004469625311,1.146844855366732,2.259881060498479,0.8719554204243168,-1.2994051101335284,0,1,0.0,0.0,0.7761072452660043,3,3
2026-04-20,P. DURÁN,-0.6309305402924714,0.6106771905127628,5.0,-0.05306060674220026,-0.2245663409777956,33.0,-0.9462952368252298,,,0,0,0.08409910038069177,0,False,False,True,False,False,False,False,False,0.16049382716049382,0.07894736842105263,-1.0331637024120732,11.890976564488351,-0.967900774196877,0.08409910038069177,-0.2245663409777956,0,1,-0.0,-0.0,-0.05306060674220026,0,1
2026-04-20,C. SOLER,2.8222102769639807,1.879317548556702,16.0,1.0524965292687394,1.9251111973336699,33.0,-0.9462952368252298,Dani,-14.62316,0,1,0.37293328740468074,1,False,True,False,False,False,False,False,False,0.12037037037037036,0.07894736842105263,1.5017200139547446,2.6814412371350773,0.665902501310389,0.37293328740468074,1.9251111973336699,1,0,0.0,1.0524965292687394,0.0,3,3
2026-04-20,K. SIBO,-0.47306306294660205,0.4785271532165191,1370.0,-0.05306060674220026,0.5090537713031014,33.0,-0.9462952368252298,,,0,0,0.11216415540002748,1,False,True,False,False,False,False,False,False,0.09649122807017543,0.07894736842105263,-0.9885793756685319,8.915691087667968,-1.0115525862206667,0.11216415540002748,0.5090537713031014,1,0,-0.0,-0.05306060674220026,-0.0,2,1
2026-04-20,P. AGUDÍN,-0.6208385554393109,-1.0544132794199075,1370.0,-1.2277150637538237,0.611419368365552,33.0,-0.9462952368252298,,,0,0,1.9775141709735653,1,False,True,False,False,False,False,False,False,0.09649122807017543,0.07894736842105263,0.5888005740798747,0.5056866038831977,1.6983722556439005,1.9775141709735653,0.611419368365552,1,0,-0.0,-1.2277150637538237,-0.0,1,0
2026-04-20,M. ALONSO,1.3973181298391628,1.4300074217494736,5.0,0.5688152822639532,-1.401770707195979,33.0,-0.9462952368252298,,,0,0,0.4070761432497,0,True,False,False,False,False,False,False,False,0.16049382716049382,0.07894736842105263,0.9771397906382137,2.4565368000326546,1.0233935764652942,0.4070761432497,-1.401770707195979,0,1,0.5688152822639532,0.0,0.0,3,2
2026-04-20,D. ĆALETA-CAR,-0.2841987749803108,0.3992371308387729,16.0,-0.12215792774288405,-0.39517566941521354,33.0,-0.9462952368252298,,,0,0,0.42983421580745,0,True,False,False,False,False,False,False,False,0.12037037037037036,0.07894736842105263,-0.7118527841597395,2.3265055877837115,-1.4047862650101042,0.42983421580745,-0.39517566941521354,0,1,-0.12215792774288405,-0.0,-0.0,2,1
2026-04-20,D. CALVO,-0.5338552574192124,0.10850704878703685,1370.0,0.22332867726053457,0.5602365698343267,33.0,-0.9462952368252298,,,0,0,-0.41833267068087526,1,True,False,False,False,False,False,False,False,0.09649122807017543,0.07894736842105263,-4.91995997888583,-2.3904358075815475,-0.20325219341995623,-0.41833267068087526,0.5602365698343267,1,0,0.22332867726053457,0.0,0.0,2,2
2026-04-20,D. CONDE,-0.6268456892804779,-1.2129933241753998,20.0,-2.0568829157620283,0.3896272413969088,33.0,-0.9462952368252298,,,0,0,3.28132781682017,1,False,False,False,False,False,False,False,False,0.2376237623762376,0.07894736842105263,0.5167763033509809,0.3047553116573762,1.935077930655728,3.28132781682017,0.3896272413969088,1,0,-0.0,-0.0,-0.0,1,0
2026-04-21,L. CEPEDA,-0.6309305402924714,-0.5786731451534302,23.0,0.29242599826121835,0.04840858452207302,33.0,-1.1044532003731045,,,0,0,-0.463484398155874,1,False,False,True,False,False,False,False,False,0.1746031746031746,0.07894736842105263,1.0903074315512205,-2.15756597046103,0.9171755452838404,-0.463484398155874,0.04840858452207302,1,0,0.0,0.0,0.29242599826121835,0,2
2026-04-21,T. FERNÁNDEZ,-0.48868161093363627,-0.12936301834620176,1370.0,0.7761072452660043,0.9014552267091624,33.0,-1.1044532003731045,,,0,0,-1.588168689122395,1,False,True,False,False,False,False,False,False,0.09649122807017543,0.07894736842105263,3.7776282187080192,-0.6296565123672213,0.26471895027521253,-1.588168689122395,0.9014552267091624,1,0,0.0,0.7761072452660043,0.0,2,3
2026-04-21,T. FERNÁNDEZ,-0.48868161093363627,-0.12936301834620176,1370.0,0.7761072452660043,0.0825304502095566,33.0,-1.1044532003731045,,,0,0,-1.588168689122395,1,False,True,False,False,False,False,False,False,0.09649122807017543,0.07894736842105263,3.7776282187080192,-0.6296565123672213,0.26471895027521253,-1.588168689122395,0.0825304502095566,1,0,0.0,0.7761072452660043,0.0,2,3
2026-04-21,B. PRADOS,-0.6309305402924714,-1.107273294338405,1.0,-0.6749364957483537,-0.4634194007901807,33.0,-1.1044532003731045,,,0,0,1.06974939774651,0,False,True,False,True,False,False,False,False,0.14035087719298245,0.07894736842105263,0.5698061294574812,0.9348012428845656,1.754987242830826,1.06974939774651,-0.4634194007901807,0,1,-0.0,-0.6749364957483537,-0.0,0,0
2026-04-21,H. SOLOZÁBAL,-0.6309305402924714,-1.1601333092569024,9.0,-0.6749364957483537,,33.0,-1.1044532003731045,,,0,0,1.06974939774651,0,False,True,False,False,False,False,False,False,0.17117117117117117,0.07894736842105263,0.5438436075421434,0.9348012428845656,1.8387684125855246,1.06974939774651,,0,0,-0.0,-0.6749364957483537,-0.0,0,0
2026-04-21,D. CALVO,-0.5261661261025186,0.10850704878703685,1370.0,0.22332867726053457,0.6455412340530357,33.0,-1.1044532003731045,,,0,0,-0.42444598887578305,1,True,False,False,False,False,False,False,False,0.09649122807017543,0.07894736842105263,-4.849097665880968,-2.356006297759959,-0.20622242601060417,-0.42444598887578305,0.6455412340530357,1,0,0.22332867726053457,0.0,0.0,2,2
2026-04-21,H. FORT,-0.5835943256240753,-0.02364298850920682,23.0,1.397983134272158,0.5090537713031014,33.0,-1.1044532003731045,Los marinero,-0.357,0,1,-2.395474850191615,1,True,False,False,False,False,False,False,False,0.1746031746031746,0.07894736842105263,24.684654820672474,-0.4174541837185556,0.04051278085458533,-2.395474850191615,0.5090537713031014,1,0,1.397983134272158,0.0,0.0,2,3
2026-04-21,U. EGILUZ,-0.6208385554393109,-1.2129933241753998,1.0,-2.0568829157620283,0.7820286968029699,33.0,-1.1044532003731045,,,0,0,3.3130774672717043,1,True,False,False,False,False,False,True,False,0.14035087719298245,0.07894736842105263,0.5118239770077366,0.30183480669540735,1.9538014631171494,3.3130774672717043,0.7820286968029699,1,0,-2.0568829157620283,-0.0,-0.0,1,0
2026-04-21,J. SALINAS,-0.6242025503903643,-0.8429732197459175,8.0,-1.0895204217524561,0.5772975026780686,33.0,-1.1044532003731045,,,0,0,1.74546253701403,1,True,False,False,False,False,False,False,False,0.0641025641025641,0.07894736842105263,0.7404781981765743,0.5729154872580013,1.3504824190499647,1.74546253701403,0.5772975026780686,1,0,-1.0895204217524561,-0.0,-0.0,1,0
2026-04-21,Í. ARGUIBIDE,-0.6309305402924714,-0.9486932495829125,50.0,-0.8822284587504049,-0.4292975351026971,33.0,-1.1044532003731045,,,0,0,1.3982994968684495,0,True,False,False,False,False,False,False,False,0.18181818181818182,0.07894736842105263,0.6650529089595247,0.7151563171544527,1.5036437335667303,1.3982994968684495,-0.4292975351026971,0,1,-0.8822284587504049,-0.0,-0.0,0,0
2026-04-21,I. PEÑA,-0.6309305402924714,0.6635372054312603,23.0,0.9833992082680559,,33.0,-1.1044532003731045,,,0,0,-1.558651395229006,0,False,False,False,False,False,False,False,False,0.1746031746031746,0.07894736842105263,-0.9508578935291362,-0.6415806453851105,-1.0516819439515757,-1.558651395229006,,0,0,0.0,0.0,0.0,0,3
2026-04-22,ALEMÃO,-0.6191565579637841,-0.12936301834620176,14.0,-0.5367418537469861,0.9355770923966461,32.0,-0.6299793097294802,,,0,0,0.8668933789630642,1,False,False,True,False,False,False,False,False,0.15384615384615385,0.12903225806451613,4.786231429280752,1.1535484091465262,0.2089345992009467,0.8668933789630642,0.9355770923966461,1,0,-0.0,-0.0,-0.5367418537469861,1,1
2026-04-22,R. GARCÍA,-0.012436040005914677,1.5621574590457172,50.0,0.43062064026258595,-1.162917647383594,32.0,-0.6299793097294802,,,0,0,-34.62961438465521,0,False,True,False,False,False,False,False,False,0.18181818181818182,0.12903225806451613,-0.007960805726143516,-0.028879273225403596,-125.6254469871173,-34.62961438465521,-1.162917647383594,0,1,0.0,0.43062064026258595,0.0,2,2
2026-04-22,J. GUERRA,-0.3075064542840389,1.3242873919124785,19.0,0.1542313562598511,-0.4292975351026971,32.0,-0.6299793097294802,,,0,0,-0.5015564898481103,0,False,True,False,False,False,False,False,False,0.22413793103448276,0.12903225806451613,-0.2322050515295628,-1.9937869182647456,-4.306549277299163,-0.5015564898481103,-0.4292975351026971,0,1,0.0,0.1542313562598511,0.0,2,2
2026-04-22,M. CASADÓ,-0.5357775402483858,0.4785271532165191,3.0,0.1542313562598511,-0.5487240650088896,32.0,-0.6299793097294802,,,0,0,-0.2878650793264474,0,False,True,False,False,False,False,False,False,0.30337078651685395,0.12903225806451613,-1.1196364030978196,-3.4738335926458017,-0.8931468947757104,-0.2878650793264474,-0.5487240650088896,0,1,0.0,0.1542313562598511,0.0,2,2
2026-04-22,A. JANUZAJ,-0.6246831210976578,-0.4200931003979378,17.0,-0.3294498907449351,0.2190179129594909,32.0,-0.6299793097294802,,,0,0,0.5273880580510989,1,False,True,False,False,False,False,False,False,0.17708333333333334,0.12903225806451613,1.4870146820326267,1.8961457714583656,0.6724909937549883,0.5273880580510989,0.2190179129594909,1,0,-0.0,-0.3294498907449351,-0.0,1,1
2026-04-22,L. BELTRÁN,-0.6292485428169448,0.689967212890509,19.0,-0.12215792774288405,0.15077418158452377,32.0,-0.6299793097294802,,,0,0,0.1941333409043143,1,False,True,False,False,False,False,False,False,0.22413793103448276,0.12903225806451613,-0.9119964239813467,5.15114905428358,-1.0964956808599384,0.1941333409043143,0.15077418158452377,1,0,-0.0,-0.12215792774288405,-0.0,0,1
2026-04-22,D. RICO,-0.6290082574632979,0.6371071979720115,9.0,-0.19125524874356753,-0.5316631321651478,32.0,-0.6299793097294802,,,0,0,0.30405889037731354,0,True,False,False,False,False,False,False,False,0.17117117117117117,0.12903225806451613,-0.9872863972956294,3.28885900101842,-1.01287734030507,0.30405889037731354,-0.5316631321651478,0,1,-0.19125524874356753,-0.0,-0.0,0,1
2026-04-22,D. CARMO,-0.6309305402924714,0.3992371308387729,1370.0,-0.05306060674220026,,32.0,-0.6299793097294802,,,0,0,0.08409910038069177,0,True,False,False,False,False,False,False,False,0.09649122807017543,0.12903225806451613,-1.5803363746016148,11.890976564488351,-0.6327760951780828,0.08409910038069177,,0,0,-0.05306060674220026,-0.0,-0.0,0,1
2026-04-22,D. JIMÉNEZ,-0.6309305402924714,-1.1337033017976537,15.0,-1.0204231007517723,,32.0,-0.6299793097294802,,,0,0,1.6173328962830757,0,True,False,False,False,False,False,True,False,0.17857142857142858,0.12903225806451613,0.5565222362978686,0.6183034842421071,1.7968778277081754,1.6173328962830757,,0,0,-1.0204231007517723,-0.0,-0.0,0,0
2026-04-22,A. LUNIN,-0.24455169162860846,-0.8165432122866688,15.0,0.5688152822639532,0.3384444428656835,32.0,-0.6299793097294802,,,0,0,-2.3259606361195466,1,False,False,False,False,False,False,False,False,0.17857142857142858,0.12903225806451613,0.29949669220867187,-0.42993089201888707,3.3389527825450913,-2.3259606361195466,0.3384444428656835,1,0,0.0,0.0,0.0,2,2
2026-04-23,G. GARCÍA,-0.3942494669504907,0.3992371308387729,15.0,-0.3294498907449351,-0.8558208561962418,32.0,-0.9462952368252298,,,0,0,0.8356402582696841,0,False,False,True,False,False,False,False,False,0.17857142857142858,0.12903225806451613,-0.9875045405162044,1.196693866714899,-1.0126536037714222,0.8356402582696841,-0.8558208561962418,0,1,-0.0,-0.0,-0.3294498907449351,2,1
2026-04-23,J. VIRGILI,0.4059007606929568,1.4300074217494736,408.0,0.7070099242653208,2.3516345184272147,32.0,-0.9462952368252298,Maldinillo 💥,-4.92911,0,1,1.7418252215962584,1,False,True,False,False,False,False,False,False,0.10833333333333334,0.12903225806451613,0.28384501414081004,0.5741081880944655,3.523038232965929,1.7418252215962584,2.3516345184272147,1,0,0.0,0.7070099242653208,0.0,2,3
2026-04-23,B. TURRIENTES,0.13005317470656713,1.0071273024014937,16.0,0.5688152822639532,0.44081003992813417,32.0,-0.9462952368252298,,,0,0,4.373679534296646,1,False,True,False,False,False,False,False,False,0.12037037037037036,0.12903225806451613,0.12913267792837896,0.22863827700033615,7.743905988975827,4.373679534296646,0.44081003992813417,1,0,0.0,0.5688152822639532,0.0,2,2
2026-04-23,A. REINA,-0.19937804514303245,1.8000275261789558,1370.0,0.5688152822639532,1.1403082865215475,32.0,-0.9462952368252298,,,0,0,-2.852962746317596,1,False,True,False,False,False,False,False,False,0.09649122807017543,0.12903225806451613,-0.11076382526351732,-0.3505139556650616,-9.0282586186771,-2.852962746317596,1.1403082865215475,1,0,0.0,0.5688152822639532,0.0,2,2
2026-04-23,A. MESTANZA,-0.6261248332195378,-1.0808432868791562,9.0,-0.8822284587504049,-0.0027742140091523483,32.0,-0.9462952368252298,,,0,0,1.409031907017456,0,False,True,False,False,False,False,True,False,0.17117117117117117,0.12903225806451613,0.5792934277464495,0.7097090744674699,1.7262452402130173,1.409031907017456,-0.0027742140091523483,0,1,-0.0,-0.8822284587504049,-0.0,1,0
2026-04-23,T. PARTEY,-0.6309305402924714,-0.10293301088695302,20.0,-0.5367418537469861,,32.0,-0.9462952368252298,,,0,0,0.8507159983318835,0,False,True,False,False,False,False,False,False,0.2376237623762376,0.12903225806451613,6.129585294757358,1.175484474282044,0.16314501749155344,0.8507159983318835,,0,0,-0.0,-0.5367418537469861,-0.0,0,1
2026-04-23,OSO,0.3833139374501689,0.6106771905127628,17.0,1.3288858132714745,-1.572380035633397,32.0,-0.9462952368252298,,,0,0,3.466825013685334,0,True,False,False,False,False,False,False,False,0.17708333333333334,0.12903225806451613,0.6276856508144085,0.288447393428881,1.5931473857372207,3.466825013685334,-1.572380035633397,0,1,1.3288858132714745,0.0,0.0,2,3
2026-04-23,M. MOREY,-0.6263651185731846,-0.1822230332646992,408.0,-0.3985472117456189,-0.13926167675908666,32.0,-0.9462952368252298,,,0,0,0.6362867857971858,0,True,False,False,False,False,False,False,False,0.10833333333333334,0.12903225806451613,3.4373731175708846,1.57162482069451,0.2909218900977136,0.6362867857971858,-0.13926167675908666,0,1,-0.3985472117456189,-0.0,-0.0,1,1
2026-04-23,L. FELIPE,-0.6309305402924714,-0.5258131302349327,14.0,-0.2603525697442513,0.014286718834589441,32.0,-0.9462952368252298,,,0,0,0.412649199502631,1,True,False,False,True,False,False,False,False,0.15384615384615385,0.12903225806451613,1.199916289513085,2.4233790520727316,0.8333943755291418,0.412649199502631,0.014286718834589441,1,0,-0.2603525697442513,-0.0,-0.0,0,1
2026-04-23,A. LUNIN,-0.23349856536086114,-0.8165432122866688,15.0,0.5688152822639532,0.8843942938654207,32.0,-0.9462952368252298,,,0,0,-2.436065152905864,1,False,False,False,False,False,False,False,False,0.17857142857142858,0.12903225806451613,0.28596018901088394,-0.4104990884429511,3.4970095342310485,-2.436065152905864,0.8843942938654207,1,0,0.0,0.0,0.0,2,2
2026-04-24,A. PÉREZ,-0.34811467905032795,0.21422707862403179,20.0,-0.12215792774288405,-0.4634194007901807,32.0,-1.1044532003731045,,,0,0,0.35091389708137055,0,False,False,True,False,False,False,False,False,0.2376237623762376,0.12903225806451613,-1.6249722318672608,2.8497334165364725,-0.6153940264813904,0.35091389708137055,-0.4634194007901807,0,1,-0.0,-0.0,-0.12215792774288405,2,1
2026-04-24,J. LUIS MORALES,-0.6239622650367177,0.0027870189500419124,12.0,-0.3985472117456189,-0.15632260960282846,32.0,-1.1044532003731045,,,0,0,0.6387371044934431,0,False,False,True,False,False,False,False,False,0.125,0.12903225806451613,-223.80129985391156,1.5655957744618474,-0.004466653791205945,0.6387371044934431,-0.15632260960282846,0,1,-0.0,-0.0,-0.3985472117456189,1,1
2026-04-24,S. COSTA,1.826948342159428,2.7250777872526615,408.0,1.4670804552728416,1.4815269433963834,32.0,-1.1044532003731045,Maldinillo 💥,-10.61241,1,1,0.8030219675050068,1,False,True,False,False,False,False,False,False,0.10833333333333334,0.12903225806451613,0.6704203748917291,1.2452944146987803,1.4916000812762868,0.8030219675050068,1.4815269433963834,1,0,0.0,1.4670804552728416,0.0,3,3
2026-04-24,T. FERNÁNDEZ,-0.4586459417278012,0.029217026409290647,1370.0,0.9143018872673718,1.0550036223028385,32.0,-1.1044532003731045,Dani,-0.89351,0,1,-1.9934851648489258,1,False,True,False,False,False,False,False,False,0.09649122807017543,0.12903225806451613,-15.697362145650008,-0.5016345765882704,-0.06370292954550996,-1.9934851648489258,1.0550036223028385,1,0,0.0,0.9143018872673718,0.0,2,3
2026-04-24,T. FERNÁNDEZ,-0.4586459417278012,0.029217026409290647,1370.0,0.9143018872673718,0.7820286968029699,32.0,-1.1044532003731045,Dani,-0.89351,0,1,-1.9934851648489258,1,False,True,False,False,False,False,False,False,0.09649122807017543,0.12903225806451613,-15.697362145650008,-0.5016345765882704,-0.06370292954550996,-1.9934851648489258,0.7820286968029699,1,0,0.0,0.9143018872673718,0.0,2,3
2026-04-24,J. SALAS,-0.6261248332195378,-1.107273294338405,408.0,-0.6749364957483537,-0.08807887822786128,32.0,-1.1044532003731045,,,0,0,1.0779600774463742,0,False,True,False,True,False,False,False,False,0.10833333333333334,0.12903225806451613,0.5654659982201101,0.9276809964266354,1.7684573491553415,1.0779600774463742,-0.08807887822786128,0,1,-0.0,-0.6749364957483537,-0.0,1,0
2026-04-24,R. MENDOZA,-0.6302096842315315,0.6371071979720115,2.0,0.1542313562598511,-0.5316631321651478,32.0,-1.1044532003731045,,,0,0,-0.24473061085776512,0,False,True,False,False,False,False,False,False,0.2857142857142857,0.12903225806451613,-0.9891721472703712,-4.086105532679229,-1.0109463958734433,-0.24473061085776512,-0.5316631321651478,0,1,0.0,0.1542313562598511,0.0,0,2
2026-04-24,D. HANCKO,0.6135073062436893,1.6414474814234634,2.0,0.8452045662666884,-2.1695126851643596,32.0,-1.1044532003731045,,,0,0,1.3776579023707103,0,True,False,False,False,False,True,False,False,0.2857142857142857,0.12903225806451613,0.373759708688302,0.7258675649210158,2.6755097929700566,1.3776579023707103,-2.1695126851643596,0,1,0.8452045662666884,0.0,0.0,3,3
2026-04-24,A. ABQAR,-0.6186759872564908,-0.15579302580545049,9.0,-0.5367418537469861,0.3043225771781998,32.0,-1.1044532003731045,,,0,0,0.8675667592885298,1,True,False,False,False,False,False,False,False,0.17117117117117117,0.12903225806451613,3.971165944199732,1.1526530595491582,0.2518172368602025,0.8675667592885298,0.3043225771781998,1,0,-0.5367418537469861,-0.0,-0.0,1,1
2026-04-24,J. TORRENTS,-0.6304499695851781,-1.0279832719606588,3.0,-0.4676445327463027,0.13371324874078197,32.0,-1.1044532003731045,,,0,0,0.7417642906990598,1,True,False,False,True,False,False,False,False,0.30337078651685395,0.12903225806451613,0.6132887568019321,1.3481421754787701,1.6305574623066634,0.7417642906990598,0.13371324874078197,1,0,-0.4676445327463027,-0.0,-0.0,0,1
2026-04-24,L. JÚNIOR,0.5238808693334772,1.6943074963419609,20.0,0.637912603264637,0.32138351002194165,32.0,-1.1044532003731045,,,0,0,1.2176649748849648,1,False,False,False,False,False,False,False,False,0.2376237623762376,0.12903225806451613,0.3092004026802347,0.8212411001308377,3.234140357820722,1.2176649748849648,0.32138351002194165,1,0,0.0,0.0,0.0,3,2
2026-04-25,R. LEWANDOWSKI,2.7633403653205435,2.275767660445433,3.0,1.6052750972742091,-0.39517566941521354,34.0,0.635284398653518,Maldinillo 💥,-14.40459,0,1,0.5809181295587053,0,False,False,True,False,False,False,False,False,0.30337078651685395,0.2714285714285714,1.2142448454227674,1.721411270006917,0.8235564700785519,0.5809181295587053,-0.39517566941521354,0,1,0.0,0.0,1.6052750972742091,3,3
2026-04-25,A. DANJUMA,-0.5232827018587584,1.1392773396977374,19.0,0.08513403525916731,-0.7193333934463075,34.0,0.635284398653518,,,0,0,-0.16269255155829293,0,False,False,True,False,False,False,False,False,0.22413793103448276,0.2714285714285714,-0.4593106738056574,-6.146502438928766,-2.177177867391292,-0.16269255155829293,-0.7193333934463075,0,1,0.0,0.0,0.08513403525916731,2,2
2026-04-25,C. NGONGE,-0.6309305402924714,-0.605103152612679,8.0,-0.05306060674220026,,34.0,0.635284398653518,,,0,0,0.08409910038069177,0,False,False,True,False,False,False,False,False,0.0641025641025641,0.2714285714285714,1.0426843427481987,11.890976564488351,0.9590661301611898,0.08409910038069177,,0,0,-0.0,-0.0,-0.05306060674220026,0,1
2026-04-25,A. TCHOUAMÉNI,3.4300673446445993,2.487207720119423,15.0,1.2597884922707905,-1.0605520503211434,34.0,0.635284398653518,Maldinillo 💥,-17.41897,0,1,0.36244693164426095,0,False,True,False,True,False,False,False,False,0.17857142857142858,0.2714285714285714,1.3974647204984323,2.7590216144903645,0.7155810773396317,0.36244693164426095,-1.0605520503211434,0,1,0.0,1.2597884922707905,0.0,3,3
2026-04-25,P. MARÍN,-0.6273262599877713,0.42566713829802166,16.0,-0.5367418537469861,0.28726164433445806,34.0,0.635284398653518,,,0,0,0.8556037640783811,1,False,True,False,False,False,False,False,False,0.12037037037037036,0.2714285714285714,-1.4737449283755493,1.1687693523017835,-0.6785429592079864,0.8556037640783811,0.28726164433445806,1,0,-0.0,-0.5367418537469861,-0.0,1,1
2026-04-25,X. ESPART,-0.624442835744011,-1.107273294338405,3.0,-0.6749364957483537,-0.17338354244657025,34.0,0.635284398653518,,,0,0,1.0808636723453662,0,True,False,False,False,False,False,False,False,0.30337078651685395,0.2714285714285714,0.5639469522870303,0.9251889101663597,1.7732208685523274,1.0808636723453662,-0.17338354244657025,0,1,-0.6749364957483537,-0.0,-0.0,1,0
2026-04-25,A. MUÑOZ,-0.6273262599877713,-0.1822230332646992,16.0,-0.5367418537469861,0.3555053757094252,34.0,0.635284398653518,,,0,0,0.8556037640783811,1,True,False,False,False,False,False,False,False,0.12037037037037036,0.2714285714285714,3.4426476795838687,1.1687693523017835,0.29047616107193164,0.8556037640783811,0.3555053757094252,1,0,-0.5367418537469861,-0.0,-0.0,1,1
2026-04-25,Y. ENRÍQUEZ,-0.6306902549388248,0.3992371308387729,48.0,-0.19125524874356753,-0.15632260960282846,34.0,0.635284398653518,,,0,0,0.3032479897919282,0,True,False,False,False,False,False,False,False,0.11224489795918367,0.2714285714285714,-1.579734514871579,3.297653563683441,-0.6330171755938634,0.3032479897919282,-0.15632260960282846,0,1,-0.19125524874356753,-0.0,-0.0,0,1
2026-04-25,Y. LAGO,-0.6309305402924714,-0.9222632421236637,5.0,-0.8131311377497211,-0.01983514685289414,34.0,0.635284398653518,,,0,0,1.2887827971611363,0,True,False,False,False,False,False,False,False,0.16049382716049382,0.2714285714285714,0.6841118626299261,0.7759281214671566,1.4617531486893809,1.2887827971611363,-0.01983514685289414,0,1,-0.8131311377497211,-0.0,-0.0,0,0
2026-04-25,V. VALDEPEÑAS,-0.6309305402924714,-1.1601333092569024,15.0,-0.6749364957483537,-0.5487240650088896,34.0,0.635284398653518,,,0,0,1.06974939774651,0,True,False,False,False,False,False,True,False,0.17857142857142858,0.2714285714285714,0.5438436075421434,0.9348012428845656,1.8387684125855246,1.06974939774651,-0.5487240650088896,0,1,-0.6749364957483537,-0.0,-0.0,0,0
2026-04-26,A. SØRLOTH,1.7068056653360875,2.1436176231491895,2.0,0.7761072452660043,2.334573585583473,34.0,0.3189684715577685,,,0,0,0.4547130386986044,1,False,False,True,False,False,False,False,False,0.2857142857142857,0.2714285714285714,0.7962263655036825,2.1991850695402606,1.2559229271155263,0.4547130386986044,2.334573585583473,1,0,0.0,0.0,0.7761072452660043,3,3
2026-04-26,V. VANAT,0.21247105100737868,1.5621574590457172,222.0,0.637912603264637,-2.6874826063003603,34.0,0.3189684715577685,,,0,0,3.0023365437484464,0,False,False,True,True,False,False,False,False,0.10227272727272728,0.2714285714285714,0.1360112028181647,0.3330718296647384,7.352296227382241,3.0023365437484464,-2.9372546631327396,0,1,0.0,0.0,0.637912603264637,2,2
2026-04-26,A. GÜLER,3.4300673446445993,2.735121190087179,15.0,1.2597884922707905,-1.811233095445782,34.0,0.3189684715577685,Maldinillo 💥,-19.02407,0,1,0.3228725652710252,0,False,True,False,True,False,False,False,False,0.17857142857142858,0.2714285714285714,1.3530769755385144,3.097193931873046,0.7390558076190351,0.3228725652710252,-1.811233095445782,0,1,0.0,1.2597884922707905,0.0,3,3
2026-04-26,T. MARQUÉS,-0.6246831210976578,-1.1865633167161511,3.0,-1.365909705755191,0.5431756369905849,34.0,0.3189684715577685,,,0,0,2.1865676311578888,1,False,True,False,False,False,False,False,False,0.30337078651685395,0.2714285714285714,0.5264646553301036,0.4573388532231951,1.8994673877190307,2.1865676311578888,0.5431756369905849,1,0,-0.0,-1.365909705755191,-0.0,1,0
2026-04-26,U. RAGHOUBER,-0.6299693988778847,-0.4729531153164353,12.0,-0.3294498907449351,-0.4804803336339225,34.0,0.3189684715577685,,,0,0,0.5229625665854976,0,False,True,False,False,False,False,False,False,0.125,0.2714285714285714,1.3319940401501211,1.9121915920051396,0.7507568890104188,0.5229625665854976,-0.4804803336339225,0,1,-0.0,-0.3294498907449351,-0.0,0,1
2026-04-26,B. SANTAMARIA,-0.6309305402924714,-0.10293301088695302,19.0,-0.5367418537469861,-0.15632260960282846,34.0,0.3189684715577685,,,0,0,0.8507159983318835,0,False,True,False,False,False,False,False,False,0.22413793103448276,0.2714285714285714,6.129585294757358,1.175484474282044,0.16314501749155344,0.8507159983318835,-0.15632260960282846,0,1,-0.0,-0.5367418537469861,-0.0,0,1
2026-04-26,J. MUÑOZ,-0.6309305402924714,-0.36723308547944034,9.0,-0.6058391747476699,-0.5487240650088896,34.0,0.3189684715577685,,,0,0,0.9602326980391968,0,False,True,False,False,False,False,False,False,0.17117117117117117,0.2714285714285714,1.7180703027862045,1.0414176038927432,0.5820508662650462,0.9602326980391968,-0.5487240650088896,0,1,-0.0,-0.6058391747476699,-0.0,0,0
2026-04-26,M. BARTRA,0.4859157834573016,1.2185673620754836,4.0,0.4997179612632697,-2.135390819476876,34.0,0.3189684715577685,,,0,0,1.0284023484592828,0,True,False,False,False,False,False,False,False,0.19230769230769232,0.2714285714285714,0.3987595596439766,0.972378118750839,2.507769650196825,1.0284023484592828,-2.135390819476876,0,1,0.4997179612632697,0.0,0.0,3,2
2026-04-26,A. FREEMAN,-0.6213191261466041,-0.8694032272051663,20.0,-0.5367418537469861,0.5090537713031014,34.0,0.3189684715577685,,,0,0,0.8638760582696059,1,True,False,False,False,False,False,False,False,0.2376237623762376,0.2714285714285714,0.7146509483233494,1.1575774823346823,1.3992883687414341,0.8638760582696059,0.5090537713031014,1,0,-0.5367418537469861,-0.0,-0.0,1,1
2026-04-26,D. CARMO,-0.6309305402924714,0.3992371308387729,1370.0,-0.05306060674220026,-0.08807887822786128,34.0,0.3189684715577685,,,0,0,0.08409910038069177,0,True,False,False,False,False,False,False,False,0.09649122807017543,0.2714285714285714,-1.5803363746016148,11.890976564488351,-0.6327760951780828,0.08409910038069177,-0.08807887822786128,0,1,-0.05306060674220026,-0.0,-0.0,0,1
2026-04-27,N. WILLIAMS,1.8550617285360897,1.3242873919124785,1.0,0.8452045662666884,0.2190179129594909,34.0,0.0026525444620189103,Maldinillo 💥,-10.67288,0,1,0.45562047755316387,1,False,False,True,False,False,False,False,False,0.14035087719298245,0.2714285714285714,1.4007989044267708,2.1948053853099694,0.7138774185590646,0.45562047755316387,0.2190179129594909,1,0,0.0,0.0,0.8452045662666884,3,3
2026-04-27,V. BIRMANCEVIC,-0.621559411500251,-0.9222632421236637,9.0,-0.5367418537469861,0.7649677639592282,34.0,0.0026525444620189103,,,0,0,0.8635420964724076,1,False,False,True,False,False,False,False,False,0.17117117117117117,0.2714285714285714,0.673950838612894,1.1580251571333666,1.4837917483854877,0.8635420964724076,0.7649677639592282,1,0,-0.0,-0.0,-0.5367418537469861,1,1
2026-04-27,U. IZETA,-0.6275665453414179,-0.6843931749904252,1.0,-0.8131311377497211,0.3384444428656835,34.0,0.0026525444620189103,,,0,0,1.2956911732739391,1,False,False,True,False,False,False,False,False,0.14035087719298245,0.2714285714285714,0.9169692002252915,0.7717910285285489,1.090552500963212,1.2956911732739391,0.3384444428656835,1,0,-0.0,-0.0,-0.8131311377497211,1,0
2026-04-27,J. PÉREZ,-0.6280471160487112,-1.1337033017976537,9.0,-1.0204231007517723,-0.27574913950902097,34.0,0.0026525444620189103,,,0,0,1.6247582377734637,0,False,False,True,False,False,False,True,False,0.17117117117117117,0.2714285714285714,0.5539788664562549,0.615477767078949,1.8051274784250457,1.6247582377734637,-0.27574913950902097,0,1,-0.0,-0.0,-1.0204231007517723,1,0
2026-04-27,Á. PÉREZ,-0.34114640379457417,0.18779707116478303,48.0,1.2597884922707905,0.23607884580323268,34.0,0.0026525444620189103,,,0,0,-3.6928197720330154,1,False,True,False,False,False,False,False,False,0.11224489795918367,0.2714285714285714,-1.8165596785881575,-0.2707963559686884,-0.5504898177607219,-3.6928197720330154,0.23607884580323268,1,0,0.0,1.2597884922707905,0.0,2,3
2026-04-27,J. ARAMBURU,0.1016995029762588,1.5092974441272198,16.0,0.22332867726053457,0.5431756369905849,34.0,0.0026525444620189103,Maldinillo 💥,-3.26153,0,1,2.1959446681661836,1,True,False,False,False,False,False,False,False,0.12037037037037036,0.2714285714285714,0.06738197032666289,0.4553783636091364,14.8406094361161,2.1959446681661836,0.5431756369905849,1,0,0.22332867726053457,0.0,0.0,2,2
2026-04-27,V. CHUST,-0.6191565579637841,0.980697294942245,23.0,0.1542313562598511,0.9355770923966461,34.0,0.0026525444620189103,,,0,0,-0.24909952640507907,1,True,False,False,False,False,False,False,False,0.1746031746031746,0.2714285714285714,-0.6313425455687647,-4.01444011476183,-1.5839271445248149,-0.24909952640507907,0.9355770923966461,1,0,0.1542313562598511,0.0,0.0,1,2
2026-04-27,A. BOIRO,-0.6287679721096513,-0.6579631675311765,1.0,-0.7440338167490376,-0.0027742140091523483,34.0,0.0026525444620189103,,,0,0,1.1833220409981788,0,True,False,False,False,False,False,False,False,0.14035087719298245,0.2714285714285714,0.9556293707112852,0.8450809668006013,1.0464340474557141,1.1833220409981788,-0.0027742140091523483,0,1,-0.7440338167490376,-0.0,-0.0,0,0
2026-04-27,D. CARMO,-0.6309305402924714,0.3463771159202754,1370.0,-0.19125524874356753,,34.0,0.0026525444620189103,,,0,0,0.3031324997953178,0,True,False,False,False,False,False,False,False,0.09649122807017543,0.2714285714285714,-1.8215080898404403,3.298909929778444,-0.5489949254233842,0.3031324997953178,,0,0,-0.19125524874356753,-0.0,-0.0,0,1
2026-04-27,D. PAMPÍN,-0.6309305402924714,-0.8165432122866688,12.0,-0.3294498907449351,-0.30987100519650457,34.0,0.0026525444620189103,,,0,0,0.5221658992099443,0,True,False,False,False,False,False,False,False,0.125,0.2714285714285714,0.7726857605139543,1.9151090139227347,1.2941908091799839,0.5221658992099443,-0.30987100519650457,0,1,-0.3294498907449351,-0.0,-0.0,0,1
2026-04-28,G. MORENO,3.0809976028414563,2.1436176231491895,20.0,2.1711821562698126,1.4644660105526415,34.0,-0.3136633826337306,Maldinillo 💥,-25.3641064,1,1,0.9247089150442964,1,False,False,True,False,False,False,False,False,0.2376237623762376,0.2714285714285714,1.4372881302529288,1.081420659154348,0.6957541691749662,0.9247089150442964,1.4644660105526415,1,0,0.0,0.0,2.8490268752865164,3,3
2026-04-28,J. LLABRÉS,-0.6193968433174307,-0.7636831973681714,408.0,-1.2968123847545072,0.9185161595529042,34.0,-0.3136633826337306,,,0,0,2.0936730505146626,1,False,False,True,False,False,False,False,False,0.10833333333333334,0.2714285714285714,0.8110662333782536,0.4776306335671826,1.232948534620365,2.0936730505146626,0.9185161595529042,1,0,-0.0,-0.0,-1.2968123847545072,1,0
2026-04-28,V. BIRMANCEVIC,-0.6268456892804779,-0.9222632421236637,9.0,-0.5367418537469861,-0.27574913950902097,34.0,-0.3136633826337306,,,0,0,0.8562597130129378,0,False,False,True,False,False,False,False,False,0.17117117117117117,0.2714285714285714,0.6796826983148095,1.1678740027044154,1.4712787041113506,0.8562597130129378,-0.27574913950902097,0,1,-0.0,-0.0,-0.5367418537469861,1,1
2026-04-28,M. CASADÓ,-0.5783080478438483,0.4785271532165191,3.0,0.016036714258483527,-0.13926167675908666,34.0,-0.3136633826337306,,,0,0,-0.02773044927997088,0,False,True,False,False,False,False,False,False,0.30337078651685395,0.2714285714285714,-1.2085141573314744,-36.059256233346254,-0.8274620809147198,-0.02773044927997088,-0.13926167675908666,0,1,0.0,0.016036714258483527,0.0,2,1
2026-04-28,N. FONSECA,-0.6191565579637841,-0.15579302580545049,1370.0,-0.19125524874356753,0.9355770923966461,34.0,-0.3136633826337306,,,0,0,0.30889692627899257,1,False,True,False,False,False,False,False,False,0.09649122807017543,0.2714285714285714,3.9742506380716343,3.237347991123299,0.25162178357536963,0.30889692627899257,0.9355770923966461,1,0,-0.0,-0.19125524874356753,-0.0,1,1
2026-04-28,L. KOUROUMA,-0.6309305402924714,-1.2129933241753998,222.0,-2.0568829157620283,,34.0,-0.3136633826337306,,,0,0,3.6981501907220253,0,False,True,False,False,False,False,False,False,0.10227272727272728,0.2714285714285714,0.4984234896971429,0.27040600353532884,2.0063307520949216,3.6981501907220253,,0,0,-0.0,-2.333272199764763,-0.0,0,0
2026-04-28,P. CABANES,-0.6309305402924714,-1.2129933241753998,20.0,-2.0568829157620283,-0.6169677963838568,34.0,-0.3136633826337306,,,0,0,3.260083391892773,0,False,True,False,True,False,False,False,False,0.2376237623762376,0.2714285714285714,0.520143885264387,0.306741255031515,1.9225495823402232,3.260083391892773,-0.6169677963838568,0,1,-0.0,-2.0568829157620283,-0.0,0,0
2026-04-28,C. STARFELT,-0.4009774568525978,0.4785271532165191,5.0,0.29242599826121835,-0.8558208561962418,34.0,-0.3136633826337306,,,0,0,-0.7292847080264279,0,True,False,False,False,False,True,False,False,0.16049382716049382,0.2714285714285714,-0.8379391142555577,-1.3712053238477449,-1.1934046127611666,-0.7292847080264279,-0.8558208561962418,0,1,0.29242599826121835,0.0,0.0,2,2
2026-04-28,F. MENDY,-0.522802131151465,-1.00155326450141,15.0,-0.6749364957483537,0.06546951736581481,34.0,-0.3136633826337306,Maldinillo 💥,-0.62711,0,1,1.2910004503276644,1,True,False,False,False,False,False,False,False,0.17857142857142858,0.2714285714285714,0.5219918617145006,0.7745956975811348,1.9157442568945817,1.2910004503276644,0.06546951736581481,1,0,-0.6749364957483537,-0.0,-0.0,2,0
2026-04-28,Á. VALLES,0.03441960395518807,1.3242873919124785,4.0,0.7070099242653208,0.9696989580841295,34.0,-0.3136633826337306,Maldinillo 💥,-2.92907,0,1,20.54031141306445,1,False,False,False,False,False,False,False,False,0.19230769230769232,0.2714285714285714,0.02599101839553302,0.048683270334124826,38.47368261279083,20.54031141306445,0.9696989580841295,1,0,0.0,0.0,0.0,2,3
2026-04-29,G. GUEDES,2.514885309649876,2.566497742497169,16.0,1.121593850269423,-2.0330252224144254,34.0,-0.6299793097294802,,,0,0,0.44598193006409576,0,False,False,True,False,False,True,False,False,0.12037037037037036,0.2714285714285714,0.9798895545933235,2.2422404213480163,1.0205223721840844,0.44598193006409576,-2.0330252224144254,0,1,0.0,0.0,1.121593850269423,3,3
2026-04-29,S. COMESAÑA,1.9509355846411154,2.1171876156899407,20.0,0.8452045662666884,-0.3439928708839881,34.0,-0.6299793097294802,Maldinillo 💥,-11.30121,0,1,0.4332301587456099,0,False,True,False,False,False,False,False,False,0.2376237623762376,0.2714285714285714,0.9214746245012055,2.308237974885195,1.0852160097655907,0.4332301587456099,-0.3439928708839881,0,1,0.0,0.8452045662666884,0.0,3,3
2026-04-29,Á. GARCÍA,1.4972768369561817,2.6457877648749153,14.0,1.190691171270107,-2.6874826063003603,34.0,-0.6299793097294802,,,0,0,0.7952372912235612,0,False,True,False,False,False,True,False,False,0.15384615384615385,0.2714285714285714,0.5659094394963795,1.2574844053598186,1.7670653365533955,0.7952372912235612,-3.244351454320092,0,1,0.0,1.190691171270107,0.0,3,3
2026-04-29,I. AKHOMACH,-0.4944484594211566,0.5049571606757678,14.0,0.22332867726053457,0.5602365698343267,34.0,-0.6299793097294802,,,0,0,-0.45167322231159324,1,False,True,False,False,False,False,False,False,0.15384615384615385,0.2714285714285714,-0.9791869860256414,-2.2139845697459055,-1.0212554459616694,-0.45167322231159324,0.5602365698343267,1,0,0.0,0.22332867726053457,0.0,2,2
2026-04-29,P. DÍAZ,-0.6032977246231032,0.8749772651052501,14.0,-0.2603525697442513,0.7990896296467117,34.0,-0.6299793097294802,Maldinillo 💥,-0.575,0,1,0.43154978158865537,1,False,True,False,False,False,False,False,False,0.15384615384615385,0.2714285714285714,-0.6895002409580233,2.3172425087190174,-1.4503265630223232,0.43154978158865537,0.7990896296467117,1,0,-0.0,-0.2603525697442513,-0.0,1,1
2026-04-29,P. CABANES,-0.6299693988778847,-1.2129933241753998,20.0,-2.0568829157620283,0.16783511442826554,34.0,-0.6299793097294802,,,0,0,3.2650572940258575,1,False,True,False,True,False,False,False,False,0.2376237623762376,0.2714285714285714,0.519351513049468,0.3062739742376,1.9254828120521816,3.2650572940258575,0.16783511442826554,1,0,-0.0,-2.0568829157620283,-0.0,0,0
2026-04-29,M. PUBILL,1.7603892991992975,0.8749772651052501,2.0,1.6052750972742091,0.372566308553167,34.0,-0.6299793097294802,,,0,0,0.911885902804826,1,True,False,False,False,False,False,False,False,0.2857142857142857,0.2714285714285714,2.011923460735956,1.0966271174089453,0.49703595021128444,0.911885902804826,0.372566308553167,1,0,1.6052750972742091,0.0,0.0,3,3
2026-04-29,H. RINCÓN,-0.583113754916782,1.1128473322384886,222.0,-0.05306060674220026,0.16783511442826554,34.0,-0.6299793097294802,,,0,0,0.09099544864144282,1,True,False,False,False,False,False,False,False,0.10227272727272728,0.2714285714285714,-0.5239831323140429,10.989786595101355,-1.9084599382452319,0.09099544864144282,0.16783511442826554,1,0,-0.05306060674220026,-0.0,-0.0,2,1
2026-04-29,M. DITURO,0.7769013467234323,1.0599873173199912,23.0,1.4670804552728416,1.8398065331149607,34.0,-0.6299793097294802,,,0,0,1.8883717644311664,1,False,False,False,False,False,False,False,False,0.1746031746031746,0.2714285714285714,0.7329338767503604,0.5295556998087386,1.3643765162899344,1.8883717644311664,1.8398065331149607,1,0,0.0,0.0,0.0,3,3
2026-04-29,P. LÓPEZ,-0.6309305402924714,-0.1822230332646992,4.0,0.9143018872673718,,34.0,-0.6299793097294802,,,0,0,-1.4491346955216924,0,False,False,False,False,False,False,False,False,0.19230769230769232,0.2714285714285714,3.462427287132559,-0.6900673169458852,0.28881677212360124,-1.4491346955216924,,0,0,0.0,0.0,0.0,0,3
2026-04-30,O. ÓSKARSSON,-0.399295459377071,0.5049571606757678,16.0,0.7761072452660043,0.8332114953341953,34.0,-0.9462952368252298,Dani,-1.5361,0,1,-1.9436965052727984,1,False,False,True,False,False,False,False,False,0.12037037037037036,0.2714285714285714,-0.7907495916943057,-0.5144842382652641,-1.2646235098366714,-1.9436965052727984,0.8332114953341953,1,0,0.0,0.0,0.7761072452660043,2,3
2026-04-30,A. TCHOUAMÉNI,3.3998562671306014,2.487207720119423,15.0,1.2597884922707905,-0.3269319380402464,34.0,-0.9462952368252298,,,0,0,0.3705415825688535,0,False,True,False,False,False,False,False,False,0.17857142857142858,0.2714285714285714,1.3669364535547937,2.6987495037780533,0.7315623935644119,0.3705415825688535,-0.3269319380402464,0,1,0.0,1.2597884922707905,0.0,3,3
2026-04-30,A. BLANCO,1.7293924885788758,2.2493376529861844,48.0,0.8452045662666884,2.6478123125945703,34.0,-0.9462952368252298,Dani,-11.04635,1,1,0.48872889359681404,1,False,True,False,False,False,False,False,False,0.11224489795918367,0.2714285714285714,0.7688448719284503,2.0461205623830443,1.3006511634518592,0.48872889359681404,2.726975040989534,1,0,0.0,0.8452045662666884,0.0,3,3
2026-04-30,C. ECHEVERRI,-0.11263503247658059,-0.10293301088695302,222.0,0.3615233192619022,1.020881756615355,34.0,-0.9462952368252298,Dani,-2.37251,0,1,-3.20971656001992,1,False,True,False,False,False,False,False,False,0.10227272727272728,0.2714285714285714,1.0942663172128648,-0.31155589396182065,0.9138713106836102,-3.20971656001992,1.020881756615355,1,0,0.0,0.3615233192619022,0.0,2,2
2026-04-30,N. GUDELJ,-0.591283456940769,1.3242873919124785,17.0,0.22332867726053457,0.06546951736581481,34.0,-0.9462952368252298,Dani,-0.325,0,1,-0.3777021872355436,1,False,True,False,False,False,False,False,False,0.17708333333333334,0.2714285714285714,-0.4464914595278327,-2.647581209061537,-2.239686593720702,-0.3777021872355436,0.06546951736581481,1,0,0.0,0.22332867726053457,0.0,1,2
2026-04-30,D. HANCKO,0.40349790715649003,1.6414474814234634,2.0,0.8452045662666884,-1.896537759664491,34.0,-0.9462952368252298,,,0,0,2.0946886132182025,0,True,False,False,False,False,False,False,False,0.2857142857142857,0.2714285714285714,0.2458181975998277,0.4773961782324254,4.068034515857701,2.0946886132182025,-1.896537759664491,0,1,0.8452045662666884,0.0,0.0,2,3
2026-04-30,J. GIMÉNEZ,-0.29501161589441144,0.42566713829802166,2.0,0.7761072452660043,-1.1970395130710776,34.0,-0.9462952368252298,,,0,0,-2.6307773464795727,0,True,False,False,False,False,True,False,False,0.2857142857142857,0.2714285714285714,-0.6930554329811406,-0.38011658514631397,-1.4428875279877185,-2.6307773464795727,-1.1970395130710776,0,1,0.7761072452660043,0.0,0.0,2,3
2026-04-30,V. CHUST,-0.6205982700856641,0.980697294942245,23.0,0.1542313562598511,0.7137849654280027,34.0,-0.9462952368252298,Dani,-0.23667,0,1,-0.24852084225017906,1,True,False,False,False,False,False,False,False,0.1746031746031746,0.2714285714285714,-0.6328126328823812,-4.0237877779684466,-1.580247516729931,-0.24852084225017906,0.7137849654280027,1,0,0.1542313562598511,0.0,0.0,1,2
2026-04-30,M. DIAKHABY,-0.6261248332195378,-0.3408030780201916,19.0,0.7761072452660043,0.44081003992813417,34.0,-0.9462952368252298,,,0,0,-1.239542729551197,1,True,False,False,True,False,False,False,False,0.22413793103448276,0.2714285714285714,1.837209552409013,-0.8067493639433492,0.5443061898279407,-1.239542729551197,0.44081003992813417,1,0,0.7761072452660043,0.0,0.0,1,3
2026-04-30,N. PÉREZ,-0.6302096842315315,-1.1601333092569024,12.0,-1.365909705755191,-0.0027742140091523483,34.0,-0.9462952368252298,,,0,0,2.1673927064663734,0,True,False,False,False,False,False,False,False,0.125,0.2714285714285714,0.5432222507751712,0.46138492387973884,1.8408716640767246,2.1673927064663734,-0.0027742140091523483,0,1,-1.365909705755191,-0.0,-0.0,0,0
2026-05-01,ISCO,1.9420450265561884,-0.8694032272051663,4.0,0.9143018872673718,1.7886237345837355,34.0,-1.1044532003731045,Los marinero,-14.668,1,1,0.4707931093109542,1,False,True,False,False,False,False,False,False,0.19230769230769232,0.2714285714285714,-2.2337704756050667,2.1240718514632353,-0.44767385289362616,0.4707931093109542,1.7886237345837355,1,0,0.0,0.9143018872673718,0.0,3,3
2026-05-01,A. BARRENETXEA,1.8062838017458138,2.2229076455269356,16.0,1.2597884922707905,1.7715628017399938,34.0,-1.1044532003731045,Los marinero,-10.403,0,1,0.6974473189682919,1,False,True,False,False,False,False,False,False,0.12037037037037036,0.2714285714285714,0.8125767135687387,1.4337981169298046,1.2306518016308652,0.6974473189682919,1.7715628017399938,1,0,0.0,1.2597884922707905,0.0,3,3
2026-05-01,I. PALAZÓN,1.315621109599291,2.1436176231491895,14.0,0.7761072452660043,-2.6874826063003603,34.0,-1.1044532003731045,,,0,0,0.5899165418422386,0,False,True,False,False,False,False,True,False,0.15384615384615385,0.2714285714285714,0.6137384212806064,1.6951515689005126,1.6293566423888146,0.5899165418422386,-3.1419858572576413,0,1,0.0,0.7761072452660043,0.0,3,3
2026-05-01,T. ABED,-0.6222802675611909,-1.0544132794199075,12.0,-1.2277150637538237,0.0825304502095566,34.0,-1.1044532003731045,,,0,0,1.9729326168384649,1,False,True,False,False,False,False,False,False,0.125,0.2714285714285714,0.5901678875586909,0.5068609099895169,1.6944374244578595,1.9729326168384649,0.0825304502095566,1,0,-0.0,-1.2277150637538237,-0.0,1,0
2026-05-01,A. MARTÍNEZ,0.9888330286398049,1.8528875410974532,222.0,0.637912603264637,1.5327097419276088,34.0,-1.1044532003731045,,,0,0,0.6451159494805417,1,True,False,False,False,False,False,False,False,0.10227272727272728,0.2714285714285714,0.5336710798881221,1.55010494145175,1.8738104549721057,0.6451159494805417,1.5327097419276088,1,0,0.637912603264637,0.0,0.0,3,2
2026-05-01,J. MOJICA,-0.26137166638387616,1.482867436667971,408.0,0.1542313562598511,0.9014552267091624,34.0,-1.1044532003731045,,,0,0,-0.5900867086336723,1,True,False,False,False,False,False,False,False,0.10833333333333334,0.2714285714285714,-0.17626086031690205,-1.6946616956529954,-5.673427156856529,-0.5900867086336723,0.9014552267091624,1,0,0.1542313562598511,0.0,0.0,2,2
2026-05-01,D. ĆALETA-CAR,-0.30942873711321234,0.5313871681350165,16.0,-0.12215792774288405,0.7137849654280027,34.0,-1.1044532003731045,,,0,0,0.3947866111892526,1,True,False,False,False,False,False,False,False,0.12037037037037036,0.2714285714285714,-0.5823026474209938,2.53304288860717,-1.7173223483213285,0.3947866111892526,0.7137849654280027,1,0,-0.12215792774288405,-0.0,-0.0,2,1
2026-05-01,C. TÁRREGA,-0.4456705326308804,0.980697294942245,19.0,0.08513403525916731,1.191491085052773,34.0,-1.1044532003731045,Dani,-0.931,0,1,-0.19102502869469964,1,True,False,False,False,False,False,False,False,0.22413793103448276,0.2714285714285714,-0.45444203883022627,-5.234866365817248,-2.2005033396673626,-0.19102502869469964,1.191491085052773,1,0,0.08513403525916731,0.0,0.0,2,2
2026-05-01,A. ESCANDELL,2.9413918123727343,2.735121190087179,1370.0,1.8125670602762602,1.7033190703650265,34.0,-1.1044532003731045,Dani,-15.05083,0,1,0.6162274731385218,1,False,False,False,False,False,False,False,False,0.09649122807017543,0.2714285714285714,0.8058322797440275,1.6227759259558099,1.24095225669023,0.6162274731385218,1.7033190703650265,1,0,0.0,0.0,0.0,3,3
2026-05-01,J. AGIRREZABALA,-0.625163691804951,0.7956872427275039,19.0,0.8452045662666884,-0.3439928708839881,34.0,-1.1044532003731045,,,0,0,-1.3519753775236316,0,False,False,False,False,False,True,False,False,0.22413793103448276,0.2714285714285714,-0.7856892413817509,-0.7396587490145475,-1.272768278014511,-1.3519753775236316,-0.3439928708839881,0,1,0.0,0.0,0.0,1,3
2026-05-02,T. ALMADA,-0.34427011339198105,0.6371071979720115,2.0,0.016036714258483527,-0.01983514685289414,35.0,0.635284398653518,,,0,0,-0.046581914074366286,0,False,True,False,False,False,False,False,False,0.2857142857142857,0.1388888888888889,-0.5403636532818638,-21.46628302782432,-1.8506080655763277,-0.046581914074366286,-0.01983514685289414,0,1,0.0,0.016036714258483527,0.0,2,1
2026-05-02,I. MARTÍN,-0.4617696513252081,1.5092974441272198,222.0,0.22332867726053457,0.16783511442826554,35.0,0.635284398653518,,,0,0,-0.4836375891252343,1,False,True,False,False,False,False,False,False,0.10227272727272728,0.1388888888888889,-0.305949862415869,-2.0676591530041546,-3.268514308617006,-0.4836375891252343,0.16783511442826554,1,0,0.0,0.22332867726053457,0.0,2,2
2026-05-02,I. AKHOMACH,-0.477628484665889,0.5049571606757678,14.0,0.22332867726053457,0.20195698011574914,35.0,0.635284398653518,,,0,0,-0.4675792001726155,1,False,True,False,False,False,False,False,False,0.15384615384615385,0.1388888888888889,-0.9458773456135365,-2.1386700170111808,-1.0572196468739576,-0.4675792001726155,0.20195698011574914,1,0,0.0,0.22332867726053457,0.0,2,2
2026-05-02,O. EJARIA,-0.6189162726101374,-0.7108231824496739,1370.0,-0.3985472117456189,0.9526380252403879,35.0,0.635284398653518,,,0,0,0.6439447035534198,1,False,True,False,False,False,False,False,False,0.09649122807017543,0.1388888888888889,0.8707047808738813,1.5529347773732562,1.1484983711129562,0.6439447035534198,0.9526380252403879,1,0,-0.0,-0.3985472117456189,-0.0,1,1
2026-05-02,M. GÓMEZ,-0.6261248332195378,0.5842471830535141,50.0,0.08513403525916731,0.2531397786469745,35.0,0.635284398653518,,,0,0,-0.13596996431425853,1,False,True,False,False,False,False,False,False,0.18181818181818182,0.1388888888888889,-1.0716761324736341,-7.354490795869106,-0.9331176231534051,-0.13596996431425853,0.2531397786469745,1,0,0.0,0.08513403525916731,0.0,1,2
2026-05-02,D. DUARTE,-0.36733750734206244,1.1921373546162348,9.0,0.08513403525916731,0.2531397786469745,35.0,0.635284398653518,,,0,0,-0.23176034387426347,1,True,False,False,False,False,False,False,False,0.17117117117117117,0.1388888888888889,-0.3081332849661676,-4.3147630845963345,-3.245354955983508,-0.23176034387426347,0.2531397786469745,1,0,0.08513403525916731,0.0,0.0,2,2
2026-05-02,C. AZPILICUETA,-0.6273262599877713,0.37280712337952415,17.0,0.7070099242653208,0.16783511442826554,35.0,0.635284398653518,,,0,0,-1.127022884873316,1,True,False,False,False,False,True,False,False,0.17708333333333334,0.1388888888888889,-1.6827054472446243,-0.8872935883411524,-0.5942804270097325,-1.127022884873316,0.16783511442826554,1,0,0.7070099242653208,0.0,0.0,1,3
2026-05-02,L. AHIJADO,-0.6309305402924714,-0.07650300342770429,1370.0,-0.05306060674220026,-0.4463584679464389,35.0,0.635284398653518,,,0,0,0.08409910038069177,0,True,False,False,False,False,False,False,False,0.09649122807017543,0.1388888888888889,8.247242059336546,11.890976564488351,0.12125443261420417,0.08409910038069177,-0.4463584679464389,0,1,-0.05306060674220026,-0.0,-0.0,0,1
2026-05-02,L. JÚNIOR,0.2809523767966828,1.6943074963419609,20.0,0.637912603264637,-2.6874826063003603,35.0,0.635284398653518,,,0,0,2.270528336544161,0,False,False,False,False,False,False,False,False,0.2376237623762376,0.1388888888888889,0.16582126419318766,0.4404238683089038,6.030564628408359,2.270528336544161,-2.698401603320355,0,1,0.0,0.0,0.0,2,2
2026-05-02,A. SAN MIGUEL,-0.625163691804951,-1.2129933241753998,4.0,-2.0568829157620283,0.5090537713031014,35.0,0.635284398653518,,,0,0,3.2901562148941705,1,False,False,False,False,False,False,False,False,0.19230769230769232,0.1388888888888889,0.5153896519748724,0.30393757026802487,1.9402842493260144,3.2901562148941705,0.5090537713031014,1,0,-0.0,-0.0,-0.0,1,0
2026-05-03,C. ESPÍ,0.9049734402171131,1.7207375038012096,12.0,1.6052750972742091,2.5222438468646327,35.0,0.3189684715577685,Maldinillo 💥,-9.63969,1,1,1.773834736027557,1,False,False,True,False,False,False,False,False,0.125,0.1388888888888889,0.5259215378850274,0.5637494022079916,1.9014211090739601,1.773834736027557,2.5222438468646327,1,0,0.0,0.0,1.6052750972742091,3,3
2026-05-03,A. MOLEIRO,2.964218920969169,2.735121190087179,20.0,1.8125670602762602,0.6967240325842611,35.0,0.3189684715577685,Maldinillo 💥,-15.5154,1,1,0.6114819779241044,1,False,True,False,False,False,False,False,False,0.2376237623762376,0.1388888888888889,0.8120860609923648,1.6353697198644126,1.231395829474399,0.6114819779241044,0.6967240325842611,1,0,0.0,1.8125670602762602,0.0,3,3
2026-05-03,G. LO CELSO,0.885510326571732,1.271427376993981,4.0,1.190691171270107,0.850272428177937,35.0,0.3189684715577685,,,0,0,1.3446368618229678,1,False,True,False,False,False,False,False,False,0.19230769230769232,0.1388888888888889,0.6964689026882748,0.743693750524253,1.435811534919974,1.3446368618229678,0.850272428177937,1,0,0.0,1.190691171270107,0.0,3,3
2026-05-03,N. GONZÁLEZ,-0.20682689110607955,1.6150174739642147,2.0,1.0524965292687394,-1.589440968477139,35.0,0.3189684715577685,,,0,0,-5.088804518815883,0,False,True,False,True,False,False,False,False,0.2857142857142857,0.1388888888888889,-0.12806472151269174,-0.1965105716207999,-7.808584628004255,-5.088804518815883,-1.589440968477139,0,1,0.0,1.0524965292687394,0.0,2,3
2026-05-03,S. ALTIMIRA,-0.5480320932843665,0.980697294942245,4.0,0.5688152822639532,-0.7193333934463075,35.0,0.3189684715577685,,,0,0,-1.037925200292973,0,False,True,False,False,False,False,False,False,0.19230769230769232,0.1388888888888889,-0.5588182380970093,-0.9634606293320872,-1.7894920688986773,-1.037925200292973,-0.7193333934463075,0,1,0.0,0.5688152822639532,0.0,2,2
2026-05-03,L. DENDONCKER,-0.6217996968538976,0.2406570860832805,1370.0,-0.05306060674220026,0.7479068311154864,35.0,0.3189684715577685,,,0,0,0.08533405909447858,1,False,True,False,True,False,False,False,False,0.09649122807017543,0.1388888888888889,-2.5837473694472988,11.718890037670734,-0.3870337575503589,0.08533405909447858,0.7479068311154864,1,0,-0.0,-0.05306060674220026,-0.0,1,1
2026-05-03,J. CESTERO,-0.6309305402924714,-1.1865633167161511,15.0,-1.7113963107586097,,35.0,0.3189684715577685,,,0,0,2.7124998933562074,0,False,True,False,False,False,False,False,False,0.17857142857142858,0.1388888888888889,0.5317297974189773,0.36866440869982225,1.8806589974628738,2.7124998933562074,,0,0,-0.0,-1.7113963107586097,-0.0,0,0
2026-05-03,D. HUIJSEN,1.9473313043364153,1.0071273024014937,15.0,0.29242599826121835,0.5772975026780686,35.0,0.3189684715577685,Maldinillo 💥,-10.89,0,1,0.15016748687937326,1,True,False,False,False,False,False,False,False,0.17857142857142858,0.1388888888888889,1.9335483867278986,6.659204915809138,0.5171830715069909,0.15016748687937326,0.5772975026780686,1,0,0.29242599826121835,0.0,0.0,3,2
2026-05-03,T. CORREIA,-0.6309305402924714,-0.050072995968455554,19.0,-0.6749364957483537,,35.0,0.3189684715577685,,,0,0,1.06974939774651,0,True,False,False,True,False,False,False,False,0.22413793103448276,0.1388888888888889,12.600467149141531,0.9348012428845656,0.0793638477368549,1.06974939774651,,0,0,-0.6749364957483537,-0.0,-0.0,0,0
2026-05-03,J. CABELLO,-0.6309305402924714,-0.9222632421236637,12.0,-0.5367418537469861,-0.6169677963838568,35.0,0.3189684715577685,,,0,0,0.8507159983318835,0,True,False,False,False,False,False,True,False,0.125,0.1388888888888889,0.6841118626299261,1.175484474282044,1.4617531486893809,0.8507159983318835,-0.6169677963838568,0,1,-0.5367418537469861,-0.0,-0.0,0,1
2026-05-04,E. EYONG,-0.32480699974659993,1.5621574590457172,12.0,0.3615233192619022,-0.7534552591337911,35.0,0.0026525444620189103,,,0,0,-1.1130438463080963,0,False,False,True,False,False,False,False,False,0.125,0.1388888888888889,-0.20792192870434942,-0.8984374838454429,-4.8095092463330325,-1.1130438463080963,-0.7534552591337911,0,1,0.0,0.0,0.3615233192619022,2,2
2026-05-04,R. GARCÍA DE HARO,-0.5747037675391481,1.8000275261789558,50.0,0.43062064026258595,0.9185161595529042,35.0,0.0026525444620189103,,,0,0,-0.7492927902652785,1,False,False,True,False,False,False,False,False,0.18181818181818182,0.1388888888888889,-0.3192748110270848,-1.334591004736091,-3.1321017190966285,-0.7492927902652785,0.9185161595529042,1,0,0.0,0.0,0.43062064026258595,2,2
2026-05-04,U. IZETA,-0.6299693988778847,-0.6843931749904252,1.0,-0.8131311377497211,0.16783511442826554,35.0,0.0026525444620189103,,,0,0,1.2907490902687984,1,False,False,True,False,False,False,False,False,0.14035087719298245,0.1388888888888889,0.9204801309814774,0.7747460949132687,1.086392867022351,1.2907490902687984,0.16783511442826554,1,0,-0.0,-0.0,-0.8131311377497211,0,0
2026-05-04,B. DÍAZ,0.6545961017172716,0.37280712337952415,15.0,-0.4676445327463027,0.3384444428656835,35.0,0.0026525444620189103,Maldinillo 💥,-5.70411,0,1,-0.7144005549665328,1,False,True,False,False,False,False,False,False,0.17857142857142858,0.1388888888888889,1.7558525704411305,-1.3997758033198138,0.5695215001739254,-0.7144005549665328,0.3384444428656835,1,0,-0.0,-0.4676445327463027,-0.0,3,1
2026-05-04,P. TORRE,0.37682623290170847,1.6678774888827121,408.0,0.3615233192619022,2.146903324302313,35.0,0.0026525444620189103,,,0,0,0.9593874531785813,1,False,True,False,False,False,False,False,False,0.10833333333333334,0.1388888888888889,0.22593146647879545,1.0423260976496604,4.426106563582047,0.9593874531785813,2.146903324302313,1,0,0.0,0.3615233192619022,0.0,2,2
2026-05-04,I. AGUIRRE,-0.6268456892804779,-1.1865633167161511,16.0,-1.365909705755191,0.3896272413969088,35.0,0.0026525444620189103,,,0,0,2.179024133271428,1,False,True,False,False,False,False,True,False,0.12037037037037036,0.1388888888888889,0.5282872045147138,0.45892209826271224,1.892914364606239,2.179024133271428,0.3896272413969088,1,0,-0.0,-1.365909705755191,-0.0,1,0
2026-05-04,L. ILIC,-0.6299693988778847,-0.3143730705609429,1370.0,-0.7440338167490376,-0.01983514685289414,35.0,0.0026525444620189103,,,0,0,1.1810653011711842,0,False,True,False,False,False,False,False,False,0.09649122807017543,0.1388888888888889,2.0038974764959643,0.8466957165014047,0.4990299055014696,1.1810653011711842,-0.01983514685289414,0,1,-0.0,-0.7440338167490376,-0.0,0,0
2026-05-04,M. VECINO,-0.6309305402924714,-1.0808432868791562,5.0,-1.1586177427531397,,35.0,0.0026525444620189103,,,0,0,1.836366295697702,0,False,True,False,True,False,False,False,False,0.16049382716049382,0.1388888888888889,0.583739688899693,0.5445549999504025,1.7130966579534768,1.836366295697702,,0,0,-0.0,-1.1586177427531397,-0.0,0,0
2026-05-04,Z. ROMERO,-0.21163259817901317,-0.1822230332646992,9.0,0.3615233192619022,-0.5316631321651478,35.0,0.0026525444620189103,Maldinillo 💥,-1.90535,0,1,-1.7082672076033742,0,True,False,False,False,False,False,True,False,0.17117117117117117,0.1388888888888889,1.1613996089682064,-0.585389659570034,0.8610388752560566,-1.7082672076033742,-0.5316631321651478,0,1,0.3615233192619022,0.0,0.0,2,2
2026-05-04,M. FERNÁNDEZ,-0.6225205529148377,-0.4200931003979378,5.0,-0.6058391747476699,-0.03689607969663593,35.0,0.0026525444620189103,,,0,0,0.9732050534170938,0,True,False,False,False,False,False,False,False,0.16049382716049382,0.1388888888888889,1.4818668390220782,1.027536030020089,0.6748271575260989,0.9732050534170938,-0.03689607969663593,0,1,-0.6058391747476699,-0.0,-0.0,1,0
2026-05-05,G. GUEDES,2.341879855024265,2.566497742497169,16.0,1.121593850269423,-2.2718782822268104,35.0,-0.3136633826337306,,,0,0,0.4789286559404413,0,False,False,True,False,False,True,False,False,0.12037037037037036,0.1388888888888889,0.9124804217693273,2.0879909126381175,1.095913029474156,0.4789286559404413,-2.2718782822268104,0,1,0.0,0.0,1.121593850269423,3,3
2026-05-05,A. GÜLER,3.4300673446445993,2.735121190087179,15.0,1.2597884922707905,-1.7771112297582985,35.0,-0.3136633826337306,,,0,0,0.3434298178245773,0,False,True,False,True,False,False,False,False,0.17857142857142858,0.1388888888888889,1.2720835649616027,2.9117999710744185,0.7861113909128362,0.3434298178245773,-1.7771112297582985,0,1,0.0,1.2597884922707905,0.0,3,3
2026-05-05,P. LOZANO,-0.623001123622131,1.2978573844532297,8.0,0.1542313562598511,0.04840858452207302,35.0,-0.3136633826337306,,,0,0,-0.24756232047458987,1,False,True,False,False,False,False,False,False,0.0641025641025641,0.1388888888888889,-0.48002242084724295,-4.039367216646142,-2.0832377639148283,-0.24756232047458987,0.04840858452207302,1,0,0.0,0.1542313562598511,0.0,1,2
2026-05-05,D. LÓPEZ,-0.6263651185731846,1.1128473322384886,19.0,-0.05306060674220026,0.5090537713031014,35.0,-0.3136633826337306,,,0,0,0.08471207907481797,1,False,True,False,False,False,False,False,False,0.22413793103448276,0.1388888888888889,-0.5628485934945461,11.804933301079544,-1.7766779725081958,0.08471207907481797,0.5090537713031014,1,0,-0.0,-0.05306060674220026,-0.0,1,1
2026-05-05,D. LÓPEZ,-0.6263651185731846,1.1128473322384886,19.0,-0.05306060674220026,0.16783511442826554,35.0,-0.3136633826337306,,,0,0,0.08471207907481797,1,False,True,False,False,False,False,False,False,0.22413793103448276,0.1388888888888889,-0.5628485934945461,11.804933301079544,-1.7766779725081958,0.08471207907481797,0.16783511442826554,1,0,-0.0,-0.05306060674220026,-0.0,1,1
2026-05-05,D. LÓPEZ,-0.6263651185731846,1.1128473322384886,19.0,-0.05306060674220026,-0.4804803336339225,35.0,-0.3136633826337306,,,0,0,0.08471207907481797,0,False,True,False,False,False,False,False,False,0.22413793103448276,0.1388888888888889,-0.5628485934945461,11.804933301079544,-1.7766779725081958,0.08471207907481797,-0.4804803336339225,0,1,-0.0,-0.05306060674220026,-0.0,1,1
2026-05-05,R. BRUGUÉ,-0.6268456892804779,-0.3408030780201916,12.0,-0.6058391747476699,0.32138351002194165,35.0,-0.3136633826337306,,,0,0,0.966490081367812,1,False,True,False,False,False,False,False,False,0.125,0.1388888888888889,1.8393247274840234,1.034675125154597,0.5436802510225963,0.966490081367812,0.32138351002194165,1,0,-0.0,-0.6058391747476699,-0.0,1,0
2026-05-05,L. DENDONCKER,-0.6309305402924714,0.2406570860832805,1370.0,-0.05306060674220026,,35.0,-0.3136633826337306,,,0,0,0.08409910038069177,0,False,True,False,False,False,True,False,False,0.09649122807017543,0.1388888888888889,-2.6216885148589433,11.890976564488351,-0.38143258591398715,0.08409910038069177,,0,0,-0.0,-0.05306060674220026,-0.0,0,1
2026-05-05,J. GALÁN,0.6457055436323444,0.8749772651052501,50.0,0.43062064026258595,-0.7193333934463075,35.0,-0.3136633826337306,,,0,0,0.6668983681661043,0,True,False,False,False,False,False,False,False,0.18181818181818182,0.1388888888888889,0.7379675237472022,1.4994730484018497,1.3550695338832572,0.6668983681661043,-0.7193333934463075,0,1,0.43062064026258595,0.0,0.0,3,2
2026-05-05,R. VEIGA,0.2112696242391453,1.165707347156986,20.0,0.016036714258483527,2.1810251899897968,35.0,-0.3136633826337306,Dani,-4.09496,1,1,0.07590602960651527,1,True,False,False,False,False,False,False,False,0.2376237623762376,0.1388888888888889,0.181237120549411,13.173300186925905,5.5176026073434485,0.07590602960651527,2.1810251899897968,1,0,0.016036714258483527,0.0,0.0,2,1
2026-05-05,J. MOJICA,-0.21571744919100677,1.6414474814234634,408.0,0.22332867726053457,1.0379426894590968,35.0,-0.3136633826337306,Dani,-2.00581,0,1,-1.0352881205771542,1,True,False,False,False,False,False,False,False,0.10833333333333334,0.1388888888888889,-0.13141895809238965,-0.9659148387133187,-7.609282869152175,-1.0352881205771542,1.0379426894590968,1,0,0.22332867726053457,0.0,0.0,2,2
2026-05-05,I. VILLAR,-0.6273262599877713,-1.2129933241753998,5.0,-2.0568829157620283,0.3555053757094252,35.0,-0.3136633826337306,,,0,0,3.2788141127971224,1,False,False,False,False,False,False,False,False,0.16049382716049382,0.1388888888888889,0.5171724894584405,0.3049889520543337,1.9335955389378794,3.2788141127971224,0.3555053757094252,1,0,-0.0,-0.0,-0.0,1,0
2026-05-06,C. SOLER,2.9606146406644687,2.170047630608438,16.0,0.9833992082680559,-0.08807887822786128,35.0,-0.6299793097294802,,,0,0,0.332160377308331,0,False,True,False,False,False,False,False,False,0.12037037037037036,0.1388888888888889,1.3643079693722677,3.010589804407955,0.7329717511461236,0.332160377308331,-0.08807887822786128,0,1,0.0,0.9833992082680559,0.0,3,3
2026-05-06,KOKE,1.6128540920602352,2.672217772334164,2.0,1.3288858132714745,0.611419368365552,35.0,-0.6299793097294802,,,0,0,0.8239337928207655,1,False,True,False,False,False,False,False,False,0.2857142857142857,0.1388888888888889,0.6035636411054094,1.2136880853604723,1.6568244633314926,0.8239337928207655,0.611419368365552,1,0,0.0,1.3288858132714745,0.0,3,3
2026-05-06,I. PALAZÓN,1.0984031499026914,2.1436176231491895,14.0,0.7761072452660043,-2.6874826063003603,35.0,-0.6299793097294802,,,0,0,0.7065771240346829,0,False,True,False,False,False,False,True,False,0.15384615384615385,0.1388888888888889,0.5124060493041563,1.4152705587172616,1.9515745851279738,0.7065771240346829,-3.0054983945077067,0,1,0.0,0.7761072452660043,0.0,3,3
2026-05-06,P. MARÍN,-0.6222802675611909,0.6106771905127628,16.0,-0.4676445327463027,0.5772975026780686,35.0,-0.6299793097294802,,,0,0,0.7515026727132887,1,False,True,False,False,False,False,False,False,0.12037037037037036,0.1388888888888889,-1.018998675945323,1.3306722406846132,-0.9813555140702366,0.7515026727132887,0.5772975026780686,1,0,-0.0,-0.4676445327463027,-0.0,1,1
2026-05-06,L. TORRÓ,-0.623721979683071,1.377147406830976,50.0,0.22332867726053457,0.611419368365552,35.0,-0.6299793097294802,,,0,0,-0.3580586264294232,1,False,True,False,False,False,False,False,False,0.18181818181818182,0.1388888888888889,-0.4529083260665772,-2.792830703621364,-2.2079542803430163,-0.3580586264294232,0.611419368365552,1,0,0.0,0.22332867726053457,0.0,1,2
2026-05-06,F. CALERO,-0.4766673432513023,1.2185673620754836,8.0,0.4997179612632697,0.7820286968029699,35.0,-0.6299793097294802,,,0,0,-1.048360070599351,1,True,False,False,False,False,False,False,False,0.0641025641025641,0.1388888888888889,-0.39116996476047966,-0.9538708358120055,-2.5564367598596007,-1.048360070599351,0.7820286968029699,1,0,0.4997179612632697,0.0,0.0,2,2
2026-05-06,A. CASTRÍN,-0.5014167346769104,0.3463771159202754,17.0,0.4997179612632697,1.003820823771613,35.0,-0.6299793097294802,,,0,0,-0.9966140404135211,1,True,False,False,False,False,False,False,False,0.17708333333333334,0.1388888888888889,-1.447599347738007,-1.0033974564610253,-0.6907982577440758,-0.9966140404135211,1.003820823771613,1,0,0.4997179612632697,0.0,0.0,2,2
2026-05-06,V. CHUST,-0.623001123622131,1.0335573098607425,23.0,0.08513403525916731,0.6626021668967774,35.0,-0.6299793097294802,,,0,0,-0.13665171487317995,1,True,False,False,False,False,False,False,False,0.1746031746031746,0.1388888888888889,-0.6027730778983063,-7.317799560728395,-1.6590001681727229,-0.13665171487317995,0.6626021668967774,1,0,0.08513403525916731,0.0,0.0,1,2
2026-05-06,A. PEDROSA,-0.623001123622131,0.3199471084610267,23.0,-0.3985472117456189,0.6626021668967774,35.0,-0.6299793097294802,,,0,0,0.639722524336689,1,True,False,False,False,False,False,False,False,0.1746031746031746,0.1388888888888889,-1.947194270404695,1.5631841559687825,-0.5135586596690382,0.639722524336689,0.6626021668967774,1,0,-0.3985472117456189,-0.0,-0.0,1,1
2026-05-06,M. DITURO,0.9004080184978264,1.1392773396977374,23.0,1.3288858132714745,1.4474050777088998,35.0,-0.6299793097294802,Maldinillo 💥,-7.333,0,1,1.475869061694302,1,False,False,False,False,False,False,False,False,0.1746031746031746,0.1388888888888889,0.7903319032087578,0.6775656207176801,1.2652886813577464,1.475869061694302,1.4474050777088998,1,0,0.0,0.0,0.0,3,3
2026-05-07,G. GURUZETA,0.6288855688770767,1.6678774888827121,1.0,0.3615233192619022,2.0274767943961205,35.0,-0.9462952368252298,Maldinillo 💥,-6.05641,1,1,0.5748625223582509,1,False,False,True,False,False,False,False,False,0.14035087719298245,0.1388888888888889,0.37705718556173606,1.7395387678511547,2.6521117979365187,0.5748625223582509,2.0274767943961205,1,0,0.0,0.0,0.3615233192619022,3,2
2026-05-07,R. BARDGHJI,-0.4009774568525978,0.3199471084610267,3.0,0.08513403525916731,0.5772975026780686,35.0,-0.9462952368252298,Dani,-1.15328,0,1,-0.21231679268008313,1,False,False,True,False,False,False,False,False,0.30337078651685395,0.1388888888888889,-1.253257782273907,-4.7098994630347635,-0.7979199351812365,-0.21231679268008313,0.5772975026780686,1,0,0.0,0.0,0.08513403525916731,2,2
2026-05-07,J. KARRIKABURU,-0.621559411500251,-0.895833234664415,16.0,-0.8822284587504049,0.7649677639592282,35.0,-0.9462952368252298,,,0,0,1.4193814168180536,1,False,False,True,False,False,True,False,False,0.12037037037037036,0.1388888888888889,0.6938346126081202,0.7045341939148363,1.4412695863967941,1.4193814168180536,0.7649677639592282,1,0,-0.0,-0.0,-0.8822284587504049,1,0
2026-05-07,D. RABA,-0.6266054039268312,-0.5786731451534302,19.0,-0.8131311377497211,-0.3439928708839881,35.0,-0.9462952368252298,,,0,0,1.2976786193233822,0,False,False,True,False,False,False,False,False,0.22413793103448276,0.1388888888888889,1.0828331883171807,0.770609001974661,0.923506348705781,1.2976786193233822,-0.3439928708839881,0,1,-0.0,-0.0,-0.8131311377497211,1,0
2026-05-07,R. GARCÍA,-0.11696016884222091,1.7471675112604583,50.0,0.43062064026258595,0.3043225771781998,35.0,-0.9462952368252298,,,0,0,-3.681803184182144,1,False,True,False,False,False,False,False,False,0.18181818181818182,0.1388888888888889,-0.0669426950453923,-0.27160773613444167,-14.938268872425084,-3.681803184182144,0.3043225771781998,1,0,0.0,0.43062064026258595,0.0,2,2
2026-05-07,O. VARGAS,-0.5737426261245614,-0.4465231078571866,2.0,0.43062064026258595,0.5943584355218103,35.0,-0.9462952368252298,,,0,0,-0.7505480178792129,1,False,True,False,False,False,False,False,False,0.2857142857142857,0.1388888888888889,1.2849142652261787,-1.3323590188702608,0.7782651415294815,-0.7505480178792129,0.5943584355218103,1,0,0.0,0.43062064026258595,0.0,2,2
2026-05-07,M. BUENO,-0.6263651185731846,-0.7636831973681714,17.0,-0.6058391747476699,0.42374910708439234,35.0,-0.9462952368252298,,,0,0,0.9672316098306061,1,False,True,False,False,False,True,False,False,0.17708333333333334,0.1388888888888889,0.8201908080766924,1.0338818923618738,1.2192320324922035,0.9672316098306061,0.42374910708439234,1,0,-0.0,-0.6058391747476699,-0.0,1,0
2026-05-07,L. ILIC,-0.6309305402924714,-0.3143730705609429,1370.0,-0.7440338167490376,-0.01983514685289414,35.0,-0.9462952368252298,,,0,0,1.1792660974538234,0,False,True,False,False,False,False,False,False,0.09649122807017543,0.1388888888888889,2.0069548136597644,0.8479875162620474,0.49826969651034764,1.1792660974538234,-0.01983514685289414,0,1,-0.0,-0.7440338167490376,-0.0,0,0
2026-05-07,L. BEITIA,-0.6191565579637841,-1.1865633167161511,16.0,-1.365909705755191,0.9355770923966461,35.0,-0.9462952368252298,,,0,0,2.2060848654048364,1,True,False,False,False,False,False,False,False,0.12037037037037036,0.1388888888888889,0.5218070296360999,0.45329278256665145,1.9164219741778625,2.2060848654048364,0.9355770923966461,1,0,-1.365909705755191,-0.0,-0.0,1,0
2026-05-07,Í. LEKUE,-0.6309305402924714,-1.0279832719606588,1.0,-1.5732016687572423,-0.07101794538411951,35.0,-0.9462952368252298,,,0,0,2.493466493941581,0,True,False,False,False,False,False,False,False,0.14035087719298245,0.1388888888888889,0.6137562460966421,0.4010489906483946,1.6293154881987781,2.493466493941581,-0.07101794538411951,0,1,-1.5732016687572423,-0.0,-0.0,0,0
2026-05-08,E. EYONG,-0.3243264290393066,1.5621574590457172,12.0,0.3615233192619022,0.372566308553167,35.0,-1.1044532003731045,,,0,0,-1.114693104184832,1,False,False,True,False,False,False,False,False,0.125,0.1388888888888889,-0.20761429620745986,-0.8971081937211312,-4.816635758944426,-1.114693104184832,0.372566308553167,1,0,0.0,0.0,0.3615233192619022,2,2
2026-05-08,Z. LUVUMBO,-0.5797497599657284,-0.49938312277568403,408.0,0.637912603264637,0.611419368365552,35.0,-1.1044532003731045,,,0,0,-1.1003259468849005,1,False,False,True,False,False,False,False,False,0.10833333333333334,0.1388888888888889,1.1609341494712346,-0.9088217542293429,0.8613785095550784,-1.1003259468849005,0.611419368365552,1,0,0.0,0.0,0.637912603264637,2,2
2026-05-08,ALEMÃO,-0.5826331842094885,0.3199471084610267,14.0,-0.2603525697442513,0.7649677639592282,35.0,-1.1044532003731045,,,0,0,0.4468557982211298,1,False,False,True,False,False,False,False,False,0.15384615384615385,0.1388888888888889,-1.8210239998354605,2.2378708328197177,-0.5491408080985585,0.4468557982211298,0.7649677639592282,1,0,-0.0,-0.0,-0.2603525697442513,2,1
2026-05-08,J. LUIS MORALES,-0.6191565579637841,0.0027870189500419124,12.0,-0.3985472117456189,0.9355770923966461,35.0,-1.1044532003731045,,,0,0,0.643694797889436,1,False,False,True,False,False,False,False,False,0.125,0.1388888888888889,-222.07760028118756,1.5535376819965225,-0.004501322671167771,0.643694797889436,0.9355770923966461,1,0,-0.0,-0.0,-0.3985472117456189,1,1
2026-05-08,T. DOLAN,-0.488921896287283,1.8000275261789558,8.0,0.3615233192619022,-0.08807887822786128,35.0,-1.1044532003731045,,,0,0,-0.7394311063552419,0,False,True,False,False,False,False,False,False,0.0641025641025641,0.1388888888888889,-0.2716189711310582,-1.3523900612978934,-3.681633450007596,-0.7394311063552419,-0.08807887822786128,0,1,0.0,0.3615233192619022,0.0,2,2
2026-05-08,B. GIL,-0.6217996968538976,1.0335573098607425,222.0,0.22332867726053457,0.7479068311154864,35.0,-1.1044532003731045,,,0,0,-0.3591655601571798,1,False,True,False,False,False,False,False,True,0.10227272727272728,0.1388888888888889,-0.6016106599130111,-2.7842233261659675,-1.6622056544830532,-0.3591655601571798,0.7479068311154864,1,0,0.0,0.22332867726053457,0.0,1,2
2026-05-08,L. ASTIAZARAN,-0.623001123622131,-1.2129933241753998,16.0,-2.0568829157620283,0.6626021668967774,35.0,-1.1044532003731045,,,0,0,3.3015770587705244,1,False,True,False,False,False,False,False,False,0.12037037037037036,0.1388888888888889,0.5136068144913045,0.3028861884817161,1.9470193956351736,3.3015770587705244,0.6626021668967774,1,0,-0.0,-2.0568829157620283,-0.0,1,0
2026-05-08,A. ALMEIDA,-0.6309305402924714,0.26708709354252924,19.0,-0.12215792774288405,,35.0,-1.1044532003731045,,,0,0,0.19361580008800502,0,False,True,False,False,False,False,False,False,0.22413793103448276,0.1388888888888889,-2.362256332448629,5.16491820767181,-0.4233231707913364,0.19361580008800502,,0,0,-0.0,-0.12215792774288405,-0.0,0,1
2026-05-08,A. ANTAÑÓN,-0.6309305402924714,-1.1601333092569024,5.0,-0.6749364957483537,,35.0,-1.1044532003731045,,,0,0,1.06974939774651,0,False,True,False,False,False,False,False,False,0.16049382716049382,0.1388888888888889,0.5438436075421434,0.9348012428845656,1.8387684125855246,1.06974939774651,,0,0,-0.0,-0.6749364957483537,-0.0,0,0
2026-05-08,J. OTTO,-0.5449083836869596,1.5092974441272198,48.0,0.08513403525916731,0.42374910708439234,35.0,-1.1044532003731045,,,0,0,-0.15623578943477012,1,True,False,False,False,False,False,False,False,0.11224489795918367,0.1388888888888889,-0.36103421812116365,-6.400518682210612,-2.7698238073321586,-0.15623578943477012,0.42374910708439234,1,0,0.08513403525916731,0.0,0.0,2,2
2026-05-09,WESLEY,-0.6256442625122445,-1.0808432868791562,16.0,-1.365909705755191,0.04840858452207302,36.0,-0.3136633826337306,,,0,0,2.183208527285082,1,False,False,True,False,False,False,False,False,0.12037037037037036,0.025,0.5788488016311252,0.4580425176852027,1.7275712081339691,2.183208527285082,0.04840858452207302,1,0,-0.0,-0.0,-1.365909705755191,1,0
2026-05-09,A. OROZ,0.2189587555558391,1.4035774142902246,50.0,0.3615233192619022,-1.4358925728834626,36.0,-0.3136633826337306,,,0,0,1.6510948249104458,0,False,True,False,False,False,False,False,False,0.18181818181818182,0.025,0.15600037256669008,0.6056542918132624,6.410207258074347,1.6510948249104458,-1.4358925728834626,0,1,0.0,0.3615233192619022,0.0,2,2
2026-05-09,D. CEBALLOS,-0.6309305402924714,-0.15579302580545049,15.0,-0.19125524874356753,,36.0,-0.3136633826337306,,,0,0,0.3031324997953178,0,False,True,False,False,False,True,False,False,0.17857142857142858,0.025,4.049825637933247,3.298909929778444,0.246926187246252,0.3031324997953178,,0,0,-0.0,-0.19125524874356753,-0.0,0,1
2026-05-09,I. BENITO,-0.6309305402924714,-0.5258131302349327,50.0,0.9143018872673718,,36.0,-0.3136633826337306,,,0,0,-1.4491346955216924,0,False,True,False,False,False,False,False,False,0.18181818181818182,0.025,1.199916289513085,-0.6900673169458852,0.8333943755291418,-1.4491346955216924,,0,0,0.0,0.9143018872673718,0.0,0,3
2026-05-09,L. CABRERA,1.5265916501010768,2.672217772334164,8.0,1.0524965292687394,-0.2245663409777956,36.0,-0.3136633826337306,,,0,0,0.689441632775484,0,True,False,False,False,False,False,False,False,0.0641025641025641,0.025,0.5712824361186603,1.4504467779242498,1.7504458521775503,0.689441632775484,-0.2245663409777956,0,1,1.0524965292687394,0.0,0.0,3,3
2026-05-09,D. MARTÍNEZ,-0.6290082574632979,-1.1337033017976537,2.0,0.016036714258483527,0.23607884580323268,36.0,-0.3136633826337306,,,0,0,-0.025495276991170896,1,True,False,False,False,False,False,False,False,0.2857142857142857,0.025,0.5548266564034594,-39.22056767725296,1.8023691910483313,-0.025495276991170896,0.23607884580323268,1,0,0.016036714258483527,0.0,0.0,0,1
2026-05-09,V. PARADA,-0.6309305402924714,0.2406570860832805,48.0,-0.6058391747476699,-0.4463584679464389,36.0,-0.3136633826337306,,,0,0,0.9602326980391968,0,True,False,False,False,False,False,False,False,0.11224489795918367,0.025,-2.6216885148589433,1.0414176038927432,-0.38143258591398715,0.9602326980391968,-0.4463584679464389,0,1,-0.6058391747476699,-0.0,-0.0,0,0
2026-05-09,J. LETACEK,-0.6242025503903643,-1.2129933241753998,9.0,-2.0568829157620283,0.5772975026780686,36.0,-0.3136633826337306,,,0,0,3.2952223756504466,1,False,False,False,False,False,False,False,False,0.17117117117117117,0.025,0.5145972797599534,0.30347028947410987,1.9432718861669214,3.2952223756504466,0.5772975026780686,1,0,-0.0,-0.0,-0.0,1,0
2026-05-09,D. CONDE,-0.6278068306950646,-1.2129933241753998,20.0,-2.0568829157620283,-0.01983514685289414,36.0,-0.3136633826337306,,,0,0,3.2763042571375696,0,False,False,False,False,False,False,False,False,0.2376237623762376,0.025,0.5175686755659,0.3052225924512912,1.9321154166925383,3.2763042571375696,-0.01983514685289414,0,1,-0.0,-0.0,-0.0,1,0
2026-05-09,R. BLANCO,-0.6278068306950646,-1.2129933241753998,222.0,-2.0568829157620283,0.32138351002194165,36.0,-0.3136633826337306,,,0,0,3.2763042571375696,1,False,False,False,False,False,False,False,False,0.10227272727272728,0.025,0.5175686755659,0.3052225924512912,1.9321154166925383,3.2763042571375696,0.32138351002194165,1,0,-0.0,-0.0,-0.0,1,0
2026-05-10,U. IZETA,-0.6222802675611909,-0.6843931749904252,1.0,-0.8131311377497211,0.7137849654280027,36.0,-0.6299793097294802,,,0,0,1.306698101861096,1,False,False,True,False,False,False,False,False,0.14035087719298245,0.025,0.9092451525616827,0.7652898824821652,1.0998167714516158,1.306698101861096,0.7137849654280027,1,0,-0.0,-0.0,-0.8131311377497211,1,0
2026-05-10,R. NAVARRO,-0.5634103559177541,1.773597518719707,1.0,0.7070099242653208,0.457870972771876,36.0,-0.6299793097294802,,,0,0,-1.254877855398144,1,False,True,False,False,False,False,False,False,0.14035087719298245,0.025,-0.31766510288047517,-0.7968905947290885,-3.147973139052052,-1.254877855398144,0.457870972771876,1,0,0.0,0.7070099242653208,0.0,2,3
2026-05-10,A. ANTAÑÓN,-0.6203579847320174,-1.1601333092569024,5.0,-0.6749364957483537,0.3043225771781998,36.0,-0.6299793097294802,,,0,0,1.0879808116288294,1,False,True,False,False,False,False,False,False,0.16049382716049382,0.025,0.5347303749598822,0.919136700677119,1.8701059838280991,1.0879808116288294,0.3043225771781998,1,0,-0.0,-0.6749364957483537,-0.0,1,0
2026-05-10,J. GURIDI,-0.6309305402924714,0.37280712337952415,48.0,-0.3985472117456189,,36.0,-0.6299793097294802,,,0,0,0.6316825989172575,0,False,True,False,False,False,False,False,False,0.11224489795918367,0.025,-1.6923733704433659,1.5830800085365684,-0.5908855103007334,0.6316825989172575,,0,0,-0.0,-0.3985472117456189,-0.0,0,1
2026-05-10,R. BRUGUÉ,-0.6309305402924714,-0.2615130556424454,12.0,-0.6058391747476699,,36.0,-0.6299793097294802,,,0,0,0.9602326980391968,0,False,True,False,False,False,False,False,False,0.125,0.025,2.4126250651905568,1.0414176038927432,0.4144885267556491,0.9602326980391968,,0,0,-0.0,-0.6058391747476699,-0.0,0,0
2026-05-10,D. CEBALLOS,-0.6309305402924714,-0.15579302580545049,15.0,-0.19125524874356753,,36.0,-0.6299793097294802,,,0,0,0.3031324997953178,0,False,True,False,False,False,True,False,False,0.17857142857142858,0.025,4.049825637933247,3.298909929778444,0.246926187246252,0.3031324997953178,,0,0,-0.0,-0.19125524874356753,-0.0,0,1
2026-05-10,A. BALDE,0.6115850234145158,1.271427376993981,3.0,0.637912603264637,-1.401770707195979,36.0,-0.6299793097294802,,,0,0,1.0430464053170125,0,True,False,False,False,False,False,False,False,0.30337078651685395,0.025,0.4810220020890812,0.9587270443593302,2.0789019505310753,1.0430464053170125,-1.401770707195979,0,1,0.637912603264637,0.0,0.0,3,2
2026-05-10,D. ALABA,-0.628287401402358,-0.8429732197459175,15.0,-0.9513257797510886,0.28726164433445806,36.0,-0.6299793097294802,,,0,0,1.5141594305203727,1,True,False,False,False,False,False,False,False,0.17857142857142858,0.025,0.7453239699781942,0.6604341806031244,1.3417021566348897,1.5141594305203727,0.28726164433445806,1,0,-0.9513257797510886,-0.0,-0.0,1,0
2026-05-10,P. CUÉLLAR,-0.6270859746341245,-1.2129933241753998,408.0,-2.0568829157620283,0.18489604727200734,36.0,-0.6299793097294802,,,0,0,3.280070483210231,1,False,False,False,False,False,False,False,False,0.10833333333333334,0.025,0.5169743964047107,0.30487213185585493,1.9343364507866356,3.280070483210231,0.18489604727200734,1,0,-0.0,-0.0,-0.0,1,0
2026-05-10,P. LÓPEZ,-0.6309305402924714,-0.1822230332646992,4.0,0.9143018872673718,,36.0,-0.6299793097294802,,,0,0,-1.4491346955216924,0,False,False,False,False,False,False,False,False,0.19230769230769232,0.025,3.462427287132559,-0.6900673169458852,0.28881677212360124,-1.4491346955216924,,0,0,0.0,0.0,0.0,0,3
2026-05-11,L. VÁZQUEZ,-0.29765475478452497,0.29351710100177797,9.0,0.5688152822639532,-0.4804803336339225,36.0,-0.9462952368252298,,,0,0,-1.9109964954943208,0,False,False,True,False,False,False,False,False,0.17117117117117117,0.025,-1.0140933515467312,-0.5232880352858841,-0.9861024639660884,-1.9109964954943208,-0.4804803336339225,0,1,0.0,0.0,0.5688152822639532,2,2
2026-05-11,L. CEPEDA,-0.6239622650367177,-0.4200931003979378,23.0,0.22332867726053457,0.3384444428656835,36.0,-0.9462952368252298,,,0,0,-0.3579207392744044,1,False,False,True,False,False,False,False,False,0.1746031746031746,0.025,1.4852987343624438,-2.793906625803289,0.6732679157146348,-0.3579207392744044,0.3384444428656835,1,0,0.0,0.0,0.22332867726053457,1,2
2026-05-11,E. ÁVILA,-0.629729113524238,-0.5786731451534302,4.0,-0.8822284587504049,-0.10513981107160308,36.0,-0.9462952368252298,,,0,0,1.4009672425343422,0,False,False,True,False,False,False,False,False,0.19230769230769232,0.025,1.0882312528750984,0.713794506482707,0.9189253786287521,1.4009672425343422,-0.10513981107160308,0,1,-0.0,-0.0,-0.8822284587504049,0,0
2026-05-11,A. BOAYAR,-0.6309305402924714,-0.7108231824496739,23.0,-0.19125524874356753,,36.0,-0.9462952368252298,,,0,0,0.3031324997953178,0,False,False,True,True,False,False,False,False,0.1746031746031746,0.025,0.8876067121570749,3.298909929778444,1.1266284696705868,0.3031324997953178,,0,0,-0.0,-0.0,-0.19125524874356753,0,1
2026-05-11,P. LOZANO,-0.623721979683071,1.3507173993717272,8.0,0.08513403525916731,0.5431756369905849,36.0,-0.9462952368252298,,,0,0,-0.1364937817266082,1,False,True,False,False,False,False,False,False,0.0641025641025641,0.025,-0.4617705511179746,-7.326266768837789,-2.1655795513854006,-0.1364937817266082,0.5431756369905849,1,0,0.0,0.08513403525916731,0.0,1,2
2026-05-11,U. GONZÁLEZ,-0.6309305402924714,1.588587466504966,8.0,0.1542313562598511,-0.10513981107160308,36.0,-0.9462952368252298,,,0,0,-0.24445099874124798,0,False,True,False,False,False,False,False,False,0.0641025641025641,0.025,-0.397164245867008,-4.090779364282537,-2.5178524146588,-0.24445099874124798,-0.10513981107160308,0,1,0.0,0.1542313562598511,0.0,0,2
2026-05-11,P. AGUDÍN,-0.6309305402924714,-1.0544132794199075,1370.0,-1.365909705755191,-0.36105380372772994,36.0,-0.9462952368252298,,,0,0,2.1649163948196417,0,False,True,False,False,False,False,True,False,0.09649122807017543,0.025,0.5983717684315877,0.4619126722262445,1.6712060730761276,2.1649163948196417,-0.36105380372772994,0,1,-0.0,-1.365909705755191,-0.0,0,0
2026-05-11,J. MONSERRATE,-0.6309305402924714,-1.1865633167161511,2.0,-1.365909705755191,,36.0,-0.9462952368252298,,,0,0,2.1649163948196417,0,False,True,False,False,False,False,True,False,0.2857142857142857,0.025,0.5317297974189773,0.4619126722262445,1.8806589974628738,2.1649163948196417,,0,0,-0.0,-1.365909705755191,-0.0,0,0
2026-05-11,J. GIMÉNEZ,-0.43389655030219304,0.4785271532165191,2.0,0.7070099242653208,-0.5316631321651478,36.0,-0.9462952368252298,,,0,0,-1.6294472800491113,0,True,False,False,False,False,False,False,False,0.2857142857142857,0.025,-0.9067315003008158,-0.6137055813572749,-1.1028625504069856,-1.6294472800491113,-0.5316631321651478,0,1,0.7070099242653208,0.0,0.0,2,3
2026-05-11,D. ALABA,-0.6270859746341245,-0.8429732197459175,15.0,-0.9513257797510886,0.18489604727200734,36.0,-0.9462952368252298,,,0,0,1.5170603956922166,1,True,False,False,False,False,False,False,False,0.17857142857142858,0.025,0.7438987429777177,0.6591712819655553,1.3442727123828058,1.5170603956922166,0.18489604727200734,1,0,-0.9513257797510886,-0.0,-0.0,1,0
2026-05-12,P. MILLA,-0.4180377169615121,1.7471675112604583,8.0,0.4997179612632697,-0.39517566941521354,36.0,-1.1044532003731045,,,0,0,-1.195392512158873,0,False,False,True,False,False,False,False,False,0.0641025641025641,0.025,-0.239265825973436,-0.8365456373813179,-4.179459459828541,-1.195392512158873,-0.39517566941521354,0,1,0.0,0.0,0.4997179612632697,2,2
2026-05-12,A. OROZ,0.14591200804724802,1.4035774142902246,50.0,0.3615233192619022,-0.6169677963838568,36.0,-1.1044532003731045,,,0,0,2.4776633975281865,0,False,True,False,False,False,False,False,False,0.18181818181818182,0.025,0.1039571473611143,0.4036021929178815,9.619275437291602,2.4776633975281865,-0.6169677963838568,0,1,0.0,0.3615233192619022,0.0,2,2
2026-05-12,J. CARDOSO,-0.4973318836649169,-0.02364298850920682,2.0,0.016036714258483527,-1.2652832444460447,36.0,-1.1044532003731045,,,0,0,-0.03224556283395517,0,False,True,False,True,False,False,False,False,0.2857142857142857,0.025,21.035958268537463,-31.010147434310436,0.04753975529325178,-0.03224556283395517,-1.2652832444460447,0,1,0.0,0.016036714258483527,0.0,2,1
2026-05-12,A. REGO,-0.6227608382684843,0.8221172501867526,1.0,0.016036714258483527,-0.2075054081340538,36.0,-1.1044532003731045,,,0,0,-0.025751041208874132,0,False,True,False,False,False,False,False,False,0.14035087719298245,0.025,-0.7575076190402266,-38.83102219127394,-1.320119249296101,-0.025751041208874132,-0.2075054081340538,0,1,0.0,0.016036714258483527,0.0,1,1
2026-05-12,P. LOZANO,-0.6299693988778847,1.3507173993717272,8.0,0.08513403525916731,-0.3439928708839881,36.0,-1.1044532003731045,,,0,0,-0.13514016800018883,0,False,True,False,False,False,False,False,False,0.0641025641025641,0.025,-0.4663958077204757,-7.399649239119213,-2.1441034213424968,-0.13514016800018883,-0.3439928708839881,0,1,0.0,0.08513403525916731,0.0,0,2
2026-05-12,T. ABED,-0.6309305402924714,-1.0279832719606588,12.0,-1.2277150637538237,,36.0,-1.1044532003731045,,,0,0,1.9458829954050154,0,False,True,False,False,False,False,False,False,0.125,0.025,0.6137562460966421,0.5139067466274322,1.6293154881987781,1.9458829954050154,,0,0,-0.0,-1.2277150637538237,-0.0,0,0
2026-05-12,M. LLORENTE,2.30175220096527,1.9586075709344481,2.0,0.9833992082680559,0.7137849654280027,36.0,-1.1044532003731045,,,0,0,0.4272392052526113,1,True,False,False,False,False,False,False,False,0.2857142857142857,0.025,1.175197655684264,2.340605769261599,0.8509198858127278,0.4272392052526113,0.7137849654280027,1,0,0.9833992082680559,0.0,0.0,3,3
2026-05-12,M. KUMBULLA,-0.6309305402924714,-0.7108231824496739,408.0,-0.3985472117456189,,36.0,-1.1044532003731045,,,0,0,0.6316825989172575,0,True,False,False,False,False,True,False,False,0.10833333333333334,0.025,0.8876067121570749,1.5830800085365684,1.1266284696705868,0.6316825989172575,,0,0,-0.3985472117456189,-0.0,-0.0,0,1
2026-05-12,O. VLACHODIMOS,0.21463361919019877,2.2493376529861844,17.0,0.8452045662666884,1.754501868896252,36.0,-1.1044532003731045,Dani,-3.75081,1,1,3.937876235695739,1,False,False,False,False,False,False,False,False,0.17708333333333334,0.025,0.09542076685751821,0.25394250553536374,10.479845522929974,3.937876235695739,1.754501868896252,1,0,0.0,0.0,0.0,2,3
2026-05-12,J. AGIRREZABALA,-0.623001123622131,0.7956872427275039,19.0,0.8452045662666884,0.3384444428656835,36.0,-1.1044532003731045,,,0,0,-1.356668376488688,1,False,False,False,False,False,False,False,False,0.22413793103448276,0.025,-0.782971382719661,-0.737100119174505,-1.277186332004828,-1.356668376488688,0.3384444428656835,1,0,0.0,0.0,0.0,1,3
2026-05-13,ALEMÃO,-0.5391415351994393,0.5578171755942654,14.0,-0.05306060674220026,0.7137849654280027,37.0,0.0026525444620189103,Dani,-0.66759,0,1,0.09841702353649229,1,False,False,True,False,False,False,False,False,0.15384615384615385,0.23529411764705882,-0.9665184083058442,10.161054110690198,-1.034641506574751,0.09841702353649229,0.7137849654280027,1,0,-0.0,-0.0,-0.05306060674220026,2,1
2026-05-13,T. FERNÁNDEZ,-0.621559411500251,-1.1337033017976537,3.0,0.016036714258483527,0.2531397786469745,37.0,0.0026525444620189103,,,0,0,-0.025800816080625195,1,False,False,True,False,False,False,False,False,0.30337078651685395,0.23529411764705882,0.5482562843126242,-38.75610959781643,1.8239690442950365,-0.025800816080625195,0.2531397786469745,1,0,0.0,0.0,0.016036714258483527,1,1
2026-05-13,T. FERNÁNDEZ,-0.621559411500251,-1.1337033017976537,3.0,0.016036714258483527,-0.6510896620713403,37.0,0.0026525444620189103,,,0,0,-0.025800816080625195,0,False,False,True,False,False,False,False,False,0.30337078651685395,0.23529411764705882,0.5482562843126242,-38.75610959781643,1.8239690442950365,-0.025800816080625195,-0.6510896620713403,0,1,0.0,0.0,0.016036714258483527,1,1
2026-05-13,K. TUNDE,-0.6280471160487112,-0.02364298850920682,12.0,-0.3985472117456189,0.3043225771781998,37.0,0.0026525444620189103,,,0,0,0.6345827186274767,1,False,False,True,False,False,False,False,False,0.125,0.23529411764705882,26.564902347538702,1.5758451530573734,0.03764530645926815,0.6345827186274767,0.3043225771781998,1,0,-0.0,-0.0,-0.3985472117456189,1,1
2026-05-13,P. GUEYE,2.923130125495587,2.302197667904682,20.0,1.3288858132714745,-0.9070036547274671,37.0,0.0026525444620189103,,,0,0,0.45461040104595907,0,False,True,False,False,False,False,False,False,0.2376237623762376,0.23529411764705882,1.2697123694177261,2.19968329605091,0.7875793349894175,0.45461040104595907,-0.9070036547274671,0,1,0.0,1.3288858132714745,0.0,3,3
2026-05-13,S. DARDER,1.7615907259675312,2.5400677350379204,408.0,0.7761072452660043,2.6478123125945703,37.0,0.0026525444620189103,Maldinillo 💥,-12.44662,1,1,0.44057157729878504,1,False,True,False,False,False,False,False,False,0.10833333333333334,0.23529411764705882,0.693520888497229,2.269774527860816,1.4419162497160467,0.44057157729878504,3.494717018957915,1,0,0.0,0.7761072452660043,0.0,3,3
2026-05-13,A. REINA,-0.0660196738691245,2.1171876156899407,1370.0,0.4997179612632697,0.6455412340530357,37.0,0.0026525444620189103,,,0,0,-7.569342611363434,1,False,True,False,False,False,False,False,False,0.09649122807017543,0.23529411764705882,-0.031182707756819424,-0.13211360582001808,-32.069526568907705,-7.569342611363434,0.6455412340530357,1,0,0.0,0.4997179612632697,0.0,2,2
2026-05-13,A. REGO,-0.6246831210976578,0.8221172501867526,1.0,0.016036714258483527,-0.03689607969663593,37.0,0.0026525444620189103,,,0,0,-0.02567179965116446,0,False,True,False,False,False,False,False,False,0.14035087719298245,0.23529411764705882,-0.7598458262613128,-38.95088234080595,-1.316056955083287,-0.02567179965116446,-0.03689607969663593,0,1,0.0,0.016036714258483527,0.0,1,1
2026-05-13,J. KALUMBA,-0.6299693988778847,-1.0279832719606588,408.0,-0.4676445327463027,-0.6681505949150821,37.0,0.0026525444620189103,,,0,0,0.7423301447807267,0,False,True,False,True,False,False,False,False,0.10833333333333334,0.23529411764705882,0.612821267507222,1.3471145322555846,1.631801331291741,0.7423301447807267,-0.6681505949150821,0,1,-0.0,-0.4676445327463027,-0.0,0,1
2026-05-13,S. CARDONA,-0.32024157802731296,1.3242873919124785,20.0,0.22332867726053457,0.49199283845935954,37.0,0.0026525444620189103,Dani,-1.55111,0,1,-0.6973778233734237,1,True,False,False,False,False,False,False,False,0.2376237623762376,0.23529411764705882,-0.24182163038130564,-1.433940987850539,-4.135289163135133,-0.6973778233734237,0.49199283845935954,1,0,0.22332867726053457,0.0,0.0,2,2
2026-05-13,M. RUGGERI,-0.5941668811845292,0.6635372054312603,2.0,0.016036714258483527,0.20195698011574914,37.0,0.0026525444620189103,Dani,-0.32084,0,1,-0.02699029810751289,1,True,False,False,False,False,False,False,False,0.2857142857142857,0.23529411764705882,-0.8954524039777877,-37.04810246698532,-1.1167541362496824,-0.02699029810751289,0.20195698011574914,1,0,0.016036714258483527,0.0,0.0,1,1
2026-05-14,F. VIÑAS,1.7714424254670447,2.7250777872526615,1370.0,1.2597884922707905,-0.13926167675908666,37.0,-0.3136633826337306,,,0,0,0.7111649596930507,0,False,False,True,False,False,False,False,False,0.09649122807017543,0.23529411764705882,0.6500518200624053,1.4061416104320665,1.538337464282377,0.7111649596930507,-0.13926167675908666,0,1,0.0,0.0,1.2597884922707905,3,3
2026-05-14,J. JIMÉNEZ,-0.6309305402924714,-0.6315331600719277,9.0,-0.12215792774288405,-0.17338354244657025,37.0,-0.3136633826337306,,,0,0,0.19361580008800502,0,False,False,True,True,False,False,False,False,0.17117117117117117,0.23529411764705882,0.9990473647780855,5.16491820767181,1.000956715038539,0.19361580008800502,-0.17338354244657025,0,1,-0.0,-0.0,-0.12215792774288405,0,1
2026-05-14,P. TORRE,0.6108641673535757,1.879317548556702,408.0,0.3615233192619022,1.5497706747713504,37.0,-0.3136633826337306,Dani,-6.38781,0,1,0.5918217940435427,1,False,True,False,False,False,False,False,False,0.10833333333333334,0.23529411764705882,0.3250455692158806,1.6896903881894656,3.076485039568366,0.5918217940435427,1.5497706747713504,1,0,0.0,0.3615233192619022,0.0,3,2
2026-05-14,C. ÁLVAREZ,0.03730302819894824,2.196477638067687,12.0,0.9143018872673718,-2.544853207726679,37.0,-0.3136633826337306,,,0,0,24.50946804970381,0,False,True,False,True,False,False,False,False,0.125,0.23529411764705882,0.016983105390801757,0.04079942075917302,58.880441177921234,24.50946804970381,-2.544853207726679,0,1,0.0,0.9143018872673718,0.0,2,3
2026-05-14,J. JORDAN,-0.6309305402924714,-1.1601333092569024,17.0,-1.5732016687572423,-0.12220074391534486,37.0,-0.3136633826337306,,,0,0,2.493466493941581,0,False,True,False,False,False,False,False,False,0.17708333333333334,0.23529411764705882,0.5438436075421434,0.4010489906483946,1.8387684125855246,2.493466493941581,-0.12220074391534486,0,1,-0.0,-1.5732016687572423,-0.0,0,0
2026-05-14,S. MOURIÑO,1.3365259353665524,1.6414474814234634,20.0,0.8452045662666884,-1.7941721626020402,37.0,-0.3136633826337306,Dani,-8.62525,0,1,0.6323887262585433,0,True,False,False,False,False,False,False,False,0.2376237623762376,0.23529411764705882,0.8142356890832892,1.581302808108622,1.2281439587847023,0.6323887262585433,-1.7941721626020402,0,1,0.8452045662666884,0.0,0.0,3,3
2026-05-14,A. MARTÍNEZ,0.9770590463111176,2.0643276007714433,222.0,0.637912603264637,0.6455412340530357,37.0,-0.3136633826337306,,,0,0,0.6528898665676391,1,True,False,False,False,False,False,False,False,0.10227272727272728,0.23529411764705882,0.47330596783186013,1.5316479242813497,2.112795020700412,0.6528898665676391,0.6455412340530357,1,0,0.637912603264637,0.0,0.0,3,2
2026-05-14,M. MOREY,-0.6304499695851781,-0.10293301088695302,408.0,-0.4676445327463027,-0.0539570125403777,37.0,-0.3136633826337306,,,0,0,0.7417642906990598,0,True,False,False,False,False,False,False,False,0.10833333333333334,0.23529411764705882,6.124916477902889,1.3481421754787701,0.16326937762255483,0.7417642906990598,-0.0539570125403777,0,1,-0.4676445327463027,-0.0,-0.0,0,1
2026-05-14,J. CRUZ,-0.6309305402924714,-0.4200931003979378,50.0,-0.6749364957483537,,37.0,-0.3136633826337306,,,0,0,1.06974939774651,0,True,False,False,False,False,False,False,False,0.18181818181818182,0.23529411764705882,1.501886228507544,0.9348012428845656,0.6658320360197447,1.06974939774651,,0,0,-0.6749364957483537,-0.0,-0.0,0,0
2026-05-14,W. SZCZĘSNY,-0.5900820301725357,-0.20865304072394794,3.0,1.6743724182748931,1.4985878762401252,37.0,-0.3136633826337306,Dani,-0.46233,1,1,-2.83752964874217,1,False,False,False,False,False,False,False,False,0.30337078651685395,0.23529411764705882,2.8280673801471683,-0.35241961185725057,0.35360065830779075,-2.83752964874217,1.4985878762401252,1,0,0.0,0.0,0.0,1,3
2026-05-15,T. MARTÍNEZ,2.327222448451818,2.735121190087179,48.0,1.6052750972742091,2.436939182645924,37.0,-0.6299793097294802,Maldinillo 💥,-20.18336,1,1,0.6897812491284909,1,False,False,True,False,False,False,False,False,0.11224489795918367,0.23529411764705882,0.6240174151338908,1.4497334461053075,1.6025182597679237,0.6897812491284909,2.436939182645924,1,0,0.0,0.0,1.6052750972742091,3,3
2026-05-15,J. ARANGO,-0.6309305402924714,-1.1601333092569024,222.0,-1.365909705755191,,37.0,-0.6299793097294802,,,0,0,2.1649163948196417,0,False,False,True,False,False,False,False,False,0.10227272727272728,0.23529411764705882,0.5438436075421434,0.4619126722262445,1.8387684125855246,2.1649163948196417,,0,0,-0.0,-0.0,-1.365909705755191,0,0
2026-05-15,C. PICKEL,-0.6246831210976578,-0.12936301834620176,8.0,-0.8131311377497211,-0.2586882066652792,37.0,-0.6299793097294802,,,0,0,1.3016718588342675,0,False,True,False,False,False,False,False,False,0.0641025641025641,0.23529411764705882,4.828953112233188,0.7682449488668852,0.2070861546651792,1.3016718588342675,-0.2586882066652792,0,1,-0.0,-0.8131311377497211,-0.0,1,0
2026-05-15,I. BENITO,-0.6263651185731846,-0.5258131302349327,50.0,0.9143018872673718,0.42374910708439234,37.0,-0.6299793097294802,,,0,0,-1.4596970997478116,1,False,True,False,False,False,False,False,False,0.18181818181818182,0.23529411764705882,1.1912336794005205,-0.6850739807299931,0.8394687924217303,-1.4596970997478116,0.42374910708439234,1,0,0.0,0.9143018872673718,0.0,1,3
2026-05-15,A. SÁNCHEZ,-0.6309305402924714,0.29351710100177797,408.0,-0.6749364957483537,0.7479068311154864,37.0,-0.6299793097294802,,,0,0,1.06974939774651,1,False,True,False,False,False,False,False,False,0.10833333333333334,0.23529411764705882,-2.149545592381199,0.9348012428845656,-0.46521375566868567,1.06974939774651,0.7479068311154864,1,0,-0.0,-0.6749364957483537,-0.0,0,0
2026-05-15,D. AFFENGRUBER,1.326193665159745,2.170047630608438,23.0,0.5688152822639532,2.6478123125945703,37.0,-0.6299793097294802,Maldinillo 💥,-15.41373,1,1,0.42890783472985644,1,True,False,False,False,False,False,False,False,0.1746031746031746,0.23529411764705882,0.6111354586500243,2.331497368326631,1.636296456031248,0.42890783472985644,3.1876202277705623,1,0,0.5688152822639532,0.0,0.0,3,2
2026-05-15,R. MARÍN,-0.4660947876908483,1.165707347156986,20.0,0.9143018872673718,-0.07101794538411951,37.0,-0.6299793097294802,,,0,0,-1.9616264181444356,0,True,False,False,False,False,False,False,False,0.2376237623762376,0.23529411764705882,-0.39983825184712285,-0.5097815988352523,-2.50101455531559,-1.9616264181444356,-0.07101794538411951,0,1,0.9143018872673718,0.0,0.0,2,3
2026-05-15,D. MARTÍNEZ,-0.6309305402924714,-1.1337033017976537,2.0,0.016036714258483527,,37.0,-0.6299793097294802,,,0,0,-0.02541759932662149,0,True,False,False,False,False,False,False,False,0.2857142857142857,0.23529411764705882,0.5565222362978686,-39.34042782678497,1.7968778277081754,-0.02541759932662149,,0,0,0.016036714258483527,0.0,0.0,0,1
2026-05-15,A. BOIRO,-0.6309305402924714,-0.5258131302349327,1.0,-0.6749364957483537,,37.0,-0.6299793097294802,,,0,0,1.06974939774651,0,True,False,False,False,False,False,False,False,0.14035087719298245,0.23529411764705882,1.199916289513085,0.9348012428845656,0.8333943755291418,1.06974939774651,,0,0,-0.6749364957483537,-0.0,-0.0,0,0
2026-05-15,L. JÚNIOR,-0.0835605046853322,1.6943074963419609,20.0,0.637912603264637,-1.5211972371021716,37.0,-0.6299793097294802,,,0,0,-7.6342315056424015,0,False,False,False,False,False,False,False,False,0.2376237623762376,0.23529411764705882,-0.049318353101422005,-0.1309903163338991,-20.27665796634832,-7.6342315056424015,-1.5211972371021716,0,1,0.0,0.0,0.0,2,2
2026-05-16,T. ASANO,-0.6304499695851781,-0.10293301088695302,408.0,-0.4676445327463027,0.13371324874078197,37.0,-0.9462952368252298,,,0,0,0.7417642906990598,1,False,False,True,False,False,False,False,False,0.10833333333333334,0.23529411764705882,6.124916477902889,1.3481421754787701,0.16326937762255483,0.7417642906990598,0.13371324874078197,1,0,-0.0,-0.0,-0.4676445327463027,0,1
2026-05-16,J. JIMÉNEZ,-0.6309305402924714,-0.6315331600719277,9.0,-0.12215792774288405,-0.19044447529031205,37.0,-0.9462952368252298,,,0,0,0.19361580008800502,0,False,False,True,True,False,False,False,False,0.17117117117117117,0.23529411764705882,0.9990473647780855,5.16491820767181,1.000956715038539,0.19361580008800502,-0.19044447529031205,0,1,-0.0,-0.0,-0.12215792774288405,0,1
2026-05-16,PEPELU,0.3340554399525993,1.4564374292087223,19.0,0.3615233192619022,1.9592330630211534,37.0,-0.9462952368252298,Dani,-4.51147,0,1,1.082222271521544,1,False,True,False,False,False,False,False,False,0.22413793103448276,0.23529411764705882,0.22936461525125398,0.924019276585918,4.359854368966461,1.082222271521544,1.9592330630211534,1,0,0.0,0.3615233192619022,0.0,2,2
2026-05-16,T. MORENTE,-0.6193968433174307,-0.2615130556424454,23.0,0.22332867726053457,0.9185161595529042,37.0,-0.9462952368252298,,,0,0,-0.3605588892305209,1,False,True,False,False,False,False,False,False,0.1746031746031746,0.23529411764705882,2.36852118268806,-2.7734641043467207,0.4222066687464418,-0.3605588892305209,0.9185161595529042,1,0,0.0,0.22332867726053457,0.0,1,2
2026-05-16,L. TORRÓ,-0.6201176993783708,1.5357274515864685,50.0,0.22332867726053457,0.32138351002194165,37.0,-0.9462952368252298,,,0,0,-0.3601397567335438,1,False,True,False,False,False,False,False,False,0.18181818181818182,0.23529411764705882,-0.40379384697715576,-2.776691870892495,-2.4765136193331703,-0.3601397567335438,0.32138351002194165,1,0,0.0,0.22332867726053457,0.0,1,2
2026-05-16,M. NETO,-0.623721979683071,0.9278372800237475,23.0,0.1542313562598511,,37.0,-0.9462952368252298,,,0,0,-0.24727620407801595,0,False,True,False,False,False,False,False,False,0.1746031746031746,0.23529411764705882,-0.672231350130442,-4.044041048249451,-1.4875838880635475,-0.24727620407801595,,0,0,0.0,0.1542313562598511,0.0,1,2
2026-05-16,B. SANTAMARIA,-0.6273262599877713,-0.10293301088695302,19.0,-0.5367418537469861,0.32138351002194165,37.0,-0.9462952368252298,,,0,0,0.8556037640783811,1,False,True,False,False,False,False,False,False,0.22413793103448276,0.23529411764705882,6.094569168348842,1.1687693523017835,0.16408236277455102,0.8556037640783811,0.32138351002194165,1,0,-0.0,-0.5367418537469861,-0.0,1,1
2026-05-16,M. VECINO,-0.6309305402924714,-1.0808432868791562,5.0,-1.1586177427531397,,37.0,-0.9462952368252298,,,0,0,1.836366295697702,0,False,True,False,False,False,False,False,False,0.16049382716049382,0.23529411764705882,0.583739688899693,0.5445549999504025,1.7130966579534768,1.836366295697702,,0,0,-0.0,-1.1586177427531397,-0.0,0,0
2026-05-16,A. ELUSTONDO,-0.6227608382684843,-0.5786731451534302,16.0,-0.8822284587504049,0.04840858452207302,37.0,-0.9462952368252298,,,0,0,1.4166431496342873,1,True,False,False,False,False,False,False,False,0.12037037037037036,0.23529411764705882,1.07618941655359,0.7058960045865819,0.9292075525653158,1.4166431496342873,0.04840858452207302,1,0,-0.8822284587504049,-0.0,-0.0,1,0
2026-05-16,A. ESCANDELL,2.9651800623837556,2.735121190087179,1370.0,1.8125670602762602,0.8843942938654207,37.0,-0.9462952368252298,Dani,-15.24492,0,1,0.6112837705833414,1,False,False,False,False,False,False,False,False,0.09649122807017543,0.23529411764705882,0.7280072153819501,1.6358999848710905,1.3736119589270517,0.6112837705833414,0.8843942938654207,1,0,0.0,0.0,0.0,3,3
2026-05-17,F. VIÑAS,1.7755272764790386,2.735121190087179,1370.0,1.190691171270107,0.5772975026780686,37.0,-1.1044532003731045,Los marinero,-10.175,0,1,0.6706123394617557,1,False,False,True,False,False,False,False,False,0.09649122807017543,0.23529411764705882,0.6391527686251894,1.4911723779833794,1.564569733397853,0.6706123394617557,0.5772975026780686,1,0,0.0,0.0,1.190691171270107,3,3
2026-05-17,G. CARRERA,-0.6234816943294244,-1.1337033017976537,16.0,-1.0204231007517723,0.6284803012092939,37.0,-1.1044532003731045,,,0,0,1.6366554891475409,1,False,False,True,False,False,False,False,False,0.12037037037037036,0.23529411764705882,0.5499518642070333,0.6110037149039487,1.8183454790320202,1.6366554891475409,0.6284803012092939,1,0,-0.0,-0.0,-1.0204231007517723,1,0
2026-05-17,D. RABA,-0.6309305402924714,-0.5786731451534302,19.0,-0.8131311377497211,,37.0,-1.1044532003731045,,,0,0,1.2887827971611363,0,False,False,True,False,False,False,False,False,0.22413793103448276,0.23529411764705882,1.0903074315512205,0.7759281214671566,0.9171755452838404,1.2887827971611363,,0,0,-0.0,-0.0,-0.8131311377497211,0,0
2026-05-17,B. MÉNDEZ,0.9989250134929655,1.773597518719707,16.0,0.7070099242653208,-1.7600502969145566,37.0,-1.1044532003731045,,,0,0,0.7077700597595856,0,False,True,False,False,False,False,False,False,0.12037037037037036,0.23529411764705882,0.5632193548594364,1.4128848355928623,1.7755043864739606,0.7077700597595856,-1.7600502969145566,0,1,0.0,0.7070099242653208,0.0,3,3
2026-05-17,E. GARCIA,-0.6309305402924714,-1.1601333092569024,1.0,-1.365909705755191,-0.7022724606025658,37.0,-1.1044532003731045,,,0,0,2.1649163948196417,0,False,True,False,False,False,False,True,False,0.14035087719298245,0.23529411764705882,0.5438436075421434,0.4619126722262445,1.8387684125855246,2.1649163948196417,-0.7022724606025658,0,1,-0.0,-1.365909705755191,-0.0,0,0
2026-05-17,Ó. TREJO,-0.6309305402924714,-0.8694032272051663,14.0,-0.5367418537469861,,37.0,-1.1044532003731045,,,0,0,0.8507159983318835,0,False,True,False,False,False,False,False,False,0.15384615384615385,0.23529411764705882,0.725706146763276,1.175484474282044,1.3779719789346825,0.8507159983318835,,0,0,-0.0,-0.5367418537469861,-0.0,0,1
2026-05-17,U. GÓMEZ,-0.6309305402924714,0.2406570860832805,1.0,-0.4676445327463027,-0.17338354244657025,37.0,-1.1044532003731045,,,0,0,0.7411992986245708,0,False,True,False,False,False,False,False,False,0.14035087719298245,0.23529411764705882,-2.6216885148589433,1.3491698187019558,-0.38143258591398715,0.7411992986245708,-0.17338354244657025,0,1,-0.0,-0.4676445327463027,-0.0,0,1
2026-05-17,M. KUMBULLA,-0.6309305402924714,-0.7108231824496739,408.0,-0.3985472117456189,-0.6681505949150821,37.0,-1.1044532003731045,,,0,0,0.6316825989172575,0,True,False,False,True,False,False,False,False,0.10833333333333334,0.23529411764705882,0.8876067121570749,1.5830800085365684,1.1266284696705868,0.6316825989172575,-0.6681505949150821,0,1,-0.3985472117456189,-0.0,-0.0,0,1
2026-05-17,Á. ODRIOZOLA,-0.6309305402924714,-0.5258131302349327,16.0,1.5361777762735256,,37.0,-1.1044532003731045,,,0,0,-2.434784992887511,0,True,False,False,True,False,False,False,False,0.12037037037037036,0.23529411764705882,1.199916289513085,-0.41071426713952375,0.8333943755291418,-2.434784992887511,,0,0,1.5361777762735256,0.0,0.0,0,3
2026-05-17,A. PADILLA,-0.6309305402924714,-1.2129933241753998,1.0,-2.0568829157620283,,37.0,-1.1044532003731045,,,0,0,3.260083391892773,0,False,False,False,False,False,False,False,False,0.14035087719298245,0.23529411764705882,0.520143885264387,0.306741255031515,1.9225495823402232,3.260083391892773,,0,0,-0.0,-0.0,-0.0,0,0
2026-05-18,I. ASPAS,-0.2858807724558376,1.879317548556702,5.0,0.5688152822639532,0.49199283845935954,38.0,0.3189684715577685,,,0,0,-1.9897010459242026,1,False,False,True,False,False,False,False,False,0.16049382716049382,0.06557377049180328,-0.15211938001430955,-0.5025889401723871,-6.573803849123382,-1.9897010459242026,0.49199283845935954,1,0,0.0,0.0,0.5688152822639532,2,2
2026-05-18,A. GONZÁLEZ,-0.6222802675611909,0.18779707116478303,20.0,-0.19125524874356753,-0.30987100519650457,38.0,0.3189684715577685,,,0,0,0.3073463293950425,0,False,False,True,False,False,False,False,False,0.2376237623762376,0.06557377049180328,-3.3135604838836303,3.2536807503583374,-0.3017890534916725,0.3073463293950425,-0.30987100519650457,0,1,-0.0,-0.0,-0.19125524874356753,1,1
2026-05-18,F. DE JONG,2.953165794701422,2.1171876156899407,3.0,1.6052750972742091,-1.2652832444460447,38.0,0.3189684715577685,,,0,0,0.5435775250332616,0,False,True,False,False,False,True,False,False,0.30337078651685395,0.06557377049180328,1.394852481643,1.8396622236610614,0.716921109735015,0.5435775250332616,-1.2652832444460447,0,1,0.0,1.6052750972742091,0.0,3,3
2026-05-18,I. PALAZÓN,0.6630060890949054,2.1436176231491895,14.0,0.7761072452660043,-2.1524517523206175,38.0,0.3189684715577685,,,0,0,1.1705866468569677,0,False,True,False,False,False,False,True,False,0.15384615384615385,0.06557377049180328,0.3092929320239266,0.8542701268012761,3.2331745141300345,1.1705866468569677,-2.1524517523206175,0,1,0.0,0.7761072452660043,0.0,3,3
2026-05-18,C. PALACIOS,-0.6304499695851781,-1.0279832719606588,15.0,-1.0895204217524561,-0.07101794538411951,38.0,0.3189684715577685,,,0,0,1.7281659171706432,0,False,True,False,False,False,False,False,False,0.17857142857142858,0.06557377049180328,0.6132887568019321,0.578649592653539,1.6305574623066634,1.7281659171706432,-0.07101794538411951,0,1,-0.0,-1.0895204217524561,-0.0,0,0
2026-05-18,C. BENAVÍDEZ,-0.6309305402924714,-0.6843931749904252,48.0,-0.8822284587504049,,38.0,0.3189684715577685,,,0,0,1.3982994968684495,0,False,True,False,False,False,False,False,False,0.11224489795918367,0.06557377049180328,0.9218845032839517,0.7151563171544527,1.0847378847932376,1.3982994968684495,,0,0,-0.0,-0.8822284587504049,-0.0,0,0
2026-05-18,F. PÉREZ,-0.6309305402924714,0.7692572352682552,14.0,-0.2603525697442513,-0.4292975351026971,38.0,0.3189684715577685,,,0,0,0.412649199502631,0,False,True,False,False,False,False,False,False,0.15384615384615385,0.06557377049180328,-0.8201804171423056,2.4233790520727316,-1.2192442834609727,0.412649199502631,-0.4292975351026971,0,1,-0.0,-0.2603525697442513,-0.0,0,1
2026-05-18,R. ARAÚJO,0.5901996269399612,1.271427376993981,3.0,0.7761072452660043,-0.3439928708839881,38.0,0.3189684715577685,,,0,0,1.3149888526718807,0,True,False,False,False,False,False,False,False,0.30337078651685395,0.06557377049180328,0.4642020247616003,0.7604604519279079,2.1542291196571677,1.3149888526718807,-0.3439928708839881,0,1,0.7761072452660043,0.0,0.0,3,3
2026-05-18,A. GOROSABEL,-0.6275665453414179,0.26708709354252924,1.0,-0.3985472117456189,-0.03689607969663593,38.0,0.3189684715577685,,,0,0,0.6350686628737643,0,True,False,False,False,False,False,False,False,0.14035087719298245,0.06557377049180328,-2.349661256021091,1.574639343810841,-0.4255923473256079,0.6350686628737643,-0.03689607969663593,0,1,-0.3985472117456189,-0.0,-0.0,1,1
2026-05-18,A. ABQAR,-0.6280471160487112,0.029217026409290647,9.0,-0.6058391747476699,-0.2928100723527628,38.0,0.3189684715577685,,,0,0,0.9646412250094722,0,True,False,False,False,False,False,False,False,0.17117117117117117,0.06557377049180328,-21.495192976107617,1.0366582071364046,-0.04652051125338792,0.9646412250094722,-0.2928100723527628,0,1,-0.6058391747476699,-0.0,-0.0,1,0
2026-05-19,R. GARCÍA DE HARO,-0.45912651243509456,2.011467585852946,50.0,0.3615233192619022,0.611419368365552,38.0,0.0026525444620189103,,,0,0,-0.7874171865215392,1,False,False,True,False,False,False,False,False,0.18181818181818182,0.06557377049180328,-0.22825437874805582,-1.269974073590567,-4.3810843252525675,-0.7874171865215392,0.611419368365552,1,0,0.0,0.0,0.3615233192619022,2,2
2026-05-19,T. FERNÁNDEZ,-0.6249234064513044,-1.1337033017976537,3.0,0.016036714258483527,0.5261147041468431,38.0,0.0026525444620189103,,,0,0,-0.025661928733760567,1,False,False,True,False,False,False,False,False,0.30337078651685395,0.06557377049180328,0.5512235491278401,-38.965864859497444,1.8141505090776335,-0.025661928733760567,0.5261147041468431,1,0,0.0,0.0,0.016036714258483527,1,1
2026-05-19,T. FERNÁNDEZ,-0.6249234064513044,-1.1337033017976537,3.0,0.016036714258483527,-0.6852115277588239,38.0,0.0026525444620189103,,,0,0,-0.025661928733760567,0,False,False,True,False,False,False,False,False,0.30337078651685395,0.06557377049180328,0.5512235491278401,-38.965864859497444,1.8141505090776335,-0.025661928733760567,-0.6852115277588239,0,1,0.0,0.0,0.016036714258483527,1,1
2026-05-19,GAVI,1.8951893825950854,0.10850704878703685,3.0,1.397983134272158,1.993354928708637,38.0,0.0026525444620189103,Maldinillo 💥,-20.673,1,1,0.7376478622469047,1,False,True,False,False,False,False,False,False,0.30337078651685395,0.06557377049180328,17.465887588806208,1.355658720391552,0.05725390429559804,0.7376478622469047,1.993354928708637,1,0,0.0,1.397983134272158,0.0,3,3
2026-05-19,A. OROZ,0.127890606523747,1.5092974441272198,50.0,0.29242599826121835,0.3043225771781998,38.0,0.0026525444620189103,Dani,-4.02379,0,1,2.286514386750787,1,False,True,False,False,False,False,False,False,0.18181818181818182,0.06557377049180328,0.0847351344072326,0.4373419940162477,11.801379974431491,2.286514386750787,0.3043225771781998,1,0,0.0,0.29242599826121835,0.0,2,2
2026-05-19,R. NAVARRO,-0.5163144266030046,2.011467585852946,1.0,0.637912603264637,-0.17338354244657025,38.0,0.0026525444620189103,,,0,0,-1.235514264003695,0,False,True,False,False,False,False,False,False,0.14035087719298245,0.06557377049180328,-0.2566853045751475,-0.8093798658010634,-3.895826608823735,-1.235514264003695,-0.17338354244657025,0,1,0.0,0.637912603264637,0.0,2,2
2026-05-19,Ó. VALENTÍN,-0.6069020049278033,1.4300074217494736,14.0,0.08513403525916731,1.0550036223028385,38.0,0.0026525444620189103,,,0,0,-0.14027664243082744,1,False,True,False,False,False,False,False,False,0.15384615384615385,0.06557377049180328,-0.42440449699262534,-7.128698579618575,-2.356244939682686,-0.14027664243082744,1.0550036223028385,1,0,0.0,0.08513403525916731,0.0,1,2
2026-05-19,L. KOUROUMA,-0.6280471160487112,-1.2129933241753998,222.0,-2.0568829157620283,-0.4804803336339225,38.0,0.0026525444620189103,,,0,0,3.7151287781927698,0,False,True,False,False,False,False,False,False,0.10227272727272728,0.06557377049180328,0.4961456377275963,0.26917021738065855,2.015542022706686,3.7151287781927698,-0.4804803336339225,0,1,-0.0,-2.333272199764763,-0.0,1,0
2026-05-19,J. JORDAN,-0.6304499695851781,-1.1601333092569024,17.0,-1.5732016687572423,-0.4292975351026971,38.0,0.0026525444620189103,,,0,0,2.495367182204097,0,False,True,False,False,False,False,False,False,0.17708333333333334,0.06557377049180328,0.5434293696974952,0.4007435174072263,1.8401700458329646,2.495367182204097,-0.4292975351026971,0,1,-0.0,-1.5732016687572423,-0.0,0,0
2026-05-19,C. TÁRREGA,-0.4872398988117562,1.1392773396977374,19.0,-0.05306060674220026,-0.3269319380402464,38.0,0.0026525444620189103,,,0,0,0.10890059654842976,0,True,False,False,False,False,False,False,False,0.22413793103448276,0.06557377049180328,-0.4276741528685836,9.182878063516373,-2.33823149686145,0.10890059654842976,-0.3269319380402464,0,1,-0.05306060674220026,-0.0,-0.0,2,1
2026-05-19,Í. LEKUE,-0.6309305402924714,-1.0279832719606588,1.0,-1.5732016687572423,,38.0,0.0026525444620189103,,,0,0,2.493466493941581,0,True,False,False,False,False,False,False,False,0.14035087719298245,0.06557377049180328,0.6137562460966421,0.4010489906483946,1.6293154881987781,2.493466493941581,,0,0,-1.5732016687572423,-0.0,-0.0,0,0
2026-05-20,G. GARCÍA,-0.2695413684078633,0.9014072725644988,15.0,-0.12215792774288405,0.6796630997405192,38.0,-0.3136633826337306,,,0,0,0.4532082836587839,1,False,False,True,False,False,False,False,False,0.17857142857142858,0.06557377049180328,-0.29902251467142676,2.2065172511148456,-3.3442384823059474,0.4532082836587839,0.6796630997405192,1,0,-0.0,-0.0,-0.12215792774288405,2,1
2026-05-20,J. PÉREZ,-0.629729113524238,-1.1337033017976537,9.0,-1.0204231007517723,0.18489604727200734,38.0,-0.3136633826337306,,,0,0,1.6204185248154666,1,False,False,True,False,False,False,False,False,0.17117117117117117,0.06557377049180328,0.5554624988638629,0.6171261020907912,1.800306001034235,1.6204185248154666,0.18489604727200734,1,0,-0.0,-0.0,-1.0204231007517723,0,0
2026-05-20,P. GUEYE,2.8426345320239483,2.4343477052009255,20.0,1.2597884922707905,-0.4804803336339225,38.0,-0.3136633826337306,,,0,0,0.4431762278626781,0,False,True,False,False,False,False,False,False,0.2376237623762376,0.06557377049180328,1.1677187109433953,2.2564361343418216,0.8563699699720831,0.4431762278626781,-0.4804803336339225,0,1,0.0,1.2597884922707905,0.0,3,3
2026-05-20,T. KUBO,1.7815344103202053,1.482867436667971,16.0,0.9143018872673718,-0.6510896620713403,38.0,-0.3136633826337306,,,0,0,0.513210055759172,0,False,True,False,False,False,False,False,False,0.12037037037037036,0.06557377049180328,1.2014109723202022,1.9485166623992372,0.832353613673863,0.513210055759172,-0.6510896620713403,0,1,0.0,0.9143018872673718,0.0,3,3
2026-05-20,H. BURCIO,-0.625163691804951,-1.1601333092569024,5.0,-0.6749364957483537,0.49199283845935954,38.0,-0.3136633826337306,,,0,0,1.0796173613618836,1,False,True,False,False,False,False,False,False,0.16049382716049382,0.06557377049180328,0.5388727534063645,0.9262569471350491,1.8557302354486322,1.0796173613618836,0.49199283845935954,1,0,-0.0,-0.6749364957483537,-0.0,1,0
2026-05-20,A. LISO,-0.6275665453414179,0.9278372800237475,9.0,0.016036714258483527,-0.5146021993214059,38.0,-0.3136633826337306,,,0,0,-0.025553847526410947,0,False,True,False,False,False,False,False,False,0.17117117117117117,0.06557377049180328,-0.6763749231443174,-39.13067256510395,-1.478470714192844,-0.025553847526410947,-0.5146021993214059,0,1,0.0,0.016036714258483527,0.0,1,1
2026-05-20,J. TOLJAN,-0.4257268482782059,1.7207375038012096,12.0,0.08513403525916731,-0.03689607969663593,38.0,-0.3136633826337306,,,0,0,-0.1999738460877607,0,True,False,False,False,False,False,False,False,0.125,0.06557377049180328,-0.24740938111034944,-5.000606941457322,-4.041891068537449,-0.1999738460877607,-0.03689607969663593,0,1,0.08513403525916731,0.0,0.0,2,2
2026-05-20,L. OREJUELA,-0.6258845478658911,-1.1865633167161511,408.0,-1.365909705755191,0.3384444428656835,38.0,-0.3136633826337306,,,0,0,2.1823703633249463,1,True,False,False,False,False,False,False,False,0.10833333333333334,0.06557377049180328,0.527477182654887,0.4582184338007046,1.8958212286647256,2.1823703633249463,0.3384444428656835,1,0,-1.365909705755191,-0.0,-0.0,1,0
2026-05-20,T. LATO,-0.6280471160487112,-0.5786731451534302,408.0,-0.5367418537469861,-0.5146021993214059,38.0,-0.3136633826337306,,,0,0,0.8546217228821402,0,True,False,False,False,False,False,False,False,0.10833333333333334,0.06557377049180328,1.0853246027285273,1.1701123766978354,0.9213863924421568,0.8546217228821402,-0.5146021993214059,0,1,-0.5367418537469861,-0.0,-0.0,1,1
2026-05-20,H. MOLDOVAN,-0.6090645731106235,-1.1601333092569024,1370.0,-0.6749364957483537,0.6455412340530357,38.0,-0.3136633826337306,,,0,0,1.1081544284471037,1,False,False,False,False,False,False,False,False,0.09649122807017543,0.06557377049180328,0.5249957856106486,0.9024041215009829,1.904781964437379,1.1081544284471037,0.6455412340530357,1,0,-0.0,-0.0,-0.0,1,0
2026-05-21,RAPHINHA,3.4300673446445993,2.735121190087179,3.0,2.1711821562698126,0.8332114953341953,38.0,-0.6299793097294802,Maldinillo 💥,-25.3641064,0,1,0.7571330763145984,1,False,False,True,False,False,False,False,False,0.30337078651685395,0.06557377049180328,1.3390994097058564,1.3207711232250587,0.7467701743924232,0.7571330763145984,0.8332114953341953,1,0,0.0,0.0,3.5400000852933537,3,3
2026-05-21,A. TCHOUAMÉNI,3.3640537494372467,2.735121190087179,15.0,1.190691171270107,0.7479068311154864,38.0,-0.6299793097294802,,,0,0,0.35394524166685776,1,False,True,False,False,False,False,False,False,0.17857142857142858,0.06557377049180328,1.1665921474817984,2.825292574023413,0.8571970573578044,0.35394524166685776,0.7479068311154864,1,0,0.0,1.190691171270107,0.0,3,3
2026-05-21,P. BARRIOS,0.894641170010306,2.011467585852946,2.0,1.6052750972742091,-2.6472188047891296,38.0,-0.6299793097294802,,,0,0,1.7943208481394488,0,False,True,False,False,False,True,False,False,0.2857142857142857,0.06557377049180328,0.4447701427218368,0.5573129578951712,2.248348729000528,1.7943208481394488,-2.6472188047891296,0,1,0.0,1.6052750972742091,0.0,3,3
2026-05-21,D. ALABA,-0.6217996968538976,-0.7636831973681714,15.0,-0.8822284587504049,0.23607884580323268,38.0,-0.6299793097294802,,,0,0,1.418832916849454,1,True,False,False,False,False,False,False,False,0.17857142857142858,0.06557377049180328,0.8142126384466808,0.7048065560491853,1.2281839785643875,1.418832916849454,0.23607884580323268,1,0,-0.8822284587504049,-0.0,-0.0,1,0
2026-05-21,U. ELGEZABAL,-0.6217996968538976,-0.20865304072394794,12.0,0.1542313562598511,0.3896272413969088,38.0,-0.6299793097294802,,,0,0,-0.24804065534426561,1,True,False,False,False,False,True,False,False,0.125,0.06557377049180328,2.980079632561824,-4.031577497307294,0.3355636507115013,-0.24804065534426561,0.3896272413969088,1,0,0.1542313562598511,0.0,0.0,1,2
2026-05-21,DAVINCHI,-0.6246831210976578,-0.4729531153164353,9.0,-0.5367418537469861,-0.30987100519650457,38.0,-0.6299793097294802,,,0,0,0.8592239726724566,0,True,False,False,False,False,False,False,False,0.17117117117117117,0.06557377049180328,1.3208168456540355,1.1638449295162592,0.757110055407681,0.8592239726724566,-0.30987100519650457,0,1,-0.5367418537469861,-0.0,-0.0,1,1
2026-05-21,F. MENDY,-0.6294888281705914,-0.9751232570421612,15.0,-0.8131311377497211,0.20195698011574914,38.0,-0.6299793097294802,,,0,0,1.291734488517167,1,True,False,False,True,False,False,False,False,0.17857142857142858,0.06557377049180328,0.6455486208262953,0.7741550816363248,1.5490740462385915,1.291734488517167,0.20195698011574914,1,0,-0.8131311377497211,-0.0,-0.0,0,0
2026-05-21,J. BOÑAR,-0.6309305402924714,-0.6315331600719277,2.0,2.1711821562698126,0.04840858452207302,38.0,-0.6299793097294802,,,0,0,-4.734635686741086,1,True,False,False,False,False,False,False,False,0.2857142857142857,0.06557377049180328,0.9990473647780855,-0.2112097564346485,1.000956715038539,-4.734635686741086,0.04840858452207302,1,0,2.987221517287883,0.0,0.0,0,3
2026-05-21,C. BALLESTERO,-0.6309305402924714,-1.2129933241753998,48.0,-2.0568829157620283,-0.6681505949150821,38.0,-0.6299793097294802,,,0,0,3.260083391892773,0,True,False,False,False,False,False,False,False,0.11224489795918367,0.06557377049180328,0.520143885264387,0.306741255031515,1.9225495823402232,3.260083391892773,-0.6681505949150821,0,1,-2.0568829157620283,-0.0,-0.0,0,0
2026-05-21,J. HERRANDO,-0.6309305402924714,0.5842471830535141,50.0,-0.3294498907449351,,38.0,-0.6299793097294802,,,0,0,0.5221658992099443,0,True,False,False,False,False,False,False,False,0.18181818181818182,0.06557377049180328,-1.0799015873613447,1.9151090139227347,-0.9260101893195278,0.5221658992099443,,0,0,-0.3294498907449351,-0.0,-0.0,0,1
2026-05-22,I. CHAIRA,0.5294074324673509,2.5400677350379204,1370.0,0.7761072452660043,-0.5487240650088896,38.0,-0.9462952368252298,,,0,0,1.4659895794422722,0,False,True,False,False,False,False,False,False,0.09649122807017543,0.06557377049180328,0.20842248288979762,0.6821309214230821,4.797935921042528,1.4659895794422722,-0.5487240650088896,0,1,0.0,0.7761072452660043,0.0,3,3
2026-05-22,V. GARCÍA,-0.5456292397478997,0.7692572352682552,12.0,0.43062064026258595,-0.2075054081340538,38.0,-0.9462952368252298,,,0,0,-0.7892198550088767,0,False,True,False,False,False,True,False,False,0.125,0.06557377049180328,-0.7092926857749248,-1.2670734322947264,-1.4098559774392916,-0.7892198550088767,-0.2075054081340538,0,1,0.0,0.43062064026258595,0.0,2,2
2026-05-22,T. ALEXANDER-ARNOLD,1.037130384722788,0.21422707862403179,15.0,-0.2603525697442513,-1.725928431227073,38.0,-0.9462952368252298,,,0,0,-0.2510314253134286,0,True,False,False,False,False,True,False,False,0.17857142857142858,0.06557377049180328,4.8412439274262535,-3.9835764606358333,0.20655731933258578,-0.2510314253134286,-1.725928431227073,0,1,-0.2603525697442513,-0.0,-0.0,3,1
2026-05-22,J. MOJICA,-0.1477166941089961,1.5621574590457172,408.0,0.016036714258483527,-1.6065019013208806,38.0,-0.9462952368252298,,,0,0,-0.10856472871901068,0,True,False,False,False,True,False,False,False,0.10833333333333334,0.06557377049180328,-0.09455935360055116,-9.210582738176537,-10.575433223046945,-0.10856472871901068,-1.6065019013208806,0,1,0.016036714258483527,0.0,0.0,2,1
2026-05-22,J. OTTO,-0.610986855939797,1.588587466504966,48.0,0.08513403525916731,-0.3781147365714717,38.0,-0.9462952368252298,,,0,0,-0.1393387988142821,0,True,False,False,False,False,False,False,False,0.11224489795918367,0.06557377049180328,-0.3846099029561896,-7.176679425571813,-2.6000396753235093,-0.1393387988142821,-0.3781147365714717,0,1,0.08513403525916731,0.0,0.0,1,2
2026-05-22,C. BALLESTERO,-0.6225205529148377,-1.2129933241753998,48.0,-2.0568829157620283,0.6967240325842611,38.0,-0.9462952368252298,,,0,0,3.3041257999544564,1,True,False,False,False,False,False,False,False,0.11224489795918367,0.06557377049180328,0.513210628383845,0.3026525480847586,1.9485224496094513,3.3041257999544564,0.6967240325842611,1,0,-2.0568829157620283,-0.0,-0.0,1,0
2026-05-22,M. RISTIĆ,-0.6263651185731846,-1.0279832719606588,5.0,-1.0895204217524561,0.42374910708439234,38.0,-0.9462952368252298,,,0,0,1.7394361992419212,1,True,False,False,False,False,False,False,False,0.16049382716049382,0.06557377049180328,0.6093150977968964,0.5749003698949183,1.6411911881260628,1.7394361992419212,0.42374910708439234,1,0,-1.0895204217524561,-0.0,-0.0,1,0
2026-05-22,DAVINCHI,-0.6287679721096513,-0.4729531153164353,9.0,-0.5367418537469861,-0.19044447529031205,38.0,-0.9462952368252298,,,0,0,0.853641933427418,0,True,False,False,False,False,False,False,False,0.17117117117117117,0.06557377049180328,1.329453768673738,1.1714554010938876,0.7521914100061168,0.853641933427418,-0.19044447529031205,0,1,-0.5367418537469861,-0.0,-0.0,0,1
2026-05-22,J. CRUZ,-0.6309305402924714,-0.4200931003979378,50.0,-0.6749364957483537,-0.6510896620713403,38.0,-0.9462952368252298,,,0,0,1.06974939774651,0,True,False,False,False,False,False,False,False,0.18181818181818182,0.06557377049180328,1.501886228507544,0.9348012428845656,0.6658320360197447,1.06974939774651,-0.6510896620713403,0,1,-0.6749364957483537,-0.0,-0.0,0,0
2026-05-22,A. TENAS,-0.35940809067172197,-0.1822230332646992,20.0,0.9143018872673718,0.9185161595529042,38.0,-0.9462952368252298,Dani,-9.426302,0,1,-2.543917220883335,1,False,False,False,False,False,False,False,False,0.2376237623762376,0.06557377049180328,1.9723635184645256,-0.3930952156849302,0.5070101230449554,-2.543917220883335,0.9185161595529042,1,0,0.0,0.0,0.0,2,3
2026-05-23,B. IGLESIAS,3.0101134235156852,2.735121190087179,5.0,1.6743724182748931,1.2426738835839983,38.0,-1.1044532003731045,,,0,0,0.5562487609089948,1,False,False,True,False,False,False,False,False,0.16049382716049382,0.06557377049180328,0.8187311499264023,1.7977551427070582,1.2214014281528718,0.5562487609089948,1.2426738835839983,1,0,0.0,0.0,1.6743724182748931,3,3
2026-05-23,A. DANJUMA,-0.6290082574632979,1.165707347156986,19.0,0.016036714258483527,-0.5657849978526314,38.0,-1.1044532003731045,,,0,0,-0.025495276991170896,0,False,False,True,False,False,False,False,False,0.22413793103448276,0.06557377049180328,-0.5395931658183359,-39.22056767725296,-1.8532494392165328,-0.025495276991170896,-0.5657849978526314,0,1,0.0,0.0,0.016036714258483527,0,1
2026-05-23,B. MÉNDEZ,0.8790226220232716,1.8528875410974532,16.0,0.7070099242653208,-0.3269319380402464,38.0,-1.1044532003731045,,,0,0,0.8043127699321408,0,False,True,False,False,False,False,False,False,0.12037037037037036,0.06557377049180328,0.47440663727275934,1.2432942573506824,2.1078927740674516,0.8043127699321408,-0.3269319380402464,0,1,0.0,0.7070099242653208,0.0,3,3
2026-05-23,L. RIOJA,0.7216357153846955,2.3550576828231793,19.0,0.5688152822639532,1.3109176149589652,38.0,-1.1044532003731045,,,0,0,0.7882294098086803,1,False,True,False,False,False,False,False,False,0.22413793103448276,0.06557377049180328,0.3064194198845264,1.2686621988254339,3.263494820337304,0.7882294098086803,1.3109176149589652,1,0,0.0,0.5688152822639532,0.0,3,2
2026-05-23,J. KOUNDÉ,1.978328114956837,1.9850375783936969,3.0,0.7070099242653208,-1.4188316400397207,38.0,-1.1044532003731045,,,0,0,0.3573773033617545,0,True,False,False,False,False,True,False,False,0.30337078651685395,0.06557377049180328,0.9966194795859887,2.7981577753025317,1.0033909744269252,0.3573773033617545,-1.4188316400397207,0,1,0.7070099242653208,0.0,0.0,3,3
2026-05-23,Á. CORTÉS,-0.5823928988558419,-1.0544132794199075,3.0,2.088956344278995,0.5772975026780686,38.0,-1.1044532003731045,,,0,0,-3.5868568027524534,1,True,False,False,False,False,False,False,False,0.30337078651685395,0.06557377049180328,0.5523388813114444,-0.2787959746764744,1.8104875453992262,-3.5868568027524534,0.5772975026780686,1,0,2.088956344278995,0.0,0.0,2,3
2026-05-23,H. RINCÓN,-0.6196371286710775,1.2449973695347323,222.0,-0.05306060674220026,,38.0,-1.1044532003731045,,,0,0,0.08563188020685367,0,True,False,False,False,False,False,False,False,0.10227272727272728,0.06557377049180328,-0.4977011567514275,11.678132702371824,-2.0092394744716646,0.08563188020685367,,0,0,-0.05306060674220026,-0.0,-0.0,1,1
2026-05-23,J. OLAIZOLA,-0.6201176993783708,-1.1337033017976537,408.0,0.016036714258483527,0.3555053757094252,38.0,-1.1044532003731045,,,0,0,-0.025860800514740784,1,True,False,False,False,False,False,False,False,0.10833333333333334,0.06557377049180328,0.5469845993918173,-38.666214485667425,1.8282095981838937,-0.025860800514740784,0.3555053757094252,1,0,0.016036714258483527,0.0,0.0,1,1
2026-05-23,X. ESPART,-0.6205982700856641,-1.0279832719606588,3.0,-0.4676445327463027,0.42374910708439234,38.0,-1.1044532003731045,,,0,0,0.7535394615605566,1,True,False,False,False,False,False,False,False,0.30337078651685395,0.06557377049180328,0.6037052262603753,1.3270754894034633,1.6564418206653746,0.7535394615605566,0.42374910708439234,1,0,-0.4676445327463027,-0.0,-0.0,1,1
2026-05-23,H. MOLDOVAN,-0.5881597473433622,-1.1601333092569024,1370.0,-0.6749364957483537,0.7479068311154864,38.0,-1.1044532003731045,,,0,0,1.1475413717758267,1,False,False,False,False,False,False,False,False,0.09649122807017543,0.06557377049180328,0.5069764393684503,0.8714310494089862,1.972483304034967,1.1475413717758267,0.7479068311154864,1,0,-0.0,-0.0,-0.0,1,0
2026-05-24,T. FERNÁNDEZ,-0.4752256311294222,0.3463771159202754,1370.0,0.4997179612632697,-1.1287957816961103,,,,,0,0,-1.0515405316337172,0,False,True,False,False,False,False,False,False,0.09649122807017543,,-1.3719851494278672,-0.9509857899489558,-0.7288702925542245,-1.0515405316337172,-1.1287957816961103,0,1,0.0,0.4997179612632697,0.0,2,2
2026-05-24,T. FERNÁNDEZ,-0.4752256311294222,0.3463771159202754,1370.0,0.4997179612632697,-0.10513981107160308,,,,,0,0,-1.0515405316337172,0,False,True,False,False,False,False,False,False,0.09649122807017543,,-1.3719851494278672,-0.9509857899489558,-0.7288702925542245,-1.0515405316337172,-0.10513981107160308,0,1,0.0,0.4997179612632697,0.0,2,2
2026-05-24,M. GÓMEZ,-0.5749440528927947,0.9278372800237475,50.0,0.08513403525916731,-0.07101794538411951,,,,,0,0,-0.1480738567599348,0,False,True,False,False,False,False,False,False,0.18181818181818182,,-0.6196597675168989,-6.753319020102067,-1.6137898794591652,-0.1480738567599348,-0.07101794538411951,0,1,0.0,0.08513403525916731,0.0,2,2
2026-05-24,Ó. TREJO,-0.591283456940769,-0.605103152612679,14.0,0.22332867726053457,-0.01983514685289414,,,,,0,0,-0.3777021872355436,0,False,True,False,False,False,False,False,False,0.15384615384615385,,0.9771630366670415,-2.647581209061537,1.0233741006682606,-0.3777021872355436,-0.01983514685289414,0,1,0.0,0.22332867726053457,0.0,1,2
2026-05-24,J. CARDOSO,-0.6294888281705914,-0.02364298850920682,2.0,0.016036714258483527,0.20195698011574914,,,,,0,0,-0.025475813098863563,1,False,True,False,True,False,False,False,False,0.2857142857142857,,26.625883348410042,-39.250532714635966,0.037559087644184856,-0.025475813098863563,0.20195698011574914,1,0,0.0,0.016036714258483527,0.0,0,1
2026-05-24,Y. HERRERA,-0.6302096842315315,-0.4465231078571866,16.0,-0.6058391747476699,-0.27574913950902097,,,,,0,0,0.9613310478043041,0,False,True,False,False,False,False,False,False,0.12037037037037036,,1.4113739793441415,1.0402277547036587,0.7085321402729816,0.9613310478043041,-0.27574913950902097,0,1,-0.0,-0.6058391747476699,-0.0,0,0
2026-05-24,F. CALERO,-0.5088655806399575,1.4564374292087223,8.0,0.43062064026258595,0.20195698011574914,,,,,0,0,-0.8462381872226783,1,True,False,False,False,False,False,False,False,0.0641025641025641,,-0.34939038302938924,-1.1816999729267197,-2.862131664532595,-0.8462381872226783,0.20195698011574914,1,0,0.43062064026258595,0.0,0.0,2,2
2026-05-24,T. CORREIA,-0.6220399822075442,0.05564703386853938,19.0,-0.6749364957483537,0.5602365698343267,,,,,0,0,1.0850389043996607,1,True,False,False,False,False,False,False,False,0.22413793103448276,,-11.178112486004911,0.9216287869373946,-0.08945907806461664,1.0850389043996607,0.5602365698343267,1,0,-0.6749364957483537,-0.0,-0.0,1,0
2026-05-24,J. DONALD,-0.6227608382684843,-0.050072995968455554,23.0,-0.6058391747476699,0.42374910708439234,,,,,0,0,0.9728295524517759,1,True,False,False,False,False,False,False,False,0.1746031746031746,,12.43730804461664,1.0279326464164504,0.08040498582515862,0.9728295524517759,0.42374910708439234,1,0,-0.6058391747476699,-0.0,-0.0,1,0
2026-05-24,F. CARDOSO,-0.6261248332195378,-0.9486932495829125,17.0,-0.3294498907449351,0.20195698011574914,,,,,0,0,0.5261736948279049,1,True,False,False,False,False,False,False,False,0.17708333333333334,,0.6599872967179929,1.9005219043347583,1.5151846955013963,0.5261736948279049,0.20195698011574914,1,0,-0.3294498907449351,-0.0,-0.0,1,1
2026-05-24,V. VALDEPEÑAS,-0.6309305402924714,-1.1601333092569024,15.0,-0.6749364957483537,,,,,,0,0,1.06974939774651,0,True,False,False,False,False,False,True,False,0.17857142857142858,,0.5438436075421434,0.9348012428845656,1.8387684125855246,1.06974939774651,,0,0,-0.6749364957483537,-0.0,-0.0,0,0
2026-05-25,K. TUNDE,-0.6309305402924714,0.05564703386853938,12.0,-0.4676445327463027,,,,,,0,0,0.7411992986245708,0,False,False,True,False,False,False,False,False,0.125,,-11.33787658667251,1.3491698187019558,-0.08819849177254221,0.7411992986245708,,0,0,-0.0,-0.0,-0.4676445327463027,0,1
2026-05-25,T. FERNÁNDEZ,-0.6309305402924714,-1.1337033017976537,3.0,0.016036714258483527,-0.4975412664776643,,,,,0,0,-0.02541759932662149,0,False,False,True,False,False,False,False,False,0.30337078651685395,,0.5565222362978686,-39.34042782678497,1.7968778277081754,-0.02541759932662149,-0.4975412664776643,0,1,0.0,0.0,0.016036714258483527,0,1
2026-05-25,T. FERNÁNDEZ,-0.6309305402924714,-1.1337033017976537,3.0,0.016036714258483527,0.014286718834589441,,,,,0,0,-0.02541759932662149,1,False,False,True,False,False,False,False,False,0.30337078651685395,,0.5565222362978686,-39.34042782678497,1.7968778277081754,-0.02541759932662149,0.014286718834589441,1,0,0.0,0.0,0.016036714258483527,0,1
2026-05-25,T. FERNÁNDEZ,-0.483635618507056,0.3463771159202754,1370.0,0.4997179612632697,-0.4975412664776643,,,,,0,0,-1.0332551520109576,0,False,True,False,False,False,False,False,False,0.09649122807017543,,-1.3962649378760772,-0.9678152241500789,-0.7161958690829778,-1.0332551520109576,-0.4975412664776643,0,1,0.0,0.4997179612632697,0.0,2,2
2026-05-25,T. FERNÁNDEZ,-0.483635618507056,0.3463771159202754,1370.0,0.4997179612632697,0.014286718834589441,,,,,0,0,-1.0332551520109576,1,False,True,False,False,False,False,False,False,0.09649122807017543,,-1.3962649378760772,-0.9678152241500789,-0.7161958690829778,-1.0332551520109576,0.014286718834589441,1,0,0.0,0.4997179612632697,0.0,2,2
2026-05-25,K. SIBO,-0.6239622650367177,0.3992371308387729,1370.0,-0.4676445327463027,0.5943584355218103,,,,,0,0,0.749476864912093,1,False,True,False,False,False,False,False,False,0.09649122807017543,,-1.5628824424305723,1.3342689919657633,-0.6398428127029318,0.749476864912093,0.5943584355218103,1,0,-0.0,-0.4676445327463027,-0.0,1,1
2026-05-25,O. EJARIA,-0.6278068306950646,-0.7108231824496739,1370.0,-0.3985472117456189,-0.13926167675908666,,,,,0,0,0.6348255977558764,0,False,True,False,False,False,True,False,False,0.09649122807017543,,0.8832122100234445,1.5752422484341073,1.1322341203214028,0.6348255977558764,-0.13926167675908666,0,1,-0.0,-0.3985472117456189,-0.0,1,1
2026-05-25,Y. ENRÍQUEZ,-0.6193968433174307,0.5313871681350165,48.0,-0.2603525697442513,0.8161505624904536,,,,,0,0,0.4203330915974918,1,True,False,False,False,False,False,False,False,0.11224489795918367,,-1.1656203138494658,2.379078581803355,-0.8579120668439632,0.4203330915974918,0.8161505624904536,1,0,-0.2603525697442513,-0.0,-0.0,1,1
2026-05-25,I. BALLIU,-0.6270859746341245,-0.28794306310169415,14.0,-0.3294498907449351,0.32138351002194165,,,,,0,0,0.5253672214633337,1,True,False,False,False,False,False,False,False,0.15384615384615385,,2.1778199679449157,1.9034393262523535,0.4591771047770612,0.5253672214633337,0.32138351002194165,1,0,-0.3294498907449351,-0.0,-0.0,1,1
2026-05-25,J. HERRANDO,-0.6275665453414179,0.6371071979720115,50.0,-0.3294498907449351,-0.3269319380402464,,,,,0,0,0.5249649111404016,0,True,False,False,False,False,False,False,False,0.18181818181818182,,-0.9850234973259395,1.9048980372111513,-1.01520423277126,0.5249649111404016,-0.3269319380402464,0,1,-0.3294498907449351,-0.0,-0.0,1,1
2026-05-25,A. ABQAR,-0.6306902549388248,0.1613670637055343,9.0,-0.4676445327463027,-0.30987100519650457,,,,,0,0,0.7414816870340736,0,True,False,False,False,False,False,False,False,0.17117117117117117,,-3.9083957535098968,1.348655997090363,-0.25585827321758714,0.7414816870340736,-0.30987100519650457,0,1,-0.4676445327463027,-0.0,-0.0,0,1
2026-05-25,L. BERGSTRÖM,-0.6309305402924714,-0.6315331600719277,408.0,0.9833992082680559,,,,,,0,0,-1.558651395229006,0,False,False,False,False,False,False,False,False,0.10833333333333334,,0.9990473647780855,-0.6415806453851105,1.000956715038539,-1.558651395229006,,0,0,0.0,0.0,0.0,0,3
2026-05-27,A. BLANCO,1.9314724709957343,2.735121190087179,48.0,0.9833992082680559,-0.8728817890399836,,,,,0,0,0.5091445588227952,0,False,True,False,False,False,False,False,False,0.11224489795918367,,0.6404492309359221,1.9640757188748246,1.5614026879435499,0.5091445588227952,-0.8728817890399836,0,1,0.0,0.9833992082680559,0.0,3,3
2026-05-27,G. RODRÍGUEZ,1.763032438089411,1.0599873173199912,19.0,1.6743724182748931,-0.2245663409777956,,,,,0,0,0.9497110957177312,0,False,True,False,False,False,False,False,False,0.22413793103448276,,1.663256480549666,1.0529505657739497,0.6012292758716439,0.9497110957177312,-0.2245663409777956,0,1,0.0,1.6743724182748931,0.0,3,3
2026-05-27,T. PITARCH,-0.4129917245349318,-0.4729531153164353,15.0,-0.12215792774288405,0.11665231589704018,,,,,0,0,0.29578855040980856,1,False,True,False,False,False,False,False,False,0.17857142857142858,,0.8732210115153283,3.3808293329396513,1.1451906476810756,0.29578855040980856,0.11665231589704018,1,0,-0.0,-0.12215792774288405,-0.0,2,1
2026-05-27,M. ROMÁN,-0.6198774140247241,0.7692572352682552,5.0,0.637912603264637,0.8843942938654207,,,,,0,0,-1.0290964276617782,1,False,True,False,True,False,False,False,False,0.16049382716049382,,-0.8058118660355463,-0.9717262821366256,-1.2409848445009122,-1.0290964276617782,0.8843942938654207,1,0,0.0,0.637912603264637,0.0,1,2
2026-05-27,D. CEBALLOS,-0.621559411500251,-0.07650300342770429,15.0,-0.19125524874356753,0.7649677639592282,,,,,0,0,0.307702776126762,1,False,True,False,False,False,False,False,False,0.17857142857142858,,8.124746851729645,3.249911652073329,0.12308256474729311,0.307702776126762,0.7649677639592282,1,0,-0.0,-0.19125524874356753,-0.0,1,1
2026-05-27,Á. MORENO,-0.3075064542840389,1.588587466504966,222.0,0.29242599826121835,-0.3269319380402464,,,,,0,0,-0.9509619884371486,0,True,False,False,False,False,False,False,False,0.10227272727272728,,-0.19357213071084425,-1.05156656571549,-5.166046469659064,-0.9509619884371486,-0.3269319380402464,0,1,0.29242599826121835,0.0,0.0,2,2
2026-05-27,L. PÉTROT,-0.6299693988778847,0.2406570860832805,23.0,-0.8822284587504049,-0.5146021993214059,,,,,0,0,1.4004328793664127,0,True,False,False,False,False,False,False,False,0.1746031746031746,,-2.61769471007877,0.7140668686170561,-0.3820145367798526,1.4004328793664127,-0.5146021993214059,0,1,-0.8822284587504049,-0.0,-0.0,0,0
2026-05-27,Í. LEKUE,-0.6302096842315315,-0.9222632421236637,1.0,-1.365909705755191,-0.599906863540115,,,,,0,0,2.1673927064663734,0,True,False,False,False,False,False,False,False,0.14035087719298245,,0.6833302453978467,0.46138492387973884,1.4634251561421436,2.1673927064663734,-0.599906863540115,0,1,-1.365909705755191,-0.0,-0.0,0,0
2026-05-27,J. SALINAS,-0.6309305402924714,-0.8694032272051663,8.0,-1.2277150637538237,-0.03689607969663593,,,,,0,0,1.9458829954050154,0,True,False,False,False,False,False,False,False,0.0641025641025641,,0.725706146763276,0.5139067466274322,1.3779719789346825,1.9458829954050154,-0.03689607969663593,0,1,-1.2277150637538237,-0.0,-0.0,0,0
2026-05-27,A. ELUSTONDO,-0.6309305402924714,-0.4465231078571866,16.0,-0.8131311377497211,,,,,,0,0,1.2887827971611363,0,True,False,False,False,False,False,False,False,0.12037037037037036,,1.412988358673307,0.7759281214671566,0.707722620897094,1.2887827971611363,,0,0,-0.8131311377497211,-0.0,-0.0,0,0
2026-05-28,T. FERNÁNDEZ,-0.623721979683071,-1.1337033017976537,3.0,0.016036714258483527,0.3555053757094252,,,,,0,0,-0.025711359375200436,1,False,False,True,False,False,False,False,False,0.30337078651685395,,0.5501638116938344,-38.89095226603994,1.8176449706304865,-0.025711359375200436,0.3555053757094252,1,0,0.0,0.0,0.016036714258483527,1,1
2026-05-28,T. FERNÁNDEZ,-0.623721979683071,-1.1337033017976537,3.0,0.016036714258483527,-0.5146021993214059,,,,,0,0,-0.025711359375200436,0,False,False,True,False,False,False,False,False,0.30337078651685395,,0.5501638116938344,-38.89095226603994,1.8176449706304865,-0.025711359375200436,-0.5146021993214059,0,1,0.0,0.0,0.016036714258483527,1,1
2026-05-28,Ó. VALENTÍN,-0.5840748963313687,1.5357274515864685,14.0,0.1542313562598511,-0.2928100723527628,,,,,0,0,-0.26406137515919637,0,False,True,False,False,False,False,False,False,0.15384615384615385,,-0.38032433125009574,-3.786980310067478,-2.62933759106945,-0.26406137515919637,-0.2928100723527628,0,1,0.0,0.1542313562598511,0.0,1,2
2026-05-28,B. PRADOS,-0.6201176993783708,-1.107273294338405,1.0,-0.6749364957483537,0.8673333610216789,,,,,0,0,1.08840238688127,1,False,True,False,False,False,False,False,False,0.14035087719298245,,0.5600408341733963,0.9187806883542226,1.7855885762282793,1.08840238688127,0.8673333610216789,1,0,-0.0,-0.6749364957483537,-0.0,1,0
2026-05-28,T. SEIDU,-0.6273262599877713,-1.1337033017976537,2.0,0.016036714258483527,0.3555053757094252,,,,,0,0,-0.025563635455706245,1,False,True,False,False,False,False,False,False,0.2857142857142857,,0.5533430239958516,-39.11569004641245,1.807201740640499,-0.025563635455706245,0.3555053757094252,1,0,0.0,0.016036714258483527,0.0,1,1
2026-05-28,N. SERRANO,-0.6309305402924714,-0.1822230332646992,1.0,-0.3985472117456189,,,,,,0,0,0.6316825989172575,0,False,True,False,False,False,False,False,False,0.14035087719298245,,3.462427287132559,1.5830800085365684,0.28881677212360124,0.6316825989172575,,0,0,-0.0,-0.3985472117456189,-0.0,0,1
2026-05-28,A. REGO,-0.6309305402924714,0.980697294942245,1.0,-0.05306060674220026,,,,,,0,0,0.08409910038069177,0,False,True,False,False,False,False,False,False,0.14035087719298245,,-0.6433482586299674,11.890976564488351,-1.5543689624797667,0.08409910038069177,,0,0,-0.0,-0.05306060674220026,-0.0,0,1
2026-05-28,Ó. MINGUEZA,1.0116601372362397,2.090757608230692,5.0,0.4997179612632697,-1.4188316400397207,,,,,0,0,0.49395785097414224,0,True,False,False,False,False,False,False,False,0.16049382716049382,,0.48387228121583997,2.024458176809627,2.0666580253764018,0.49395785097414224,-1.4188316400397207,0,1,0.4997179612632697,0.0,0.0,3,2
2026-05-28,C. TÁRREGA,-0.5057418710425506,1.271427376993981,19.0,-0.05306060674220026,-0.2586882066652792,,,,,0,0,0.10491658827735123,0,True,False,False,False,False,False,False,False,0.22413793103448276,,-0.39777456614447176,9.531579709962598,-2.5139897718233044,0.10491658827735123,-0.2586882066652792,0,1,-0.05306060674220026,-0.0,-0.0,2,1
2026-05-28,MARCÃO,-0.6309305402924714,-0.36723308547944034,17.0,-0.3294498907449351,,,,,,0,0,0.5221658992099443,0,True,False,False,True,False,False,False,False,0.17708333333333334,,1.7180703027862045,1.9151090139227347,0.5820508662650462,0.5221658992099443,,0,0,-0.3294498907449351,-0.0,-0.0,0,1
2026-05-28,L. BERGSTRÖM,-0.6309305402924714,-0.6315331600719277,408.0,0.9833992082680559,,,,,,0,0,-1.558651395229006,0,False,False,False,False,False,False,False,False,0.10833333333333334,,0.9990473647780855,-0.6415806453851105,1.000956715038539,-1.558651395229006,,0,0,0.0,0.0,0.0,0,3
2026-05-29,A. GONZÁLEZ,-0.6287679721096513,0.18779707116478303,20.0,-0.19125524874356753,-0.2928100723527628,,,,,0,0,0.30417508747615063,0,False,False,True,False,False,False,False,False,0.2376237623762376,,-3.3481066563135258,3.2876026349234175,-0.2986751523138733,0.30417508747615063,-0.2928100723527628,0,1,-0.0,-0.0,-0.19125524874356753,0,1
2026-05-29,J. JORDAN,-0.6189162726101374,-1.1601333092569024,17.0,-1.5732016687572423,0.9526380252403879,,,,,0,0,2.541869199838315,1,False,True,False,False,False,False,False,False,0.17708333333333334,,0.5334876614259375,0.3934121596191879,1.874462241599401,2.541869199838315,0.9526380252403879,1,0,-0.0,-1.5732016687572423,-0.0,1,0
2026-05-29,F. CERVI,-0.6254039771585979,-1.2129933241753998,5.0,-2.0568829157620283,0.49199283845935954,,,,,0,0,3.2888921077847972,1,False,True,False,False,False,False,False,False,0.16049382716049382,,0.5155877450286024,0.3040543904665037,1.939538774961401,3.2888921077847972,0.49199283845935954,1,0,-0.0,-2.0568829157620283,-0.0,1,0
2026-05-29,J. MORCILLO,-0.6309305402924714,-0.7636831973681714,2.0,0.29242599826121835,-0.08807887822786128,,,,,0,0,-0.463484398155874,0,False,True,False,False,False,False,False,False,0.2857142857142857,,0.8261689777067039,-2.15756597046103,1.2104096394252855,-0.463484398155874,-0.08807887822786128,0,1,0.0,0.29242599826121835,0.0,0,2
2026-05-29,J. SALAS,-0.6309305402924714,-1.107273294338405,408.0,-0.6749364957483537,,,,,,0,0,1.06974939774651,0,False,True,False,False,False,True,False,False,0.10833333333333334,,0.5698061294574812,0.9348012428845656,1.754987242830826,1.06974939774651,,0,0,-0.0,-0.6749364957483537,-0.0,0,0
2026-05-29,U. VENCEDOR,-0.6309305402924714,-0.20865304072394794,12.0,-0.3985472117456189,-0.3781147365714717,,,,,0,0,0.6316825989172575,0,False,True,False,False,False,False,False,False,0.125,,3.0238407355296797,1.5830800085365684,0.33070735700095055,0.6316825989172575,-0.3781147365714717,0,1,-0.0,-0.3985472117456189,-0.0,0,1
2026-05-29,A. CATENA,1.6863814102761199,2.5400677350379204,50.0,0.7761072452660043,-2.0159642895706833,,,,,0,0,0.4602201971134936,0,True,False,False,False,False,False,False,False,0.18181818181818182,,0.6639117229443573,2.172868824113739,1.5062228588010607,0.4602201971134936,-2.0159642895706833,0,1,0.7761072452660043,0.0,0.0,3,3
2026-05-29,M. MORENO,-0.35724552248890185,1.3242873919124785,12.0,0.29242599826121835,-0.27574913950902097,,,,,0,0,-0.8185597814737743,0,True,False,False,False,False,False,False,False,0.125,,-0.26976414251655845,-1.2216571131020626,-3.70694946611426,-0.8185597814737743,-0.27574913950902097,0,1,0.29242599826121835,0.0,0.0,2,2
2026-05-29,F. GARCÍA,-0.5103072927618376,-0.1822230332646992,15.0,0.016036714258483527,-0.2928100723527628,,,,,0,0,-0.031425664323461396,0,True,False,False,False,False,False,False,False,0.17857142857142858,,2.8004697545030433,-31.819203443651485,0.35708560887714463,-0.031425664323461396,-0.2928100723527628,0,1,0.016036714258483527,0.0,0.0,2,1
2026-05-29,T. STEGEN,-0.6309305402924714,-1.00155326450141,222.0,0.7070099242653208,-0.08807887822786128,,,,,0,0,-1.1205845963997532,0,False,False,False,False,False,False,False,False,0.10227272727272728,,0.6299526870987202,-0.8923915015147649,1.587424903321429,-1.1205845963997532,-0.08807887822786128,0,1,0.0,0.0,0.0,0,3
2026-05-30,WESLEY,-0.6309305402924714,-1.0808432868791562,16.0,-1.365909705755191,,,,,,0,0,2.1649163948196417,0,False,False,True,False,False,False,False,False,0.12037037037037036,,0.583739688899693,0.4619126722262445,1.7130966579534768,2.1649163948196417,,0,0,-0.0,-0.0,-1.365909705755191,0,0
2026-05-30,A. GÜLER,3.1377049463020725,2.735121190087179,15.0,1.2597884922707905,-0.599906863540115,,,,,0,0,0.4014998581226223,0,False,True,False,False,False,False,False,False,0.17857142857142858,,1.0685117684791914,2.4906581341985237,0.93588051180751,0.4014998581226223,-0.599906863540115,0,1,0.0,1.2597884922707905,0.0,3,3
2026-05-30,A. MOLEIRO,3.0985384336576636,2.735121190087179,20.0,1.6052750972742091,-0.5657849978526314,,,,,0,0,0.5180747676911976,0,False,True,False,False,False,False,False,False,0.2376237623762376,,0.7862596279508159,1.9302214982949313,1.2718437879378952,0.5180747676911976,-0.5657849978526314,0,1,0.0,1.6052750972742091,0.0,3,3
2026-05-30,T. ALMADA,-0.5372192523702658,0.8221172501867526,2.0,-0.05306060674220026,-0.39517566941521354,,,,,0,0,0.09876918088335802,0,False,True,False,False,False,False,False,False,0.2857142857142857,,-0.6534573977018888,10.124825368202277,-1.530322632485924,0.09876918088335802,-0.39517566941521354,0,1,-0.0,-0.05306060674220026,-0.0,2,1
2026-05-30,F. CERVI,-0.6268456892804779,-1.2129933241753998,5.0,-2.0568829157620283,-0.0027742140091523483,,,,,0,0,3.28132781682017,0,False,True,False,False,False,False,False,False,0.16049382716049382,,0.5167763033509809,0.3047553116573762,1.935077930655728,3.28132781682017,-0.0027742140091523483,0,1,-0.0,-2.0568829157620283,-0.0,1,0
2026-05-30,K. BARJA,-0.6309305402924714,0.6635372054312603,50.0,-0.2603525697442513,,,,,,0,0,0.412649199502631,0,False,True,False,False,False,False,False,False,0.18181818181818182,,-0.9508578935291362,2.4233790520727316,-1.0516819439515757,0.412649199502631,,0,0,-0.0,-0.2603525697442513,-0.0,0,1
2026-05-30,M. ALONSO,1.4864639960420811,2.1171876156899407,5.0,0.637912603264637,-1.4529535057272045,,,,,0,0,0.4291474101059679,0,True,False,False,False,False,False,False,False,0.16049382716049382,,0.702093325566876,2.330196422266018,1.4243104421074468,0.4291474101059679,-1.4529535057272045,0,1,0.637912603264637,0.0,0.0,3,2
2026-05-30,S. CARDONA,-0.35099810329408815,1.4300074217494736,20.0,0.1542313562598511,-0.27574913950902097,,,,,0,0,-0.43940919971247183,0,True,False,False,False,False,False,False,False,0.2376237623762376,,-0.2454517735389815,-2.275774758331031,-4.074128841317874,-0.43940919971247183,-0.27574913950902097,0,1,0.1542313562598511,0.0,0.0,2,2
2026-05-30,C. STARFELT,-0.6309305402924714,0.4785271532165191,5.0,0.29242599826121835,,,,,,0,0,-0.463484398155874,0,True,False,False,False,False,False,False,False,0.16049382716049382,,-1.3184815481629457,-2.15756597046103,-0.7584478498101307,-0.463484398155874,,0,0,0.29242599826121835,0.0,0.0,0,2
2026-05-30,D. CÁRDENAS,-0.6112271412934436,-0.5786731451534302,14.0,2.088956344278995,-0.0539570125403777,,,,,0,0,-3.417648891551757,0,False,False,False,False,False,False,False,False,0.15384615384615385,,1.0562581012628174,-0.29259914902877493,0.9467414857762357,-3.417648891551757,-0.0539570125403777,0,1,0.0,0.0,0.0,1,3
2026-05-31,R. LEWANDOWSKI,3.049279936160094,2.735121190087179,3.0,1.6743724182748931,-0.3781147365714717,,,,,0,0,0.5491040193834684,0,False,False,True,False,False,False,False,False,0.30337078651685395,,0.9448542716304718,1.8211468856820285,1.0583635934320974,0.5491040193834684,-0.3781147365714717,0,1,0.0,0.0,1.6743724182748931,3,3
2026-05-31,H. HASSAN,-0.5266466968098119,2.1436176231491895,1370.0,0.29242599826121835,-0.4292975351026971,,,,,0,0,-0.5552613455926945,0,False,False,True,False,False,False,False,False,0.09649122807017543,,-0.24568115387806969,-1.8009510063751724,-4.070322108647773,-0.5552613455926945,-0.4292975351026971,0,1,0.0,0.0,0.29242599826121835,2,2
2026-05-31,Á. PÉREZ,-0.2025017547404393,0.7692572352682552,48.0,1.190691171270107,-0.2928100723527628,,,,,0,0,-5.879934486151949,0,False,True,False,False,False,False,False,False,0.11224489795918367,,-0.26324288185205197,-0.17007061911260526,-3.7987870033090543,-5.879934486151949,-0.2928100723527628,0,1,0.0,1.190691171270107,0.0,2,3
2026-05-31,C. ÁLVAREZ,-0.3012590350892252,2.196477638067687,12.0,0.9143018872673718,-0.4463584679464389,,,,,0,0,-3.034946062091184,0,False,True,False,False,False,False,False,False,0.125,,-0.13715545868192575,-0.3294958807246195,-7.291017606939992,-3.034946062091184,-0.4463584679464389,0,1,0.0,0.9143018872673718,0.0,2,3
2026-05-31,M. NETO,-0.6299693988778847,0.9278372800237475,23.0,0.1542313562598511,-0.2928100723527628,,,,,0,0,-0.24482395709780333,0,False,True,False,False,False,False,False,False,0.1746031746031746,,-0.6789646562779895,-4.084547588811459,-1.4728314653186323,-0.24482395709780333,-0.2928100723527628,0,1,0.0,0.1542313562598511,0.0,0,2
2026-05-31,P. LOZANO,-0.6304499695851781,1.5621574590457172,8.0,0.1542313562598511,0.13371324874078197,,,,,0,0,-0.2446373357725242,1,False,True,False,False,False,False,False,False,0.0641025641025641,,-0.4035761967261016,-4.0876634765469975,-2.4778491748088407,-0.2446373357725242,0.13371324874078197,1,0,0.0,0.1542313562598511,0.0,0,2
2026-05-31,M. VECINO,-0.6309305402924714,-1.00155326450141,5.0,-1.1586177427531397,,,,,,0,0,1.836366295697702,0,False,True,False,False,False,False,False,False,0.16049382716049382,,0.6299526870987202,0.5445549999504025,1.587424903321429,1.836366295697702,,0,0,-0.0,-1.1586177427531397,-0.0,0,0
2026-05-31,A. BALDE,0.4078230435221302,1.4035774142902246,3.0,0.3615233192619022,-0.9411255204149508,,,,,0,0,0.8864688705934143,0,True,False,False,False,False,False,False,False,0.30337078651685395,,0.2905595008942641,1.1280653106677658,3.4416249767139115,0.8864688705934143,-0.9411255204149508,0,1,0.3615233192619022,0.0,0.0,2,2
2026-05-31,J. ÁNGEL CARMONA,-0.6081034316960368,1.3242873919124785,17.0,-0.19125524874356753,-0.3781147365714717,,,,,0,0,0.3145115670893543,0,True,False,False,False,False,False,False,False,0.17708333333333334,,-0.45919260140749313,3.179555150753163,-2.177737372664266,0.3145115670893543,-0.3781147365714717,0,1,-0.19125524874356753,-0.0,-0.0,1,1
2026-05-31,L. COSTA,-0.6196371286710775,-1.0808432868791562,20.0,-0.3294498907449351,0.9014552267091624,,,,,0,0,0.5316828304564816,1,True,False,False,False,False,False,False,False,0.2376237623762376,,0.5732909751895708,1.8808293063909904,1.7443193462544244,0.5316828304564816,0.9014552267091624,1,0,-0.3294498907449351,-0.0,-0.0,1,1
